1791641100.709862,9.37, 2184, 40
1791641101.710051,9.36, 2184, 40
1791641102.710769,9.56, 2184, 40
1791641103.711000,9.90, 2184, 40
1791641104.711245,9.92, 2184, 40
1791641105.712431,9.54, 2184, 40
1791641106.713080,6.47, 305, 39
1791641107.713480,5.31, 305, 39
1791641108.713575,5.30, 305, 39
1791641109.714255,5.30, 305, 39
1791641110.714722,4.87, 305, 39
1791641111.715362,4.84, 208, 39
1791641112.715992,4.79, 305, 39
1791641113.716335,4.81, 305, 39
1791641114.716990,4.81, 305, 39
1791641115.717569,4.74, 305, 39
1791641116.717435,4.73, 208, 39
1791641117.717847,4.81, 305, 39
1791641118.718507,4.69, 208, 39
1791641119.718598,4.73, 240, 39
1791641120.719267,4.81, 305, 39
1791641121.719340,4.81, 305, 39
1791641122.720164,4.77, 208, 38
1791641123.720832,4.77, 208, 38
1791641124.721416,4.75, 208, 38
1791641125.721354,4.76, 305, 38
1791641126.722057,4.76, 208, 38
1791641127.722126,4.88, 305, 38
1791641128.722827,4.78, 305, 38
1791641129.723252,4.75, 208, 38
1791641130.723932,4.75, 305, 38
1791641131.724495,4.69, 208, 38
1791641132.724552,4.75, 305, 38
1791641133.725249,4.74, 208, 38
1791641134.725338,4.83, 305, 38
1791641135.726040,4.82, 305, 38
1791641136.726389,4.74, 305, 38
1791641137.727064,4.64, 208, 38
1791641138.729240,4.64, 208, 38
1791641139.728966,4.70, 305, 38
1791641140.729670,4.69, 208, 38
1791641141.730190,4.89, 305, 38
1791641142.730572,4.89, 305, 38
1791641143.731230,4.80, 305, 38
1791641144.731803,4.77, 208, 38
1791641145.732189,4.72, 305, 38
1791641146.732865,4.67, 208, 38
1791641147.734347,4.74, 305, 38
1791641148.734137,4.95, 305, 38
1791641149.734680,5.02, 305, 38
1791641150.734638,4.98, 305, 38
1791641151.734827,4.89, 208, 38
1791641152.735019,4.88, 305, 38
1791641153.736001,4.84, 208, 38
1791641154.735942,4.83, 305, 38
1791641155.736468,5.05, 305, 38
1791641156.736658,5.10, 305, 38
1791641157.736875,5.10, 305, 38
1791641158.737464,5.09, 208, 38
1791641159.738065,5.10, 305, 38
1791641160.738597,5.06, 208, 38
1791641161.739033,5.10, 305, 39
1791641162.740223,5.06, 305, 39
1791641163.740291,5.02, 305, 39
1791641164.740717,4.95, 305, 39
1791641165.741463,4.95, 208, 39
1791641166.742039,4.97, 305, 38
1791641167.742087,4.99, 208, 39
1791641168.742655,4.99, 305, 39
1791641169.742870,5.00, 266, 39
1791641170.743100,5.11, 305, 39
1791641171.743475,5.33, 305, 39
1791641172.743708,5.27, 305, 39
1791641173.743917,5.07, 305, 39
1791641174.744576,5.05, 208, 39
1791641175.744718,5.05, 305, 39
1791641176.744824,5.01, 208, 39
1791641177.745014,5.17, 305, 39
1791641178.745655,5.15, 305, 39
1791641179.746226,5.02, 305, 39
1791641180.746602,4.94, 208, 39
1791641181.747238,4.93, 305, 39
1791641182.747786,4.96, 208, 39
1791641183.747984,5.01, 305, 39
1791641184.748595,5.11, 305, 39
1791641185.748981,5.13, 305, 39
1791641186.749331,5.06, 305, 39
1791641187.749518,5.17, 208, 39
1791641188.749931,7.38, 2184, 40
1791641189.749951,9.93, 2184, 40
1791641190.750374,10.16, 2184, 40
1791641191.750503,10.09, 2184, 40
1791641192.750705,10.08, 2184, 40
1791641193.750945,10.09, 2184, 40
1791641194.751405,10.09, 2184, 40
1791641195.751731,10.10, 2184, 40
1791641196.751836,10.08, 2184, 40
1791641197.752051,10.10, 2184, 40
1791641198.752482,10.10, 2184, 40
1791641199.752608,10.10, 2184, 40
1791641200.752710,10.10, 2184, 40
1791641201.752854,9.76, 2184, 40
1791641202.752945,9.53, 2184, 40
1791641203.753129,9.52, 2184, 40
1791641204.753781,9.53, 2184, 40
1791641205.753621,9.54, 2184, 40
1791641206.754127,9.67, 2184, 40
1791641207.754777,9.63, 2184, 40
1791641208.754938,9.51, 2184, 40
1791641209.755591,9.52, 2184, 40
1791641210.755983,9.54, 2184, 40
1791641211.756532,9.50, 2184, 40
1791641212.756943,9.51, 2184, 40
1791641213.757331,9.52, 2184, 40
1791641214.757919,9.53, 2184, 40
1791641215.758563,9.52, 2184, 40
1791641216.758949,9.54, 2184, 40
1791641217.759647,9.53, 2184, 40
1791641218.760256,9.53, 2184, 40
1791641219.760594,9.53, 2184, 40
1791641220.760769,9.50, 2184, 40
1791641221.761254,9.62, 2184, 41
1791641222.761496,9.66, 2184, 41
1791641223.761530,9.67, 2184, 41
1791641224.761833,9.69, 2184, 41
1791641225.762501,9.69, 2184, 41
1791641226.762457,9.67, 2184, 41
1791641227.762755,9.69, 2184, 41
1791641228.762793,9.69, 2184, 41
1791641229.762942,9.68, 2184, 41
1791641230.762990,9.70, 2184, 41
1791641231.763249,9.72, 2184, 41
1791641232.763304,9.73, 2184, 41
1791641233.763312,9.71, 2184, 41
1791641234.763485,9.70, 2184, 41
1791641235.763886,9.73, 2184, 41
1791641236.764183,11.65, 2184, 41
1791641237.764267,12.72, 2184, 42
1791641238.764964,10.71, 2184, 41
1791641239.765531,9.85, 2184, 41
1791641240.765854,12.74, 2177, 43
1791641241.766482,12.79, 2184, 41
1791641242.767058,9.63, 2184, 41
1791641243.767998,9.62, 2184, 41
1791641244.768207,9.64, 2184, 41
1791641245.768855,9.63, 2184, 41
1791641246.768898,9.62, 2184, 41
1791641247.769034,14.28, 2184, 44
1791641248.769676,31.78, 2184, 43
1791641249.770418,16.52, 2184, 43
1791641250.770411,18.19, 2184, 44
1791641251.770341,18.93, 2184, 44
1791641252.770584,21.78, 2184, 47
1791641253.770711,29.85, 2184, 43
1791641254.771418,29.92, 2177, 44
1791641255.771198,22.55, 2184, 44
1791641256.771413,10.71, 2184, 43
1791641257.771806,9.82, 2184, 43
1791641258.771999,9.80, 2184, 43
1791641259.772204,9.79, 2184, 43
1791641260.772410,9.79, 2184, 43
1791641261.773103,44.65, 2177, 54
1791641262.773026,64.80, 2171, 55
1791641263.773201,62.35, 2177, 55
1791641264.773382,66.93, 2171, 56
1791641265.773561,64.36, 2171, 52
1791641266.773742,64.13, 2171, 57
1791641267.774198,67.75, 2171, 58
1791641268.774528,64.24, 2171, 53
1791641269.774804,65.19, 2171, 58
1791641270.774916,67.72, 2171, 59
1791641271.775005,62.81, 2171, 53
1791641272.775575,57.69, 2177, 49
1791641273.775801,10.26, 2177, 47
1791641274.776225,11.10, 2177, 47
1791641275.777602,35.12, 2171, 52
1791641276.777219,38.27, 2177, 49
1791641277.777416,13.26, 2177, 47
1791641278.777600,11.13, 2177, 47
1791641279.777775,23.48, 2177, 51
1791641280.778084,37.51, 2177, 52
1791641281.778429,36.21, 2177, 52
1791641282.778854,35.43, 2177, 52
1791641283.779236,33.62, 2177, 52
1791641284.779414,33.60, 2177, 48
1791641285.779611,10.48, 2177, 47
1791641286.780064,11.93, 2177, 47
1791641287.780045,12.06, 2177, 47
1791641288.780026,12.58, 2177, 47
1791641289.780910,11.57, 2177, 46
1791641290.781584,11.26, 2177, 46
1791641291.781867,12.07, 2177, 46
1791641292.782508,11.56, 2177, 46
1791641293.782555,12.30, 2177, 46
1791641294.782748,16.78, 2177, 46
1791641295.782964,10.06, 2177, 46
1791641296.783532,10.07, 2177, 45
1791641297.784659,10.02, 2177, 45
1791641298.784901,10.00, 2177, 45
1791641299.785383,9.99, 2177, 45
1791641300.785804,9.97, 2177, 45
1791641301.786334,9.96, 2177, 45
1791641302.786829,9.95, 2177, 45
1791641303.786971,9.94, 2177, 45
1791641304.787166,9.93, 2177, 45
1791641305.787381,9.92, 2177, 45
1791641306.787567,9.93, 2177, 45
1791641307.787748,9.90, 2177, 44
1791641308.787855,9.85, 2177, 44
1791641309.787840,9.88, 2177, 44
1791641310.788028,9.77, 2177, 44
1791641311.788198,9.70, 2177, 44
1791641312.788371,9.69, 2177, 44
1791641313.788570,9.65, 2177, 44
1791641314.789003,9.65, 2177, 44
1791641315.790862,9.64, 2177, 44
1791641316.790886,9.66, 2177, 43
1791641317.792142,9.64, 2184, 43
1791641318.792425,9.65, 2184, 43
1791641319.793051,9.62, 2184, 43
1791641320.793459,9.64, 2184, 43
1791641321.794120,9.62, 2184, 43
1791641322.794499,9.63, 2184, 43
1791641323.794803,9.61, 2184, 43
1791641324.795396,9.59, 2184, 43
1791641325.795621,9.59, 2184, 43
1791641326.795786,9.58, 2184, 43
1791641327.796850,9.56, 2184, 43
1791641328.797256,9.58, 2184, 43
1791641329.797652,12.41, 2184, 43
1791641330.797848,9.59, 2184, 43
1791641331.798067,9.57, 2184, 42
1791641332.798263,9.57, 2184, 42
1791641333.798620,9.56, 2184, 42
1791641334.798836,9.53, 2184, 42
1791641335.799436,9.55, 2184, 42
1791641336.800101,9.53, 2184, 42
1791641337.800624,9.52, 2184, 42
1791641338.801709,9.53, 2184, 42
1791641339.801261,9.53, 2184, 42
1791641340.801819,9.51, 2184, 42
1791641341.801886,9.56, 2184, 42
1791641342.802598,9.52, 2184, 42
1791641343.803259,9.51, 2184, 42
1791641344.803254,9.51, 2184, 42
1791641345.803986,9.46, 2184, 42
1791641346.804537,9.49, 2184, 42
1791641347.804962,9.51, 2184, 42
1791641348.805023,9.52, 2184, 42
1791641349.805646,9.53, 2184, 42
1791641350.806274,9.50, 2184, 42
1791641351.806475,9.52, 2184, 42
1791641352.807129,9.52, 2184, 41
1791641353.807672,9.49, 2184, 41
1791641354.807931,9.48, 2184, 41
1791641355.808556,9.49, 2184, 41
1791641356.808785,9.48, 2184, 41
1791641357.809448,9.47, 2184, 41
1791641358.810000,9.45, 2184, 41
1791641359.810415,9.49, 2184, 41
1791641360.811076,9.50, 2184, 41
1791641361.811645,9.48, 2184, 41
1791641362.812046,9.48, 2184, 41
1791641363.812718,9.49, 2184, 41
1791641364.813763,9.51, 2184, 41
1791641365.813680,9.49, 2184, 41
1791641366.814360,9.46, 2184, 41
1791641367.814699,9.47, 2184, 41
1791641368.815280,9.46, 2184, 41
1791641369.815868,9.47, 2184, 41
1791641370.815995,9.47, 2184, 41
1791641371.816423,9.44, 2184, 41
1791641372.816860,9.42, 2184, 41
1791641373.817232,9.44, 2184, 41
1791641374.818434,9.43, 2184, 41
1791641375.818339,9.42, 2184, 41
1791641376.819011,9.43, 2184, 41
1791641377.819557,9.45, 2184, 41
1791641378.819982,9.45, 2184, 41
1791641379.820643,9.45, 2184, 41
1791641380.821617,9.44, 2184, 41
1791641381.822493,9.45, 2184, 41
1791641382.823361,9.44, 2184, 41
1791641383.823999,9.45, 2184, 41
1791641384.824227,9.42, 2184, 41
1791641385.824912,9.45, 2184, 41
1791641386.825967,9.42, 2184, 41
1791641387.826140,9.44, 2184, 41
1791641388.826625,9.42, 2184, 41
1791641389.826695,9.42, 2184, 41
1791641390.827295,9.43, 2184, 41
1791641391.827912,9.41, 2184, 41
1791641392.828774,9.43, 2184, 41
1791641393.829143,9.42, 2184, 41
1791641394.829753,9.43, 2184, 41
1791641395.830677,9.42, 2184, 41
1791641396.831118,9.43, 2184, 41
1791641397.831998,9.42, 2184, 41
1791641398.832300,9.43, 2184, 41
1791641399.832967,9.42, 2184, 41
1791641400.833806,9.43, 2184, 41
1791641401.834380,9.46, 2184, 41
1791641402.834819,9.43, 2184, 41
1791641403.835464,9.41, 2184, 41
1791641404.836021,9.43, 2184, 40
1791641405.836450,9.38, 2184, 40
1791641406.836704,9.38, 2184, 41
1791641407.837075,9.37, 2184, 40
1791641408.837262,9.38, 2184, 40
1791641409.837894,9.40, 2184, 40
1791641410.838549,9.39, 2184, 40
1791641411.839081,9.39, 2184, 40
1791641412.839530,9.40, 2184, 40
1791641413.839989,9.40, 2184, 40
1791641414.840912,9.39, 2184, 40
1791641415.840996,9.38, 2184, 40
1791641416.841523,9.39, 2184, 40
1791641417.841941,9.38, 2184, 40
1791641418.842115,9.37, 2184, 40
1791641419.842656,9.36, 2184, 40
1791641420.843909,9.32, 2184, 40
1791641421.843835,9.33, 2184, 40
1791641422.843951,9.36, 2184, 40
1791641423.844711,9.34, 2184, 40
1791641424.844800,9.34, 2184, 40
1791641425.845830,9.35, 2184, 40
1791641426.845770,9.36, 2184, 40
1791641427.846471,9.36, 2184, 40
1791641428.846993,9.35, 2184, 40
1791641429.847094,9.33, 2184, 40
1791641430.847793,9.31, 2184, 40
1791641431.848048,9.32, 2184, 40
1791641432.848841,9.34, 2184, 40
1791641433.849389,9.36, 2184, 40
1791641434.849432,9.34, 2184, 40
1791641435.850574,9.33, 2184, 40
1791641436.849984,9.29, 2184, 40
1791641437.850433,9.34, 2184, 40
1791641438.850635,9.34, 2184, 40
1791641439.851127,9.34, 2184, 40
1791641440.851221,9.34, 2184, 40
1791641441.851306,9.45, 2184, 40
1791641442.851514,9.34, 2184, 40
1791641443.851695,9.32, 2184, 40
1791641444.851887,9.29, 2184, 40
1791641445.851970,9.27, 2184, 40
1791641446.852101,9.31, 2184, 40
1791641447.852360,9.26, 2184, 40
1791641448.852816,9.30, 2184, 40
1791641449.852643,9.36, 2184, 40
1791641450.852915,10.99, 2184, 42
1791641451.853562,21.31, 2184, 43
1791641452.853508,36.25, 2177, 44
1791641453.853984,23.06, 2177, 44
1791641454.853965,23.06, 2177, 44
1791641455.854460,23.06, 2177, 44
1791641456.854805,23.17, 2177, 45
1791641457.855448,23.03, 2177, 45
1791641458.855604,35.20, 2177, 48
1791641459.855728,24.52, 2177, 45
1791641460.855533,23.12, 2177, 45
1791641461.856131,23.09, 2177, 46
1791641462.856578,23.14, 2177, 46
1791641463.856636,23.22, 2177, 46
1791641464.857317,22.25, 2177, 45
1791641465.857540,37.47, 2177, 47
1791641466.857708,23.29, 2177, 47
1791641467.857824,23.22, 2177, 47
1791641468.858334,23.31, 2177, 47
1791641469.858393,23.30, 2177, 47
1791641470.858052,23.24, 2177, 47
1791641471.858420,23.46, 2177, 47
1791641472.859951,23.47, 2177, 48
1791641473.860003,30.80, 2177, 50
1791641474.860549,29.15, 2177, 48
1791641475.860876,23.38, 2177, 48
1791641476.861123,23.35, 2177, 48
1791641477.861254,23.37, 2177, 48
1791641478.861465,23.53, 2177, 48
1791641479.861643,23.53, 2177, 48
1791641480.861871,23.62, 2177, 49
1791641481.862241,23.53, 2177, 49
1791641482.862441,23.58, 2177, 49
1791641483.863073,13.75, 2177, 46
1791641484.862911,22.66, 2177, 49
1791641485.862869,34.04, 2177, 51
1791641486.863118,31.46, 2177, 52
1791641487.864243,40.73, 2177, 52
1791641488.864079,40.24, 2177, 53
1791641489.864876,29.71, 2177, 55
1791641490.865098,40.89, 2177, 53
1791641491.865153,40.13, 2177, 53
1791641492.865986,34.36, 2171, 52
1791641493.866243,29.96, 2177, 51
1791641494.866911,26.89, 2177, 51
1791641495.867542,27.12, 2177, 51
1791641496.868360,27.15, 2177, 51
1791641497.868388,27.04, 2177, 51
1791641498.869053,27.12, 2177, 51
1791641499.869391,26.96, 2177, 51
1791641500.870588,26.97, 2177, 51
1791641501.870809,26.78, 2177, 51
1791641502.871800,26.56, 2177, 51
1791641503.871499,26.12, 2177, 51
1791641504.872343,25.78, 2177, 51
1791641505.873064,25.08, 2177, 51
1791641506.873506,24.98, 2177, 52
1791641507.873636,25.00, 2177, 51
1791641508.874504,24.71, 2177, 51
1791641509.874657,24.55, 2177, 52
1791641510.875335,24.50, 2177, 51
1791641511.875161,23.80, 2177, 51
1791641512.875620,28.50, 2171, 54
1791641513.876200,40.88, 2171, 55
1791641514.876015,41.03, 2171, 55
1791641515.877022,31.19, 2171, 55
1791641516.877485,41.00, 2171, 57
1791641517.877370,39.61, 2171, 54
1791641518.877819,34.39, 2171, 54
1791641519.878540,40.87, 2171, 55
1791641520.879304,28.21, 2171, 53
1791641521.879537,27.28, 2177, 53
1791641522.880480,27.11, 2171, 53
1791641523.880245,27.18, 2177, 53
1791641524.880972,27.00, 2171, 53
1791641525.881547,26.78, 2177, 53
1791641526.882263,26.61, 2171, 53
1791641527.882693,26.20, 2177, 53
1791641528.883175,26.25, 2177, 53
1791641529.883312,26.16, 2171, 53
1791641530.883406,25.87, 2177, 53
1791641531.883633,26.02, 2177, 53
1791641532.883707,26.08, 2177, 53
1791641533.883927,25.83, 2177, 53
1791641534.884044,25.98, 2177, 54
1791641535.884284,26.05, 2177, 54
1791641536.884611,26.00, 2177, 54
1791641537.884759,25.92, 2177, 53
1791641538.885044,25.90, 2177, 53
1791641539.885277,25.34, 2177, 53
1791641540.886550,25.22, 2177, 53
1791641541.886736,25.26, 2177, 53
1791641542.886863,24.86, 2177, 53
1791641543.887381,24.05, 2177, 53
1791641544.888634,30.48, 2171, 56
1791641545.888109,41.54, 2171, 56
1791641546.888769,33.06, 2171, 58
1791641547.889190,41.08, 2171, 56
1791641548.889218,41.41, 2171, 56
1791641549.889495,31.41, 2171, 56
1791641550.890015,41.10, 2171, 59
1791641551.890068,40.61, 2171, 55
1791641552.890276,28.17, 2171, 54
1791641553.890502,27.74, 2171, 54
1791641554.890741,27.35, 2171, 54
1791641555.891067,27.66, 2171, 55
1791641556.891402,27.64, 2171, 55
1791641557.891615,27.38, 2171, 55
1791641558.891837,27.49, 2171, 54
1791641559.891969,27.45, 2171, 54
1791641560.892405,27.28, 2171, 55
1791641561.892467,27.06, 2171, 54
1791641562.892573,26.91, 2171, 55
1791641563.893189,27.06, 2171, 55
1791641564.893323,26.81, 2171, 55
1791641565.893546,26.80, 2171, 55
1791641566.893761,26.36, 2171, 55
1791641567.893898,26.39, 2171, 54
1791641568.894202,26.23, 2171, 54
1791641569.894758,26.11, 2171, 55
1791641570.894994,26.29, 2171, 55
1791641571.895220,26.33, 2171, 55
1791641572.895376,25.85, 2177, 54
1791641573.895408,24.84, 2177, 54
1791641574.895619,31.34, 2171, 57
1791641575.895811,41.31, 2171, 57
1791641576.895821,39.51, 2171, 55
1791641577.897111,35.09, 2171, 57
1791641578.897348,41.50, 2171, 58
1791641579.897736,38.84, 2171, 59
1791641580.898250,36.19, 2171, 58
1791641581.897832,39.73, 2171, 57
1791641582.898535,28.01, 2171, 56
1791641583.898657,27.50, 2171, 56
1791641584.899152,27.56, 2171, 56
1791641585.899768,27.41, 2171, 56
1791641586.900106,27.36, 2171, 56
1791641587.900370,27.78, 2171, 56
1791641588.900295,27.42, 2171, 56
1791641589.901010,27.26, 2171, 55
1791641590.901204,27.05, 2171, 55
1791641591.901560,26.85, 2171, 55
1791641592.901778,26.89, 2171, 55
1791641593.901682,26.63, 2171, 55
1791641594.902319,26.56, 2171, 55
1791641595.902544,26.55, 2171, 55
1791641596.903043,26.64, 2171, 56
1791641597.903078,26.43, 2171, 55
1791641598.903273,26.39, 2171, 55
1791641599.903775,26.34, 2171, 55
1791641600.903325,26.47, 2171, 55
1791641601.904256,26.40, 2171, 55
1791641602.904598,25.88, 2177, 55
1791641603.904871,17.63, 2177, 53
1791641604.905167,20.71, 2177, 55
1791641605.905808,36.85, 2171, 58
1791641606.906705,25.88, 2177, 55
1791641607.907241,24.34, 2177, 55
1791641608.907754,24.33, 2177, 55
1791641609.907885,24.37, 2177, 55
1791641610.908330,24.40, 2177, 55
1791641611.909008,24.38, 2177, 55
1791641612.909363,26.76, 2171, 57
1791641613.909784,35.46, 2171, 55
1791641614.910038,24.47, 2177, 55
1791641615.910263,24.47, 2177, 55
1791641616.910525,24.37, 2177, 55
1791641617.910078,24.42, 2177, 55
1791641618.910350,24.35, 2177, 55
1791641619.910695,24.34, 2177, 55
1791641620.911426,30.04, 2171, 58
1791641621.911123,32.18, 2177, 55
1791641622.911353,24.44, 2177, 55
1791641623.911597,24.42, 2177, 55
1791641624.911841,24.40, 2177, 55
1791641625.912049,24.43, 2177, 55
1791641626.912323,24.41, 2177, 55
1791641627.912603,24.35, 2177, 55
1791641628.912870,27.81, 2171, 57
1791641629.913686,34.35, 2171, 55
1791641630.914324,24.32, 2177, 55
1791641631.914413,24.27, 2177, 55
1791641632.914726,24.21, 2177, 55
1791641633.914889,24.16, 2177, 55
1791641634.915695,24.19, 2177, 55
1791641635.915750,24.29, 2177, 55
1791641636.916581,12.95, 2177, 53
1791641637.916972,25.68, 2177, 56
1791641638.917758,35.15, 2171, 54
1791641639.917816,40.61, 2171, 58
1791641640.918064,41.95, 2171, 58
1791641641.918394,33.87, 2177, 57
1791641642.918489,41.53, 2171, 58
1791641643.918800,41.75, 2171, 58
1791641644.919464,35.47, 2171, 58
1791641645.919542,35.74, 2171, 56
1791641646.919683,27.06, 2171, 56
1791641647.919846,26.82, 2171, 56
1791641648.920070,26.36, 2171, 56
1791641649.920059,26.27, 2171, 56
1791641650.920306,26.47, 2171, 56
1791641651.920478,26.43, 2171, 56
1791641652.920606,26.51, 2171, 56
1791641653.920728,26.48, 2171, 56
1791641654.920882,26.32, 2171, 56
1791641655.920985,26.38, 2171, 57
1791641656.921060,26.25, 2171, 56
1791641657.921301,26.47, 2171, 56
1791641658.921428,26.34, 2171, 56
1791641659.921603,26.26, 2171, 57
1791641660.921772,26.32, 2171, 56
1791641661.922031,26.23, 2171, 56
1791641662.922713,25.31, 2177, 56
1791641663.923328,24.96, 2177, 56
1791641664.923545,24.04, 2177, 55
1791641665.923606,41.59, 2171, 59
1791641666.923949,41.83, 2171, 59
1791641667.924653,34.45, 2171, 59
1791641668.924691,41.68, 2171, 59
1791641669.925312,41.52, 2171, 60
1791641670.925681,35.45, 2171, 59
1791641671.925479,41.71, 2171, 59
1791641672.925666,32.46, 2171, 57
1791641673.925771,27.26, 2171, 57
1791641674.925916,27.17, 2171, 57
1791641675.926061,27.30, 2171, 57
1791641676.926201,26.80, 2171, 57
1791641677.926359,26.72, 2171, 57
1791641678.926486,26.69, 2171, 57
1791641679.926623,26.71, 2171, 57
1791641680.926789,26.82, 2171, 57
1791641681.926958,26.84, 2171, 57
1791641682.927103,26.70, 2171, 57
1791641683.927222,26.69, 2171, 57
1791641684.927403,26.69, 2171, 57
1791641685.927524,26.61, 2171, 57
1791641686.927635,26.67, 2171, 57
1791641687.927839,26.43, 2171, 57
1791641688.927989,26.44, 2171, 57
1791641689.928385,26.02, 2177, 57
1791641690.928542,25.84, 2171, 57
1791641691.929089,25.62, 2171, 56
1791641692.929230,32.25, 2171, 59
1791641693.929379,35.60, 2171, 59
1791641694.929967,41.78, 2171, 62
1791641695.930080,42.02, 2171, 60
1791641696.930894,33.55, 2171, 59
1791641697.931573,41.65, 2171, 59
1791641698.931634,40.45, 2171, 59
1791641699.932456,36.11, 2171, 60
1791641700.932991,30.76, 2171, 57
1791641701.933459,27.31, 2171, 57
1791641702.933956,26.86, 2171, 57
1791641703.933965,26.90, 2171, 57
1791641704.934212,26.96, 2171, 58
1791641705.934826,26.90, 2171, 57
1791641706.935013,26.75, 2171, 57
1791641707.935057,26.60, 2171, 57
1791641708.935248,26.51, 2171, 57
1791641709.935764,26.67, 2171, 57
1791641710.935981,26.63, 2171, 57
1791641711.936097,26.47, 2171, 57
1791641712.936310,26.55, 2171, 57
1791641713.937209,26.51, 2171, 57
1791641714.937783,26.56, 2171, 57
1791641715.938373,26.62, 2171, 57
1791641716.939103,26.47, 2171, 57
1791641717.939999,26.51, 2171, 57
1791641718.940796,26.57, 2171, 57
1791641719.940914,26.47, 2171, 57
1791641720.941521,26.42, 2171, 57
1791641721.941773,24.85, 2177, 57
1791641722.942112,23.53, 2177, 55
1791641723.942853,41.66, 2171, 62
1791641724.943048,41.97, 2171, 60
1791641725.943841,34.89, 2171, 60
1791641726.944517,41.84, 2171, 60
1791641727.944637,41.85, 2171, 60
1791641728.944844,38.06, 2171, 60
1791641729.945508,41.73, 2171, 60
1791641730.946188,31.61, 2171, 58
1791641731.946984,27.43, 2171, 58
1791641732.947750,27.28, 2171, 58
1791641733.948394,26.73, 2177, 58
1791641734.949049,26.18, 2177, 58
1791641735.949075,26.09, 2177, 58
1791641736.949162,26.30, 2177, 58
1791641737.949359,26.26, 2177, 57
1791641738.949482,26.20, 2177, 57
1791641739.949627,25.96, 2177, 58
1791641740.949709,26.01, 2177, 57
1791641741.949949,26.00, 2177, 57
1791641742.950584,25.93, 2177, 58
1791641743.951291,25.87, 2177, 57
1791641744.951858,25.92, 2171, 57
1791641745.952551,25.97, 2177, 57
1791641746.953167,25.93, 2177, 58
1791641747.954018,22.74, 2177, 57
1791641748.954200,24.56, 2177, 57
1791641749.954454,24.52, 2177, 57
1791641750.954829,24.56, 2177, 57
1791641751.955081,24.64, 2177, 57
1791641752.955243,24.65, 2177, 57
1791641753.955292,24.77, 2177, 57
1791641754.955443,24.54, 2171, 57
1791641755.955595,24.46, 2171, 57
1791641756.956246,24.49, 2177, 57
1791641757.956738,24.61, 2177, 57
1791641758.956941,24.64, 2177, 57
1791641759.957058,24.64, 2177, 57
1791641760.957753,24.69, 2177, 57
1791641761.957873,24.69, 2177, 57
1791641762.957993,24.60, 2177, 57
1791641763.958269,24.60, 2171, 57
1791641764.958458,24.43, 2177, 57
1791641765.958577,24.58, 2177, 57
1791641766.958690,24.60, 2177, 57
1791641767.958866,24.62, 2177, 57
1791641768.959019,24.66, 2177, 57
1791641769.959830,24.47, 2177, 57
1791641770.960425,24.47, 2177, 57
1791641771.960993,24.47, 2177, 57
1791641772.961127,24.67, 2177, 57
1791641773.961792,24.66, 2177, 57
1791641774.962423,24.72, 2177, 57
1791641775.963049,24.72, 2177, 57
1791641776.963901,24.70, 2171, 57
1791641777.964651,24.55, 2177, 57
1791641778.965222,24.63, 2171, 57
1791641779.966004,24.63, 2177, 57
1791641780.966776,24.55, 2177, 57
1791641781.967039,24.58, 2171, 57
1791641782.967713,24.66, 2177, 56
1791641783.968038,24.46, 2177, 57
1791641784.968119,24.48, 2177, 57
1791641785.968632,24.27, 2177, 57
1791641786.968782,24.64, 2171, 57
1791641787.969238,24.70, 2171, 57
1791641788.969414,24.66, 2171, 57
1791641789.969663,24.58, 2171, 56
1791641790.969794,24.45, 2171, 56
1791641791.969909,24.43, 2171, 56
1791641792.970042,24.42, 2171, 57
1791641793.970179,24.56, 2171, 57
1791641794.970336,24.64, 2171, 56
1791641795.970570,24.62, 2171, 56
1791641796.970681,24.64, 2177, 56
1791641797.970822,24.69, 2177, 56
1791641798.970964,24.65, 2177, 56
1791641799.971063,24.61, 2171, 57
1791641800.971208,24.57, 2171, 56
1791641801.971366,24.53, 2177, 56
1791641802.971463,24.58, 2177, 56
1791641803.971591,24.64, 2177, 56
1791641804.972057,24.64, 2177, 56
1791641805.972224,24.69, 2177, 56
1791641806.972399,24.70, 2177, 56
1791641807.972880,24.56, 2171, 56
1791641808.973448,24.60, 2177, 56
1791641809.973876,24.50, 2177, 56
1791641810.974137,24.63, 2177, 56
1791641811.974196,24.54, 2177, 56
1791641812.974466,24.65, 2177, 56
1791641813.974714,24.53, 2177, 57
1791641814.974693,24.38, 2177, 56
1791641815.975069,24.55, 2177, 56
1791641816.975424,24.51, 2177, 56
1791641817.975095,24.54, 2177, 56
1791641818.975250,24.57, 2171, 57
1791641819.975416,24.65, 2171, 57
1791641820.975644,24.41, 2177, 57
1791641821.975756,24.60, 2171, 56
1791641822.976058,24.55, 2177, 56
1791641823.976030,24.56, 2177, 56
1791641824.976177,24.69, 2171, 56
1791641825.976372,24.48, 2171, 56
1791641826.976538,24.40, 2177, 56
1791641827.977013,24.45, 2171, 56
1791641828.977409,24.45, 2171, 56
1791641829.977713,24.56, 2171, 56
1791641830.978041,24.63, 2177, 56
1791641831.978539,24.58, 2171, 56
1791641832.979018,24.47, 2177, 56
1791641833.979186,24.42, 2177, 56
1791641834.979335,24.36, 2177, 56
1791641835.979406,24.30, 2171, 56
1791641836.979596,24.51, 2177, 57
1791641837.979825,24.54, 2177, 56
1791641838.980022,24.49, 2177, 56
1791641839.980109,24.31, 2177, 56
1791641840.980354,24.43, 2177, 56
1791641841.980598,24.47, 2177, 56
1791641842.980603,24.41, 2171, 56
1791641843.980752,24.46, 2177, 56
1791641844.980891,24.57, 2177, 57
1791641845.980969,24.59, 2177, 56
1791641846.981159,24.52, 2177, 56
1791641847.981331,24.41, 2177, 57
1791641848.981572,24.64, 2177, 56
1791641849.982068,24.51, 2177, 56
1791641850.982182,24.66, 2177, 56
1791641851.982332,24.62, 2177, 56
1791641852.982497,24.64, 2177, 56
1791641853.982643,24.65, 2177, 56
1791641854.982817,24.60, 2177, 56
1791641855.982979,24.96, 2171, 57
1791641856.983581,24.43, 2177, 56
1791641857.983702,24.43, 2177, 57
1791641858.983802,24.56, 2171, 56
1791641859.984088,24.38, 2177, 56
1791641860.984231,24.55, 2171, 57
1791641861.984528,24.50, 2171, 56
1791641862.984977,24.57, 2171, 56
1791641863.985128,24.61, 2171, 56
1791641864.985472,24.60, 2177, 56
1791641865.985987,24.71, 2177, 56
1791641866.986130,24.78, 2177, 56
1791641867.986246,24.74, 2177, 56
1791641868.986377,24.67, 2177, 56
1791641869.986537,24.44, 2177, 56
1791641870.986742,24.50, 2177, 56
1791641871.987211,24.46, 2177, 56
1791641872.987428,24.61, 2177, 56
1791641873.987699,24.66, 2177, 56
1791641874.988313,24.68, 2177, 56
1791641875.988533,24.69, 2177, 56
1791641876.989060,24.68, 2177, 56
1791641877.989550,24.57, 2177, 56
1791641878.989680,24.56, 2177, 56
1791641879.989950,24.62, 2177, 56
1791641880.990158,24.64, 2177, 56
1791641881.990173,24.58, 2177, 56
1791641882.990315,24.57, 2177, 56
1791641883.990702,24.65, 2177, 57
1791641884.990971,24.58, 2177, 56
1791641885.990974,24.40, 2177, 56
1791641886.991502,24.46, 2177, 56
1791641887.991634,24.54, 2177, 56
1791641888.992166,24.59, 2177, 56
1791641889.992615,24.36, 2177, 57
1791641890.993161,24.26, 2177, 56
1791641891.993372,24.45, 2177, 56
1791641892.993655,24.46, 2177, 56
1791641893.993822,24.40, 2177, 57
1791641894.993880,24.66, 2177, 56
1791641895.994120,24.39, 2177, 56
1791641896.994434,24.33, 2177, 56
1791641897.994917,24.32, 2177, 56
1791641898.995170,24.40, 2177, 56
1791641899.995383,24.44, 2177, 56
1791641900.995975,24.38, 2177, 56
1791641901.996708,24.25, 2177, 56
1791641902.996615,24.42, 2177, 56
1791641903.997102,24.37, 2177, 56
1791641904.997627,24.42, 2177, 57
1791641905.997754,24.50, 2177, 56
1791641906.997943,24.46, 2177, 56
1791641907.998006,24.44, 2177, 56
1791641908.998144,24.60, 2177, 56
1791641909.998527,24.51, 2177, 56
1791641910.998674,24.57, 2177, 56
1791641911.998802,24.57, 2177, 56
1791641912.998972,24.83, 2177, 56
1791641913.999087,24.27, 2171, 56
1791641914.999296,24.48, 2177, 56
1791641915.999412,24.67, 2177, 56
1791641916.999565,24.63, 2177, 56
1791641917.999711,24.62, 2177, 57
1791641919.000140,24.65, 2177, 56
1791641920.000155,24.53, 2177, 56
1791641921.000391,24.52, 2177, 57
1791641922.000544,24.56, 2177, 56
1791641923.001054,24.58, 2177, 56
1791641924.001164,24.54, 2177, 56
1791641925.001256,24.50, 2177, 56
1791641926.001440,24.44, 2177, 56
1791641927.002296,24.44, 2177, 56
1791641928.002065,24.35, 2171, 56
1791641929.002235,24.62, 2177, 56
1791641930.002358,24.63, 2177, 56
1791641931.002547,24.58, 2177, 56
1791641932.002743,24.64, 2177, 57
1791641933.002829,24.64, 2177, 56
1791641934.003487,24.64, 2177, 56
1791641935.003226,24.66, 2177, 56
1791641936.003434,24.69, 2177, 56
1791641937.003524,24.77, 2177, 56
1791641938.004208,24.50, 2177, 56
1791641939.003999,24.47, 2177, 56
1791641940.004117,24.39, 2177, 56
1791641941.004271,24.42, 2177, 56
1791641942.004534,24.43, 2177, 56
1791641943.004967,24.41, 2177, 56
1791641944.005071,24.49, 2177, 56
1791641945.005491,24.60, 2177, 56
1791641946.005628,24.57, 2177, 56
1791641947.006336,24.50, 2177, 57
1791641948.006482,24.58, 2177, 56
1791641949.006616,24.44, 2177, 57
1791641950.007038,24.39, 2177, 57
1791641951.007315,24.51, 2177, 57
1791641952.007782,24.60, 2177, 57
1791641953.007987,24.49, 2177, 57
1791641954.008075,24.40, 2177, 57
1791641955.008235,24.43, 2177, 57
1791641956.008458,24.41, 2177, 57
1791641957.008583,24.42, 2177, 57
1791641958.008791,24.50, 2177, 57
1791641959.009045,24.59, 2177, 57
1791641960.009500,24.68, 2177, 57
1791641961.009873,24.40, 2177, 57
1791641962.010228,23.88, 2171, 57
1791641963.010665,24.23, 2171, 57
1791641964.010686,24.35, 2177, 57
1791641965.010974,24.42, 2177, 57
1791641966.011247,24.46, 2177, 57
1791641967.011485,24.32, 2177, 57
1791641968.011614,24.37, 2177, 57
1791641969.011953,24.38, 2177, 57
1791641970.012229,24.62, 2177, 57
1791641971.012402,24.55, 2171, 57
1791641972.012645,24.19, 2177, 57
1791641973.012981,24.63, 2177, 57
1791641974.013071,24.67, 2177, 57
1791641975.013277,24.63, 2177, 57
1791641976.013373,24.60, 2177, 57
1791641977.013495,24.60, 2177, 57
1791641978.013824,24.74, 2177, 57
1791641979.014000,24.48, 2177, 57
1791641980.014511,24.45, 2177, 57
1791641981.014756,24.47, 2177, 57
1791641982.014998,24.25, 2177, 57
1791641983.015138,24.37, 2177, 57
1791641984.015333,24.30, 2177, 57
1791641985.015474,24.20, 2177, 57
1791641986.015610,24.18, 2177, 57
1791641987.016108,24.19, 2177, 57
1791641988.016334,24.72, 2177, 57
1791641989.016566,24.38, 2171, 57
1791641990.016707,24.45, 2177, 57
1791641991.016966,24.67, 2177, 57
1791641992.017116,24.55, 2177, 57
1791641993.017189,24.63, 2177, 57
1791641994.017444,24.55, 2177, 57
1791641995.017561,24.80, 2177, 57
1791641996.018063,24.45, 2177, 57
1791641997.018434,24.62, 2177, 57
1791641998.018623,24.64, 2177, 57
1791641999.018738,24.26, 2177, 57
1791642000.018894,24.45, 2177, 57
1791642001.019405,24.30, 2171, 57
1791642002.019930,24.39, 2177, 57
1791642003.020431,24.40, 2171, 57
1791642004.020706,24.37, 2171, 57
1791642005.021154,24.58, 2171, 57
1791642006.021389,24.43, 2177, 57
1791642007.021670,24.53, 2177, 57
1791642008.021765,24.85, 2171, 57
1791642009.022208,24.81, 2171, 57
1791642010.022656,24.72, 2171, 57
1791642011.022882,24.60, 2171, 57
1791642012.022995,24.54, 2177, 57
1791642013.023257,24.54, 2177, 57
1791642014.023310,24.55, 2177, 57
1791642015.023615,24.53, 2177, 57
1791642016.024032,24.69, 2171, 57
1791642017.024496,24.79, 2177, 57
1791642018.025013,24.73, 2177, 57
1791642019.025886,24.75, 2177, 57
1791642020.026016,24.65, 2177, 57
1791642021.026462,24.59, 2177, 57
1791642022.026913,24.59, 2177, 57
1791642023.027422,24.58, 2177, 57
1791642024.027888,24.69, 2177, 57
1791642025.028110,24.74, 2177, 57
1791642026.028502,24.80, 2177, 57
1791642027.029032,24.69, 2171, 57
1791642028.029175,24.46, 2171, 57
1791642029.029283,24.51, 2171, 57
1791642030.029448,24.51, 2177, 57
1791642031.029597,24.79, 2177, 57
1791642032.030070,24.76, 2177, 57
1791642033.030674,24.72, 2177, 57
1791642034.031150,24.71, 2177, 57
1791642035.031300,24.73, 2171, 57
1791642036.031446,24.76, 2177, 57
1791642037.031574,24.72, 2171, 57
1791642038.031657,24.51, 2177, 57
1791642039.032201,24.56, 2171, 57
1791642040.032441,24.46, 2171, 57
1791642041.032615,24.47, 2171, 57
1791642042.032766,24.56, 2171, 57
1791642043.032754,24.46, 2171, 57
1791642044.033409,24.45, 2171, 57
1791642045.033447,24.66, 2171, 57
1791642046.033633,24.70, 2177, 57
1791642047.033725,24.67, 2177, 57
1791642048.033838,24.70, 2177, 57
1791642049.033987,24.65, 2177, 57
1791642050.034211,24.73, 2171, 57
1791642051.034460,24.64, 2171, 57
1791642052.034593,24.75, 2171, 57
1791642053.034997,24.44, 2171, 57
1791642054.035088,24.61, 2171, 57
1791642055.035355,24.46, 2177, 57
1791642056.035562,24.53, 2171, 57
1791642057.035792,24.68, 2177, 57
1791642058.036105,24.57, 2171, 57
1791642059.036249,24.60, 2171, 57
1791642060.036729,24.58, 2171, 57
1791642061.036902,24.56, 2177, 57
1791642062.037070,24.44, 2177, 57
1791642063.037244,24.52, 2171, 57
1791642064.037512,24.56, 2177, 57
1791642065.037627,24.61, 2177, 57
1791642066.038313,24.65, 2171, 57
1791642067.038564,24.71, 2171, 57
1791642068.039303,24.73, 2177, 57
1791642069.039964,24.82, 2177, 57
1791642070.040761,24.65, 2177, 57
1791642071.040843,24.60, 2177, 57
1791642072.041485,24.48, 2177, 57
1791642073.041720,24.72, 2171, 57
1791642074.041885,24.75, 2177, 57
1791642075.042356,24.84, 2177, 57
1791642076.042471,24.79, 2177, 57
1791642077.042898,24.75, 2171, 57
1791642078.043000,24.55, 2177, 57
1791642079.043013,24.56, 2177, 57
1791642080.043291,24.55, 2177, 57
1791642081.044050,24.78, 2177, 57
1791642082.044189,24.68, 2177, 57
1791642083.044312,24.63, 2171, 57
1791642084.044443,24.54, 2177, 57
1791642085.045030,24.50, 2177, 57
1791642086.045169,24.51, 2171, 57
1791642087.045854,24.52, 2171, 57
1791642088.046006,24.80, 2171, 57
1791642089.046634,24.53, 2171, 57
1791642090.047278,24.66, 2177, 57
1791642091.047956,24.59, 2177, 57
1791642092.049006,24.54, 2177, 57
1791642093.049753,24.72, 2171, 57
1791642094.049945,24.60, 2177, 57
1791642095.050621,24.67, 2177, 57
1791642096.051208,24.74, 2177, 57
1791642097.051588,24.78, 2177, 57
1791642098.052264,24.69, 2177, 57
1791642099.052832,24.70, 2177, 57
1791642100.053592,24.69, 2171, 57
1791642101.053941,24.58, 2177, 57
1791642102.054512,24.70, 2171, 57
1791642103.054988,24.66, 2177, 57
1791642104.055611,24.64, 2177, 57
1791642105.056422,24.62, 2171, 57
1791642106.056714,24.60, 2171, 57
1791642107.056852,24.44, 2171, 57
1791642108.057030,24.57, 2171, 57
1791642109.057103,24.65, 2171, 57
1791642110.057304,24.71, 2177, 57
1791642111.057357,24.67, 2171, 57
1791642112.057522,24.73, 2171, 57
1791642113.057645,24.70, 2177, 57
1791642114.058387,24.71, 2171, 57
1791642115.058493,24.55, 2171, 57
1791642116.058639,24.67, 2171, 57
1791642117.058747,24.71, 2177, 57
1791642118.058887,24.73, 2177, 57
1791642119.059026,24.64, 2177, 57
1791642120.059194,24.67, 2177, 57
1791642121.059340,24.74, 2177, 57
1791642122.059703,24.68, 2177, 57
1791642123.059805,25.33, 2171, 57
1791642124.059910,24.73, 2177, 57
1791642125.060572,24.72, 2171, 57
1791642126.060667,24.56, 2171, 57
1791642127.061608,24.65, 2177, 57
1791642128.061607,24.63, 2171, 57
1791642129.062299,24.65, 2171, 57
1791642130.062908,24.64, 2171, 57
1791642131.062979,24.69, 2171, 57
1791642132.063074,24.83, 2177, 57
1791642133.063570,24.81, 2177, 57
1791642134.063715,24.85, 2177, 57
1791642135.064582,24.86, 2171, 57
1791642136.065207,24.69, 2177, 57
1791642137.066129,24.67, 2177, 57
1791642138.066710,24.82, 2177, 57
1791642139.066725,24.83, 2177, 57
1791642140.067373,24.72, 2177, 57
1791642141.067884,24.77, 2177, 57
1791642142.068556,24.79, 2177, 57
1791642143.069096,24.84, 2177, 57
1791642144.069503,24.70, 2177, 57
1791642145.069631,24.83, 2177, 57
1791642146.069750,24.81, 2177, 57
1791642147.070261,24.76, 2177, 57
1791642148.070354,24.65, 2177, 57
1791642149.070498,24.74, 2177, 57
1791642150.070540,24.76, 2177, 57
1791642151.070667,24.68, 2177, 57
1791642152.070797,24.69, 2177, 57
1791642153.071037,24.75, 2171, 57
1791642154.071283,24.59, 2177, 57
1791642155.071373,24.51, 2177, 57
1791642156.071908,24.55, 2177, 57
1791642157.072808,24.63, 2171, 57
1791642158.072834,24.52, 2177, 57
1791642159.073588,24.47, 2177, 57
1791642160.073735,24.61, 2177, 57
1791642161.074499,24.80, 2177, 57
1791642162.075147,24.79, 2177, 57
1791642163.075979,24.63, 2177, 57
1791642164.076113,24.72, 2177, 57
1791642165.076706,24.61, 2177, 57
1791642166.077488,24.52, 2177, 57
1791642167.077555,24.67, 2177, 57
1791642168.078140,24.80, 2177, 57
1791642169.078401,24.80, 2177, 57
1791642170.078967,24.74, 2177, 57
1791642171.079600,24.46, 2177, 57
1791642172.079798,24.49, 2177, 57
1791642173.080683,24.57, 2177, 57
1791642174.080950,24.65, 2177, 57
1791642175.081069,24.75, 2177, 57
1791642176.081602,24.60, 2177, 57
1791642177.082100,24.76, 2177, 57
1791642178.082669,24.67, 2177, 57
1791642179.083401,24.73, 2177, 57
1791642180.084016,24.65, 2177, 57
1791642181.084838,24.79, 2177, 57
1791642182.085569,24.70, 2177, 57
1791642183.085692,25.21, 2177, 57
1791642184.086322,24.60, 2171, 57
1791642185.086369,24.76, 2171, 57
1791642186.087198,24.66, 2177, 57
1791642187.087843,24.70, 2171, 57
1791642188.088789,24.70, 2177, 57
1791642189.089434,24.69, 2177, 57
1791642190.089901,24.67, 2177, 57
1791642191.090716,24.72, 2177, 57
1791642192.091385,24.73, 2177, 57
1791642193.091818,24.70, 2177, 57
1791642194.092390,24.77, 2177, 57
1791642195.092810,24.77, 2177, 57
1791642196.093147,24.95, 2177, 57
1791642197.093903,24.83, 2177, 57
1791642198.094740,24.72, 2177, 57
1791642199.094907,24.80, 2177, 57
1791642200.095048,24.61, 2177, 57
1791642201.095430,24.61, 2177, 57
1791642202.096107,24.62, 2177, 57
1791642203.096607,24.79, 2177, 57
1791642204.096665,24.82, 2177, 57
1791642205.096845,24.79, 2177, 57
1791642206.097038,24.74, 2177, 57
1791642207.097179,24.66, 2177, 57
1791642208.097670,24.70, 2177, 57
1791642209.097819,24.65, 2177, 57
1791642210.097947,24.82, 2177, 57
1791642211.098170,24.74, 2177, 57
1791642212.098406,24.76, 2177, 57
1791642213.098541,24.79, 2177, 57
1791642214.098715,24.82, 2177, 57
1791642215.098850,24.79, 2177, 57
1791642216.098983,24.75, 2177, 57
1791642217.099193,24.78, 2177, 57
1791642218.099411,24.77, 2171, 57
1791642219.099574,24.53, 2177, 57
1791642220.099790,24.61, 2177, 57
1791642221.100045,24.57, 2177, 57
1791642222.100086,24.79, 2171, 57
1791642223.100228,24.65, 2177, 57
1791642224.101098,24.71, 2177, 57
1791642225.101141,24.72, 2177, 57
1791642226.101253,24.82, 2177, 57
1791642227.101520,24.81, 2177, 57
1791642228.102130,24.75, 2177, 57
1791642229.102682,24.84, 2177, 57
1791642230.103301,24.80, 2177, 57
1791642231.103404,24.82, 2171, 57
1791642232.104251,24.59, 2177, 57
1791642233.104376,24.54, 2177, 57
1791642234.104412,24.62, 2177, 57
1791642235.104553,24.60, 2177, 57
1791642236.104678,24.60, 2177, 57
1791642237.104800,24.60, 2177, 57
1791642238.104939,24.57, 2177, 57
1791642239.105136,24.77, 2177, 57
1791642240.105293,24.68, 2177, 57
1791642241.105404,25.14, 2177, 57
1791642242.105523,24.57, 2177, 57
1791642243.106153,24.53, 2177, 57
1791642244.106426,24.56, 2177, 57
1791642245.107037,24.66, 2177, 57
1791642246.107132,24.79, 2177, 57
1791642247.107716,24.75, 2177, 57
1791642248.108383,24.69, 2177, 57
1791642249.109111,24.66, 2177, 57
1791642250.109239,24.74, 2177, 57
1791642251.109489,24.84, 2171, 57
1791642252.110315,24.63, 2177, 57
1791642253.110897,24.75, 2177, 57
1791642254.111598,24.87, 2171, 57
1791642255.111727,24.86, 2177, 57
1791642256.111946,24.83, 2177, 57
1791642257.112024,24.74, 2177, 57
1791642258.112168,24.83, 2177, 57
1791642259.112273,24.59, 2177, 57
1791642260.112787,24.73, 2177, 57
1791642261.112803,24.72, 2177, 57
1791642262.113012,24.71, 2177, 57
1791642263.113173,24.64, 2177, 57
1791642264.113306,24.65, 2171, 57
1791642265.113495,24.50, 2177, 57
1791642266.113612,24.67, 2177, 57
1791642267.113732,24.74, 2177, 57
1791642268.114070,24.96, 2177, 57
1791642269.114505,24.88, 2177, 57
1791642270.114616,24.69, 2177, 57
1791642271.114755,24.79, 2171, 57
1791642272.115451,24.63, 2177, 57
1791642273.115511,24.67, 2177, 57
1791642274.115963,24.59, 2177, 57
1791642275.115967,24.72, 2177, 57
1791642276.116233,24.77, 2171, 57
1791642277.117004,24.81, 2177, 57
1791642278.117185,24.78, 2177, 57
1791642279.117316,24.80, 2177, 57
1791642280.117639,24.77, 2177, 57
1791642281.117825,24.76, 2171, 57
1791642282.118625,24.69, 2177, 57
1791642283.119114,24.58, 2177, 57
1791642284.119747,24.59, 2177, 57
1791642285.119798,24.62, 2177, 57
1791642286.120704,24.64, 2177, 57
1791642287.120803,24.69, 2177, 57
1791642288.120932,24.68, 2177, 57
1791642289.121623,24.82, 2177, 57
1791642290.122439,24.80, 2177, 57
1791642291.123188,24.74, 2177, 57
1791642292.123711,24.74, 2177, 57
1791642293.124335,24.61, 2177, 57
1791642294.124836,24.56, 2177, 57
1791642295.125557,24.61, 2177, 57
1791642296.125527,24.88, 2177, 57
1791642297.126259,24.78, 2177, 57
1791642298.127086,24.71, 2177, 57
1791642299.127202,24.65, 2177, 57
1791642300.127953,24.53, 2177, 57
1791642301.128576,24.62, 2177, 57
1791642302.128778,24.55, 2177, 57
1791642303.128861,24.80, 2177, 57
1791642304.129032,24.82, 2177, 57
1791642305.129185,24.80, 2177, 57
1791642306.129908,24.77, 2177, 57
1791642307.130103,24.60, 2177, 57
1791642308.130166,24.60, 2177, 57
1791642309.130914,24.60, 2177, 57
1791642310.130969,24.67, 2177, 57
1791642311.131793,24.75, 2177, 57
1791642312.131909,24.74, 2177, 57
1791642313.132050,24.59, 2177, 57
1791642314.132176,24.64, 2177, 57
1791642315.132299,24.68, 2177, 57
1791642316.133088,24.68, 2177, 57
1791642317.133186,24.81, 2177, 57
1791642318.133774,24.73, 2177, 57
1791642319.133957,24.79, 2177, 57
1791642320.134143,24.74, 2177, 57
1791642321.134258,24.46, 2171, 57
1791642322.134816,24.71, 2171, 57
1791642323.134896,24.55, 2171, 57
1791642324.135021,24.60, 2177, 57
1791642325.135550,24.73, 2171, 57
1791642326.135422,24.70, 2177, 57
1791642327.135652,24.72, 2171, 57
1791642328.135790,24.61, 2177, 57
1791642329.135911,24.55, 2177, 57
1791642330.136046,24.64, 2171, 57
1791642331.136146,24.68, 2177, 57
1791642332.136256,24.73, 2177, 57
1791642333.136387,24.79, 2177, 57
1791642334.136548,24.82, 2177, 57
1791642335.136741,24.66, 2177, 57
1791642336.136900,24.68, 2177, 57
1791642337.137072,24.68, 2177, 57
1791642338.137705,24.65, 2177, 57
1791642339.137980,24.73, 2177, 57
1791642340.138428,24.69, 2177, 57
1791642341.139090,24.83, 2177, 57
1791642342.139375,24.69, 2177, 57
1791642343.139587,24.78, 2177, 57
1791642344.139846,24.78, 2177, 57
1791642345.140007,24.76, 2177, 57
1791642346.140148,24.72, 2177, 57
1791642347.140276,24.66, 2177, 57
1791642348.140360,24.64, 2177, 57
1791642349.140508,24.75, 2177, 57
1791642350.140631,24.70, 2177, 57
1791642351.140961,24.73, 2177, 57
1791642352.141038,24.61, 2171, 57
1791642353.141180,24.71, 2177, 57
1791642354.141514,24.71, 2177, 57
1791642355.141729,24.70, 2171, 57
1791642356.142657,24.68, 2177, 57
1791642357.143038,24.82, 2171, 57
1791642358.142953,24.59, 2177, 57
1791642359.142986,24.62, 2177, 57
1791642360.143121,24.79, 2177, 57
1791642361.143383,24.70, 2171, 57
1791642362.143447,24.77, 2177, 57
1791642363.143636,24.76, 2177, 57
1791642364.143776,24.58, 2177, 57
1791642365.144290,24.63, 2177, 57
1791642366.144818,24.66, 2177, 57
1791642367.144943,24.68, 2171, 57
1791642368.145101,24.65, 2177, 57
1791642369.145389,24.73, 2177, 57
1791642370.145445,24.64, 2177, 57
1791642371.145557,24.51, 2171, 57
1791642372.145769,24.56, 2177, 57
1791642373.146000,24.44, 2177, 57
1791642374.146448,24.41, 2171, 57
1791642375.146838,24.62, 2177, 57
1791642376.147009,24.50, 2177, 57
1791642377.147267,24.50, 2171, 57
1791642378.147302,24.56, 2171, 57
1791642379.147462,24.58, 2177, 57
1791642380.147793,24.62, 2171, 57
1791642381.147788,24.53, 2171, 57
1791642382.147962,24.69, 2177, 57
1791642383.148118,24.64, 2177, 57
1791642384.148598,24.57, 2177, 57
1791642385.148862,24.70, 2177, 57
1791642386.148965,24.65, 2177, 56
1791642387.149027,24.74, 2177, 57
1791642388.149207,24.82, 2177, 57
1791642389.149399,24.65, 2177, 57
1791642390.149539,24.71, 2177, 57
1791642391.149700,24.60, 2177, 57
1791642392.149834,24.65, 2177, 57
1791642393.150213,24.63, 2177, 57
1791642394.150361,24.58, 2177, 57
1791642395.150443,25.04, 2177, 57
1791642396.150653,24.62, 2177, 57
1791642397.150765,24.74, 2177, 57
1791642398.150951,24.62, 2177, 57
1791642399.151140,24.65, 2177, 57
1791642400.151523,24.78, 2177, 57
1791642401.151788,24.72, 2177, 57
1791642402.151888,24.72, 2177, 57
1791642403.152384,24.73, 2177, 57
1791642404.152519,24.66, 2177, 57
1791642405.152635,24.74, 2177, 57
1791642406.152803,24.67, 2177, 57
1791642407.152898,24.60, 2171, 57
1791642408.153031,24.43, 2177, 57
1791642409.153140,24.64, 2177, 57
1791642410.153237,24.73, 2177, 57
1791642411.153363,24.78, 2177, 57
1791642412.153467,24.94, 2177, 57
1791642413.153578,24.93, 2177, 57
1791642414.153718,24.75, 2177, 57
1791642415.153816,24.79, 2177, 57
1791642416.153996,24.88, 2171, 57
1791642417.154226,24.69, 2177, 57
1791642418.154500,24.78, 2177, 57
1791642419.154637,24.65, 2177, 57
1791642420.155258,24.81, 2177, 57
1791642421.155710,24.72, 2171, 57
1791642422.156232,24.65, 2177, 57
1791642423.156385,24.92, 2177, 57
1791642424.156645,24.83, 2177, 57
1791642425.157205,24.70, 2177, 57
1791642426.157995,24.74, 2177, 57
1791642427.157669,24.63, 2177, 57
1791642428.158097,24.56, 2177, 57
1791642429.158333,24.47, 2177, 57
1791642430.158769,24.49, 2171, 57
1791642431.158914,24.44, 2177, 57
1791642432.159000,24.62, 2177, 57
1791642433.159468,24.62, 2171, 57
1791642434.159620,24.66, 2171, 57
1791642435.159766,24.62, 2171, 57
1791642436.160240,24.47, 2177, 57
1791642437.160386,24.52, 2177, 57
1791642438.160546,24.56, 2171, 57
1791642439.160712,24.80, 2171, 57
1791642440.160890,24.62, 2177, 57
1791642441.161016,24.64, 2177, 57
1791642442.161171,24.76, 2171, 57
1791642443.161490,24.76, 2177, 57
1791642444.161728,24.66, 2171, 57
1791642445.162255,24.77, 2171, 57
1791642446.162740,24.69, 2171, 57
1791642447.163010,24.70, 2177, 57
1791642448.163052,24.67, 2177, 57
1791642449.163254,24.77, 2171, 57
1791642450.163442,24.69, 2171, 57
1791642451.163683,24.64, 2177, 57
1791642452.164188,24.36, 2171, 57
1791642453.164327,24.73, 2171, 57
1791642454.164485,24.71, 2171, 57
1791642455.164615,24.64, 2177, 57
1791642456.165091,24.70, 2177, 57
1791642457.165257,24.61, 2177, 57
1791642458.165402,24.60, 2171, 57
1791642459.165541,24.59, 2171, 57
1791642460.165750,24.72, 2171, 57
1791642461.165844,24.59, 2177, 57
1791642462.165981,25.13, 2171, 57
1791642463.166153,24.54, 2177, 57
1791642464.166311,24.45, 2171, 57
1791642465.166449,24.64, 2177, 57
1791642466.166565,24.63, 2171, 57
1791642467.166789,24.67, 2171, 57
1791642468.166833,24.74, 2177, 57
1791642469.167419,24.66, 2171, 57
1791642470.168167,24.64, 2177, 57
1791642471.168177,24.72, 2177, 57
1791642472.168313,24.68, 2177, 57
1791642473.168484,24.76, 2171, 57
1791642474.168707,24.72, 2177, 57
1791642475.168782,24.85, 2177, 57
1791642476.168945,24.78, 2177, 57
1791642477.169130,24.74, 2177, 57
1791642478.169493,24.74, 2177, 57
1791642479.170289,24.73, 2177, 57
1791642480.170856,24.66, 2177, 57
1791642481.171533,24.65, 2177, 57
1791642482.172156,24.70, 2177, 57
1791642483.172365,24.85, 2177, 57
1791642484.172600,24.77, 2177, 57
1791642485.172873,24.55, 2177, 57
1791642486.173573,24.60, 2177, 57
1791642487.173616,24.63, 2171, 57
1791642488.173732,24.56, 2177, 57
1791642489.173876,24.72, 2177, 57
1791642490.173977,24.76, 2171, 57
1791642491.174161,24.80, 2177, 57
1791642492.174865,24.84, 2177, 57
1791642493.174952,24.81, 2177, 57
1791642494.175627,24.63, 2171, 57
1791642495.175629,24.61, 2171, 57
1791642496.175811,24.76, 2171, 57
1791642497.175949,24.63, 2171, 57
1791642498.176052,24.66, 2171, 57
1791642499.176128,24.60, 2171, 57
1791642500.176246,24.58, 2171, 57
1791642501.176512,24.55, 2177, 57
1791642502.176559,24.69, 2171, 57
1791642503.176703,24.69, 2177, 57
1791642504.176745,24.81, 2177, 57
1791642505.176976,24.80, 2171, 57
1791642506.177185,24.66, 2177, 57
1791642507.177294,24.57, 2177, 57
1791642508.177426,24.57, 2177, 57
1791642509.177547,24.57, 2171, 57
1791642510.177794,24.55, 2177, 57
1791642511.177949,24.77, 2177, 57
1791642512.178108,24.71, 2177, 57
1791642513.178212,24.72, 2177, 57
1791642514.178367,24.78, 2177, 57
1791642515.178495,25.06, 2171, 57
1791642516.178619,24.57, 2177, 57
1791642517.178707,24.69, 2177, 57
1791642518.178846,24.76, 2177, 57
1791642519.178971,24.77, 2177, 57
1791642520.179224,24.79, 2177, 57
1791642521.179723,24.69, 2177, 57
1791642522.179775,24.73, 2177, 57
1791642523.179948,24.65, 2177, 57
1791642524.180059,24.62, 2177, 57
1791642525.180826,24.78, 2171, 57
1791642526.181180,24.61, 2177, 57
1791642527.181623,24.58, 2177, 57
1791642528.182279,24.71, 2177, 57
1791642529.182372,24.63, 2171, 57
1791642530.182510,24.60, 2171, 57
1791642531.182691,24.55, 2177, 57
1791642532.182815,24.66, 2177, 57
1791642533.183002,24.70, 2177, 57
1791642534.183184,24.81, 2177, 57
1791642535.183317,24.62, 2177, 57
1791642536.184096,24.61, 2171, 57
1791642537.184116,24.60, 2177, 57
1791642538.184793,24.59, 2177, 57
1791642539.185436,24.63, 2177, 57
1791642540.185571,24.75, 2177, 57
1791642541.185969,24.76, 2177, 57
1791642542.186127,24.71, 2171, 57
1791642543.186320,24.66, 2171, 57
1791642544.186454,24.70, 2177, 57
1791642545.186610,24.77, 2177, 57
1791642546.186911,24.70, 2171, 57
1791642547.187033,24.68, 2177, 57
1791642548.187144,24.64, 2171, 57
1791642549.187241,24.51, 2177, 57
1791642550.187650,24.58, 2171, 57
1791642551.188416,24.64, 2177, 57
1791642552.188561,24.61, 2171, 57
1791642553.189116,24.69, 2177, 57
1791642554.189098,24.81, 2177, 57
1791642555.189937,24.83, 2171, 57
1791642556.190768,24.79, 2171, 57
1791642557.191658,24.70, 2171, 57
1791642558.191737,24.60, 2177, 57
1791642559.192190,24.73, 2171, 57
1791642560.193074,24.66, 2171, 57
1791642561.193698,24.82, 2171, 57
1791642562.194384,24.89, 2171, 57
1791642563.194951,24.80, 2171, 57
1791642564.195629,24.71, 2171, 57
1791642565.196260,24.72, 2171, 57
1791642566.196870,24.35, 2177, 57
1791642567.197009,27.94, 2171, 58
1791642568.197426,27.48, 2171, 58
1791642569.197919,26.96, 2171, 58
1791642570.198720,27.13, 2171, 58
1791642571.198654,26.90, 2171, 58
1791642572.198774,26.82, 2171, 58
1791642573.199237,26.78, 2171, 57
1791642574.199383,26.79, 2171, 58
1791642575.199847,26.85, 2171, 58
1791642576.200114,26.83, 2171, 58
1791642577.200126,26.85, 2171, 58
1791642578.200405,26.75, 2171, 58
1791642579.200564,26.47, 2171, 58
1791642580.200668,27.01, 2171, 58
1791642581.201450,26.85, 2171, 58
1791642582.201844,26.82, 2171, 58
1791642583.202380,27.07, 2171, 58
1791642584.202668,26.89, 2171, 58
1791642585.203107,26.51, 2171, 58
1791642586.203458,26.84, 2171, 58
1791642587.203766,26.99, 2171, 58
1791642588.203959,27.07, 2171, 59
1791642589.204263,27.14, 2171, 58
1791642590.204432,26.92, 2171, 58
1791642591.204571,26.73, 2171, 58
1791642592.204682,27.07, 2171, 59
1791642593.204832,26.99, 2171, 58
1791642594.204986,27.11, 2171, 58
1791642595.204999,26.81, 2171, 58
1791642596.205072,26.90, 2171, 58
1791642597.205179,26.82, 2171, 58
1791642598.205615,26.95, 2171, 58
1791642599.206409,26.81, 2171, 58
1791642600.206804,26.47, 2171, 58
1791642601.207309,26.95, 2171, 58
1791642602.207854,26.94, 2171, 58
1791642603.207670,26.81, 2171, 58
1791642604.208007,27.39, 2171, 58
1791642605.208847,27.22, 2171, 58
1791642606.209884,27.09, 2171, 58
1791642607.210578,26.91, 2171, 58
1791642608.211239,26.91, 2171, 58
1791642609.212119,27.02, 2171, 58
1791642610.212945,26.97, 2171, 58
1791642611.213530,27.00, 2171, 58
1791642612.213793,26.99, 2171, 58
1791642613.214653,26.82, 2171, 58
1791642614.214903,26.89, 2171, 58
1791642615.215526,26.95, 2171, 58
1791642616.216072,26.70, 2171, 58
1791642617.216143,26.87, 2171, 58
1791642618.217041,26.84, 2171, 58
1791642619.217845,27.11, 2171, 58
1791642620.218419,27.21, 2171, 58
1791642621.218523,27.07, 2171, 58
1791642622.218661,26.96, 2171, 58
1791642623.218795,26.93, 2171, 58
1791642624.219501,27.14, 2171, 58
1791642625.219994,27.08, 2171, 58
1791642626.220569,27.28, 2171, 58
1791642627.221073,27.04, 2171, 58
1791642628.221520,26.64, 2171, 58
1791642629.222013,26.92, 2171, 58
1791642630.222742,27.44, 2171, 58
1791642631.222909,27.62, 2171, 59
1791642632.223084,27.37, 2171, 58
1791642633.223519,27.24, 2171, 58
1791642634.223725,27.45, 2171, 59
1791642635.224222,27.32, 2171, 58
1791642636.224741,27.08, 2171, 58
1791642637.225200,26.92, 2171, 58
1791642638.225720,27.09, 2171, 58
1791642639.226028,27.08, 2171, 58
1791642640.226530,26.88, 2171, 58
1791642641.226663,27.00, 2171, 58
1791642642.227168,26.96, 2171, 58
1791642643.227286,26.83, 2171, 58
1791642644.227480,26.70, 2171, 58
1791642645.227595,26.97, 2171, 59
1791642646.227853,26.98, 2171, 58
1791642647.228237,26.99, 2171, 58
1791642648.228516,26.71, 2171, 58
1791642649.229090,27.14, 2171, 59
1791642650.229530,27.10, 2171, 58
1791642651.230213,27.07, 2171, 58
1791642652.230614,27.05, 2171, 58
1791642653.231128,26.78, 2171, 58
1791642654.231530,26.97, 2171, 58
1791642655.232087,26.97, 2171, 58
1791642656.232607,26.85, 2171, 58
1791642657.232731,27.02, 2171, 58
1791642658.232975,27.07, 2171, 58
1791642659.232936,27.17, 2171, 58
1791642660.233304,27.04, 2171, 58
1791642661.233933,27.14, 2171, 58
1791642662.234301,26.83, 2171, 58
1791642663.234736,26.84, 2171, 58
1791642664.235230,26.72, 2171, 58
1791642665.235547,26.10, 2171, 59
1791642666.236429,26.20, 2171, 59
1791642667.236945,26.02, 2171, 58
1791642668.237410,26.20, 2171, 58
1791642669.237494,25.91, 2171, 59
1791642670.238138,25.57, 2171, 58
1791642671.238224,24.75, 2177, 58
1791642672.238580,24.76, 2177, 58
1791642673.238987,24.38, 2177, 58
1791642674.239206,28.18, 2171, 58
1791642675.239825,27.05, 2171, 58
1791642676.239787,27.09, 2171, 58
1791642677.239933,27.11, 2171, 58
1791642678.240401,27.11, 2171, 58
1791642679.240642,26.68, 2171, 58
1791642680.241350,26.81, 2171, 58
1791642681.241483,26.69, 2171, 58
1791642682.241598,26.93, 2171, 58
1791642683.241692,27.21, 2171, 58
1791642684.242317,26.85, 2171, 58
1791642685.242449,26.82, 2171, 58
1791642686.242977,26.92, 2171, 58
1791642687.243100,27.24, 2171, 59
1791642688.243196,26.96, 2171, 58
1791642689.243733,27.07, 2171, 58
1791642690.243958,26.78, 2171, 58
1791642691.244175,26.95, 2171, 58
1791642692.244696,26.44, 2171, 58
1791642693.244710,27.11, 2171, 58
1791642694.244952,26.80, 2171, 58
1791642695.245155,26.64, 2171, 58
1791642696.245844,27.05, 2171, 58
1791642697.246122,26.80, 2171, 58
1791642698.246398,27.03, 2171, 58
1791642699.246646,26.95, 2171, 58
1791642700.247204,27.08, 2171, 58
1791642701.247465,26.82, 2171, 58
1791642702.247782,26.92, 2171, 58
1791642703.248298,27.74, 2171, 59
1791642704.248636,26.67, 2171, 58
1791642705.249080,26.83, 2171, 58
1791642706.249329,27.00, 2171, 58
1791642707.249633,26.95, 2171, 58
1791642708.250146,27.17, 2171, 58
1791642709.250633,26.88, 2171, 58
1791642710.250881,26.83, 2171, 58
1791642711.251405,26.58, 2171, 58
1791642712.251867,26.97, 2171, 58
1791642713.252349,27.19, 2171, 58
1791642714.252862,27.23, 2171, 58
1791642715.252994,26.68, 2171, 58
1791642716.253075,26.85, 2171, 58
1791642717.253607,26.86, 2171, 58
1791642718.253732,26.88, 2171, 58
1791642719.254205,26.90, 2171, 58
1791642720.254762,27.08, 2171, 58
1791642721.254530,26.90, 2171, 58
1791642722.255132,26.94, 2171, 58
1791642723.255614,26.94, 2171, 58
1791642724.256124,26.86, 2171, 58
1791642725.256633,26.89, 2171, 58
1791642726.257206,26.85, 2171, 59
1791642727.257763,26.72, 2171, 58
1791642728.257953,26.49, 2171, 58
1791642729.258150,26.88, 2171, 58
1791642730.258183,26.84, 2171, 59
1791642731.258694,26.78, 2171, 58
1791642732.258937,27.08, 2171, 58
1791642733.259805,26.87, 2171, 58
1791642734.259638,26.91, 2171, 58
1791642735.259972,27.22, 2171, 58
1791642736.260376,26.92, 2171, 58
1791642737.260903,27.40, 2171, 59
1791642738.261384,27.31, 2171, 58
1791642739.261880,27.07, 2171, 58
1791642740.262368,27.36, 2171, 58
1791642741.262495,27.28, 2171, 59
1791642742.263042,27.39, 2171, 59
1791642743.263562,27.50, 2171, 59
1791642744.263584,26.97, 2171, 58
1791642745.264508,27.00, 2171, 58
1791642746.264361,27.02, 2171, 58
1791642747.264529,27.20, 2171, 59
1791642748.265009,26.90, 2171, 59
1791642749.265237,27.01, 2171, 58
1791642750.265343,27.03, 2171, 58
1791642751.265546,27.00, 2171, 58
1791642752.265656,26.76, 2171, 58
1791642753.265833,26.83, 2171, 59
1791642754.265945,26.85, 2171, 59
1791642755.266186,26.80, 2171, 58
1791642756.266238,26.74, 2171, 59
1791642757.266418,27.00, 2171, 59
1791642758.266588,26.88, 2171, 59
1791642759.266851,27.20, 2171, 59
1791642760.266840,26.88, 2171, 59
1791642761.266964,27.36, 2171, 59
1791642762.267138,27.04, 2171, 59
1791642763.267658,26.65, 2171, 58
1791642764.267872,27.43, 2171, 59
1791642765.267977,27.17, 2171, 58
1791642766.268313,26.89, 2171, 59
1791642767.268222,27.03, 2171, 58
1791642768.268322,27.24, 2171, 59
1791642769.268459,27.40, 2171, 59
1791642770.268530,27.52, 2171, 59
1791642771.268706,27.13, 2171, 59
1791642772.268891,27.16, 2171, 59
1791642773.269087,26.98, 2171, 59
1791642774.269136,26.68, 2171, 58
1791642775.269537,26.53, 2171, 59
1791642776.270025,26.18, 2171, 58
1791642777.270486,26.01, 2171, 58
1791642778.270635,26.17, 2171, 58
1791642779.270791,25.86, 2171, 58
1791642780.270973,25.77, 2171, 58
1791642781.271012,25.43, 2171, 58
1791642782.271198,24.64, 2171, 58
1791642783.271332,24.74, 2177, 58
1791642784.271554,25.13, 2171, 59
1791642785.271672,28.19, 2171, 58
1791642786.271780,27.21, 2171, 58
1791642787.271978,27.12, 2171, 58
1791642788.272129,27.17, 2171, 59
1791642789.272564,26.93, 2171, 58
1791642790.273029,26.80, 2171, 58
1791642791.273155,26.77, 2171, 58
1791642792.273259,26.77, 2171, 59
1791642793.273443,27.00, 2171, 58
1791642794.273585,27.01, 2171, 58
1791642795.273831,26.89, 2171, 58
1791642796.273950,26.89, 2171, 59
1791642797.274091,26.87, 2171, 59
1791642798.274201,26.95, 2171, 59
1791642799.274619,26.91, 2171, 59
1791642800.274696,26.71, 2171, 59
1791642801.274868,26.62, 2171, 58
1791642802.274995,26.75, 2171, 58
1791642803.275153,27.00, 2171, 58
1791642804.275348,26.46, 2171, 58
1791642805.275484,26.89, 2171, 59
1791642806.275625,26.75, 2171, 59
1791642807.275995,26.92, 2171, 58
1791642808.275947,27.16, 2171, 58
1791642809.276014,27.11, 2171, 58
1791642810.276162,27.21, 2171, 59
1791642811.276323,27.26, 2171, 59
1791642812.276482,26.91, 2171, 59
1791642813.276647,27.01, 2171, 59
1791642814.276772,27.06, 2171, 59
1791642815.277261,26.94, 2171, 58
1791642816.278074,27.61, 2171, 59
1791642817.278825,26.74, 2171, 58
1791642818.278877,26.83, 2171, 58
1791642819.279010,27.16, 2171, 59
1791642820.279610,26.93, 2171, 59
1791642821.279727,26.94, 2171, 58
1791642822.280071,27.12, 2171, 59
1791642823.280018,27.17, 2171, 59
1791642824.280582,26.91, 2171, 59
1791642825.280696,27.06, 2171, 59
1791642826.281568,27.55, 2171, 59
1791642827.281574,27.31, 2171, 59
1791642828.281680,27.15, 2171, 59
1791642829.281825,27.19, 2171, 59
1791642830.282434,27.12, 2171, 59
1791642831.282509,26.68, 2171, 59
1791642832.282960,26.87, 2171, 59
1791642833.282958,27.00, 2171, 59
1791642834.283081,27.05, 2171, 59
1791642835.283286,27.04, 2171, 59
1791642836.284049,27.23, 2171, 59
1791642837.284024,27.22, 2171, 59
1791642838.284784,27.23, 2171, 59
1791642839.284883,26.92, 2171, 59
1791642840.285032,26.99, 2171, 59
1791642841.285165,27.26, 2171, 59
1791642842.285608,27.11, 2171, 59
1791642843.286456,26.88, 2171, 59
1791642844.286793,27.05, 2171, 59
1791642845.287587,27.04, 2171, 59
1791642846.287708,27.11, 2171, 59
1791642847.287884,27.37, 2171, 59
1791642848.288234,27.49, 2171, 59
1791642849.288327,27.20, 2171, 59
1791642850.288889,27.25, 2171, 59
1791642851.289785,27.28, 2171, 59
1791642852.289996,27.13, 2171, 59
1791642853.290543,27.20, 2171, 59
1791642854.290715,27.29, 2171, 59
1791642855.291309,27.26, 2171, 59
1791642856.291396,27.14, 2171, 59
1791642857.291641,26.93, 2171, 59
1791642858.291844,27.07, 2171, 59
1791642859.292010,26.74, 2171, 59
1791642860.292334,26.70, 2171, 59
1791642861.292465,26.68, 2171, 59
1791642862.292667,27.09, 2171, 59
1791642863.292874,27.20, 2171, 59
1791642864.293112,27.09, 2171, 59
1791642865.293243,27.40, 2171, 59
1791642866.293389,27.05, 2171, 59
1791642867.293493,27.11, 2171, 59
1791642868.293736,26.97, 2171, 59
1791642869.293976,27.06, 2171, 59
1791642870.294197,27.07, 2171, 59
1791642871.295063,27.19, 2171, 59
1791642872.295887,27.34, 2171, 59
1791642873.296649,27.18, 2171, 59
1791642874.297460,27.38, 2171, 59
1791642875.297989,26.30, 2171, 59
1791642876.298615,26.19, 2177, 59
1791642877.298850,26.13, 2177, 59
1791642878.299008,26.10, 2171, 59
1791642879.299054,26.17, 2171, 59
1791642880.299964,26.22, 2171, 59
1791642881.299972,26.11, 2171, 59
1791642882.300104,26.03, 2171, 59
1791642883.300241,25.98, 2171, 59
1791642884.300377,25.31, 2177, 58
1791642885.301074,24.88, 2177, 58
1791642886.301111,24.90, 2177, 58
1791642887.301652,18.96, 2177, 56
1791642888.302252,11.10, 2177, 56
1791642889.302935,11.03, 2177, 55
1791642890.303673,10.99, 2177, 55
1791642891.305252,10.93, 2177, 54
1791642892.305320,10.89, 2177, 54
1791642893.305548,10.84, 2177, 54
1791642894.306389,10.82, 2177, 54
1791642895.307235,10.79, 2177, 53
1791642896.308043,10.74, 2177, 53
1791642897.308112,10.72, 2177, 53
1791642898.308988,10.72, 2177, 53
1791642899.309750,10.81, 2177, 52
1791642900.309842,11.09, 2177, 52
1791642901.310662,11.61, 2177, 52
1791642902.311231,10.64, 2177, 52
1791642903.312113,6.63, 305, 51
1791642904.312953,6.25, 305, 51
1791642905.314219,5.65, 305, 51
1791642906.314601,5.65, 305, 51
1791642907.315403,5.40, 305, 50
1791642908.316217,5.44, 208, 50
1791642909.317044,5.41, 208, 50
1791642910.317845,5.41, 305, 50
1791642911.318440,5.35, 208, 49
1791642912.319243,5.49, 305, 49
1791642913.319332,5.53, 305, 49
1791642914.320051,5.36, 305, 49
1791642915.320848,5.37, 208, 49
1791642916.321469,5.34, 208, 48
1791642917.322315,5.32, 305, 48
1791642918.322225,5.33, 208, 48
1791642919.322537,5.49, 305, 48
1791642920.322651,5.52, 305, 48
1791642921.322754,5.43, 305, 48
1791642922.323177,5.42, 208, 48
1791642923.323478,5.46, 305, 48
1791642924.323657,5.38, 208, 48
1791642925.323869,5.27, 305, 48
1791642926.324233,5.36, 305, 47
1791642927.324663,5.55, 305, 47
1791642928.324763,5.55, 305, 47
1791642929.325200,5.48, 305, 47
1791642930.325702,5.47, 208, 47
1791642931.325855,5.54, 305, 47
1791642932.326083,5.49, 208, 47
1791642933.326162,5.55, 305, 47
1791642934.327058,5.53, 305, 47
1791642935.327608,5.53, 305, 47
1791642936.328003,5.34, 305, 47
1791642937.328915,5.32, 208, 47
1791642938.329654,5.41, 305, 47
1791642939.330450,5.35, 208, 47
1791642940.330572,5.49, 273, 47
1791642941.331046,5.61, 305, 47
1791642942.331149,5.61, 305, 47
1791642943.331471,5.36, 305, 47
1791642944.331984,5.34, 208, 46
1791642945.332442,5.36, 305, 46
1791642946.332965,5.34, 208, 46
1791642947.333387,5.40, 208, 46
1791642948.334225,5.45, 305, 46
1791642949.334299,5.47, 305, 46
1791642950.334972,5.39, 305, 46
1791642951.335282,5.36, 208, 46
1791642952.335873,5.38, 305, 46
1791642953.336012,5.32, 208, 46
1791642954.337019,5.35, 305, 46
1791642955.337060,5.43, 305, 46
1791642956.337495,5.47, 305, 46
1791642957.337598,5.51, 234, 46
1791642958.337685,10.41, 2177, 46
1791642959.337935,10.55, 2177, 46
1791642960.338155,10.76, 2177, 46
1791642961.338351,10.68, 2177, 46
1791642962.338554,10.73, 2177, 46
1791642963.338773,10.68, 2177, 46
1791642964.338977,10.69, 2177, 46
1791642965.339180,10.68, 2177, 46
1791642966.339399,10.67, 2177, 46
1791642967.339604,10.67, 2177, 46
1791642968.339821,10.68, 2177, 46
1791642969.339948,10.68, 2177, 46
1791642970.340431,10.68, 2177, 46
1791642971.340509,10.35, 2177, 46
1791642972.341333,10.12, 2177, 46
1791642973.341646,10.11, 2177, 46
1791642974.342169,10.10, 2177, 46
1791642975.342777,10.11, 2177, 46
1791642976.343169,10.22, 2177, 46
1791642977.343916,10.22, 2177, 46
1791642978.344705,10.10, 2177, 46
1791642979.345461,10.10, 2177, 46
1791642980.345907,10.09, 2177, 46
1791642981.346036,10.09, 2177, 46
1791642982.346229,10.09, 2177, 46
1791642983.346874,10.09, 2177, 46
1791642984.347647,10.09, 2177, 46
1791642985.347898,10.10, 2177, 46
1791642986.348684,10.09, 2177, 46
1791642987.349486,10.09, 2177, 46
1791642988.349685,10.09, 2177, 46
1791642989.350072,10.09, 2177, 46
1791642990.350046,10.09, 2177, 46
1791642991.350161,10.17, 2177, 46
1791642992.350419,10.17, 2177, 46
1791642993.350430,10.17, 2177, 46
1791642994.350653,10.16, 2177, 46
1791642995.350653,10.16, 2177, 46
1791642996.350840,10.18, 2177, 46
1791642997.350965,10.18, 2177, 46
1791642998.351151,10.17, 2177, 46
1791642999.351236,10.16, 2177, 46
1791643000.351336,10.16, 2177, 46
1791643001.351519,10.15, 2177, 46
1791643002.351598,10.16, 2177, 46
1791643003.351676,10.14, 2177, 46
1791643004.351747,10.15, 2177, 46
1791643005.351952,10.40, 2177, 47
1791643006.352321,13.27, 2177, 47
1791643007.353006,12.45, 2177, 46
1791643008.353362,10.33, 2177, 46
1791643009.353850,10.57, 2177, 46
1791643010.354313,15.80, 2177, 46
1791643011.354517,10.10, 2177, 46
1791643012.354619,10.07, 2177, 46
1791643013.355097,10.06, 2177, 46
1791643014.355474,10.06, 2177, 46
1791643015.356012,10.04, 2177, 46
1791643016.356818,11.11, 2177, 46
1791643017.357595,26.74, 2177, 50
1791643018.358317,22.36, 2177, 47
1791643019.358917,18.32, 2177, 48
1791643020.359316,19.24, 2177, 48
1791643021.360206,19.44, 2177, 48
1791643022.360339,34.88, 2177, 53
1791643023.361130,28.29, 2177, 54
1791643024.361218,25.40, 2177, 48
1791643025.361787,14.16, 2177, 48
1791643026.362263,10.35, 2177, 47
1791643027.362738,10.22, 2177, 47
1791643028.363483,10.21, 2177, 47
1791643029.364246,10.19, 2177, 47
1791643030.365022,27.06, 2171, 57
1791643031.365623,62.32, 2171, 53
1791643032.365901,65.96, 2171, 59
1791643033.366288,67.89, 2171, 60
1791643034.366432,62.59, 2171, 55
1791643035.367205,68.22, 2171, 61
1791643036.368000,67.92, 2171, 62
1791643037.368633,63.79, 2177, 60
1791643038.368589,68.76, 2171, 62
1791643039.369425,66.84, 2177, 58
1791643040.369955,64.98, 2177, 61
1791643041.370004,69.40, 2177, 64
1791643042.370592,20.32, 2177, 52
1791643043.371361,10.69, 2177, 51
1791643044.371708,32.74, 2171, 56
1791643045.372353,42.12, 2171, 54
1791643046.372467,14.38, 2177, 51
1791643047.373613,11.63, 2177, 51
1791643048.374077,24.55, 2177, 55
1791643049.374480,37.96, 2177, 55
1791643050.375184,35.91, 2177, 56
1791643051.375653,36.37, 2177, 56
1791643052.375650,35.12, 2171, 56
1791643053.376603,32.59, 2177, 52
1791643054.376911,10.91, 2177, 51
1791643055.377005,12.46, 2177, 51
1791643056.377317,12.98, 2177, 51
1791643057.377423,12.45, 2177, 50
1791643058.377650,12.14, 2177, 50
1791643059.377762,11.50, 2177, 50
1791643060.377961,12.82, 2177, 50
1791643061.378176,11.65, 2177, 49
1791643062.378272,12.63, 2177, 49
1791643063.378378,17.12, 2177, 49
1791643064.378482,10.40, 2177, 49
1791643065.378625,10.40, 2177, 49
1791643066.379256,10.36, 2177, 49
1791643067.379559,10.34, 2177, 49
1791643068.380024,10.32, 2177, 48
1791643069.380245,10.31, 2177, 48
1791643070.380337,10.30, 2177, 48
1791643071.380786,10.28, 2177, 48
1791643072.381281,10.27, 2177, 48
1791643073.381780,10.25, 2177, 48
1791643074.382270,10.27, 2177, 48
1791643075.382524,10.25, 2177, 48
1791643076.382985,10.24, 2177, 48
1791643077.383212,10.22, 2177, 47
1791643078.383697,10.21, 2177, 47
1791643079.384489,10.07, 2177, 47
1791643080.384531,10.02, 2177, 47
1791643081.385415,12.94, 2177, 47
1791643082.385421,10.05, 2177, 47
1791643083.386286,9.98, 2177, 47
1791643084.387107,9.98, 2177, 47
1791643085.387879,9.92, 2177, 47
1791643086.388723,9.93, 2177, 46
1791643087.389591,9.93, 2177, 46
1791643088.390511,9.90, 2177, 46
1791643089.391323,9.89, 2177, 46
1791643090.391974,9.88, 2177, 46
1791643091.392298,9.86, 2177, 46
1791643092.392373,9.85, 2177, 46
1791643093.392824,9.85, 2177, 46
1791643094.393149,9.84, 2177, 46
1791643095.393875,9.88, 2177, 46
1791643096.394684,9.87, 2177, 45
1791643097.395575,9.85, 2177, 45
1791643098.396385,9.84, 2177, 45
1791643099.397159,9.82, 2177, 45
1791643100.397522,9.84, 2177, 45
1791643101.397629,9.82, 2177, 45
1791643102.398188,9.79, 2177, 45
1791643103.398576,9.79, 2177, 45
1791643104.399249,9.76, 2177, 45
1791643105.399692,9.76, 2177, 45
1791643106.400097,9.77, 2177, 45
1791643107.400319,9.75, 2177, 45
1791643108.400402,9.74, 2177, 45
1791643109.400581,9.75, 2177, 45
1791643110.400773,9.72, 2177, 44
1791643111.400866,9.74, 2177, 44
1791643112.401060,9.72, 2177, 44
1791643113.401246,9.69, 2177, 44
1791643114.401427,9.69, 2177, 44
1791643115.401615,9.71, 2177, 44
1791643116.402312,9.69, 2177, 44
1791643117.403123,9.67, 2177, 44
1791643118.403949,9.65, 2177, 44
1791643119.404573,9.69, 2177, 44
1791643120.405517,9.68, 2177, 44
1791643121.406279,9.68, 2177, 44
1791643122.406622,9.64, 2177, 44
1791643123.406734,9.67, 2177, 44
1791643124.407442,9.62, 2177, 44
1791643125.408540,9.64, 2177, 44
1791643126.408830,9.64, 2177, 44
1791643127.408888,9.61, 2184, 44
1791643128.409010,9.60, 2184, 44
1791643129.409749,9.60, 2184, 44
1791643130.410362,9.60, 2184, 44
1791643131.411230,9.62, 2184, 43
1791643132.412059,9.63, 2184, 43
1791643133.413109,9.67, 2184, 43
1791643134.413786,9.62, 2184, 43
1791643135.414619,9.57, 2184, 43
1791643136.414609,9.61, 2184, 43
1791643137.415109,9.60, 2184, 43
1791643138.416017,9.57, 2184, 43
1791643139.416437,9.61, 2184, 43
1791643140.417263,9.62, 2184, 43
1791643141.418046,9.63, 2184, 43
1791643142.418846,9.62, 2184, 43
1791643143.420032,9.59, 2184, 43
1791643144.421038,9.60, 2184, 43
1791643145.420525,9.62, 2184, 43
1791643146.421465,9.65, 2184, 43
1791643147.422241,9.62, 2184, 43
1791643148.423458,9.63, 2184, 43
1791643149.423840,9.61, 2184, 43
1791643150.424643,9.58, 2184, 43
1791643151.425436,9.57, 2184, 43
1791643152.425414,9.55, 2184, 43
1791643153.425801,9.54, 2184, 43
1791643154.426852,9.57, 2184, 43
1791643155.426773,9.57, 2184, 43
1791643156.427650,9.55, 2184, 43
1791643157.428255,9.56, 2184, 43
1791643158.429100,9.57, 2184, 43
1791643159.429839,9.55, 2184, 43
1791643160.430647,9.54, 2184, 43
1791643161.431774,9.56, 2184, 43
1791643162.432282,9.56, 2184, 43
1791643163.432417,9.54, 2184, 43
1791643164.433265,9.55, 2184, 43
1791643165.434053,9.50, 2184, 42
1791643166.435111,9.49, 2184, 42
1791643167.435246,9.50, 2184, 42
1791643168.435828,9.50, 2184, 42
1791643169.437034,9.51, 2184, 42
1791643170.437840,9.51, 2184, 42
1791643171.437827,9.49, 2184, 42
1791643172.438374,9.49, 2184, 42
1791643173.439152,9.51, 2184, 42
1791643174.439839,9.54, 2184, 42
1791643175.440561,9.54, 2184, 42
1791643176.441381,9.56, 2184, 42
1791643177.441374,9.53, 2184, 42
1791643178.442235,9.55, 2184, 42
1791643179.443073,9.55, 2184, 42
1791643180.443701,9.52, 2184, 42
1791643181.444552,9.51, 2184, 42
1791643182.445038,9.50, 2184, 42
1791643183.445877,9.53, 2184, 42
1791643184.445970,9.53, 2184, 42
1791643185.446070,9.50, 2184, 42
1791643186.446979,9.46, 2184, 42
1791643187.447791,9.49, 2184, 42
1791643188.448589,9.48, 2184, 42
1791643189.449174,9.50, 2184, 42
1791643190.450107,9.42, 2184, 42
1791643191.450618,9.47, 2184, 42
1791643192.451883,9.49, 2184, 42
1791643193.452293,9.43, 2184, 42
1791643194.453128,9.47, 2184, 42
1791643195.453950,9.47, 2184, 42
1791643196.454737,9.47, 2184, 42
1791643197.454810,9.45, 2184, 42
1791643198.454827,9.44, 2184, 42
1791643199.455630,9.47, 2184, 42
1791643200.456100,9.48, 2184, 42
1791643201.457083,9.45, 2184, 42
1791643202.457875,9.50, 2184, 42
1791643203.458944,9.47, 2184, 42
1791643204.459190,9.42, 2184, 42
1791643205.459991,9.43, 2184, 42
1791643206.460594,9.47, 2184, 42
1791643207.461499,9.43, 2184, 42
1791643208.462318,9.43, 2184, 42
1791643209.463138,9.43, 2184, 42
1791643210.464009,9.42, 2184, 42
1791643211.463981,9.39, 2184, 42
1791643212.464087,9.38, 2184, 42
1791643213.464479,9.39, 2184, 42
1791643214.464450,9.39, 2184, 42
1791643215.464622,9.41, 2184, 42
1791643216.464803,9.44, 2184, 42
1791643217.465128,9.46, 2184, 42
1791643218.465230,9.45, 2184, 42
1791643219.465311,9.41, 2184, 42
1791643220.465404,9.43, 2184, 42
1791643221.465424,9.43, 2184, 42
1791643222.465513,9.45, 2184, 42
1791643223.465692,9.41, 2184, 42
1791643224.466221,9.40, 2184, 42
1791643225.467750,9.41, 2184, 42
1791643226.468015,9.44, 2184, 42
1791643227.468714,9.45, 2184, 42
1791643228.469535,9.44, 2184, 42
1791643229.473960,9.47, 2184, 42
1791643230.473559,9.68, 2184, 42
1791643231.474285,20.48, 2177, 44
1791643232.474564,32.24, 2177, 47
1791643233.474935,25.74, 2177, 45
1791643234.475535,23.24, 2177, 45
1791643235.475936,23.27, 2177, 45
1791643236.476171,23.36, 2177, 46
1791643237.476426,23.35, 2177, 46
1791643238.476951,23.35, 2177, 46
1791643239.477160,23.45, 2177, 46
1791643240.477654,27.81, 2177, 50
1791643241.478150,31.74, 2177, 47
1791643242.478731,23.50, 2177, 47
1791643243.478843,23.49, 2177, 47
1791643244.479128,23.50, 2177, 48
1791643245.479507,23.42, 2177, 48
1791643246.479629,23.51, 2177, 48
1791643247.479718,23.43, 2177, 48
1791643248.480355,34.01, 2177, 51
1791643249.481263,25.74, 2177, 49
1791643250.481865,23.72, 2177, 49
1791643251.481967,23.66, 2177, 48
1791643252.482860,23.70, 2177, 49
1791643253.483669,23.67, 2177, 49
1791643254.484477,23.70, 2177, 49
1791643255.485223,23.70, 2177, 49
1791643256.486113,23.24, 2177, 49
1791643257.485984,36.29, 2177, 52
1791643258.486855,24.72, 2177, 49
1791643259.487461,23.59, 2177, 49
1791643260.487905,23.68, 2177, 50
1791643261.488718,23.59, 2177, 50
1791643262.488810,23.55, 2177, 50
1791643263.489403,23.73, 2177, 50
1791643264.489857,23.84, 2177, 50
1791643265.489766,23.79, 2177, 50
1791643266.490382,11.73, 2177, 48
1791643267.490542,23.75, 2177, 50
1791643268.490692,35.78, 2171, 53
1791643269.491386,31.85, 2171, 53
1791643270.491567,41.14, 2171, 53
1791643271.492013,38.32, 2171, 51
1791643272.492728,32.49, 2171, 54
1791643273.492871,41.26, 2171, 54
1791643274.492992,38.84, 2177, 51
1791643275.493211,35.91, 2171, 54
1791643276.493611,29.03, 2177, 52
1791643277.493711,27.08, 2177, 52
1791643278.493864,27.40, 2177, 52
1791643279.494067,27.30, 2177, 53
1791643280.494161,27.50, 2177, 52
1791643281.495089,26.93, 2177, 52
1791643282.495580,26.71, 2177, 52
1791643283.496441,26.42, 2177, 53
1791643284.496703,26.31, 2177, 53
1791643285.497350,26.41, 2177, 52
1791643286.497767,26.25, 2177, 52
1791643287.498234,26.06, 2177, 52
1791643288.498364,25.90, 2177, 53
1791643289.498814,26.00, 2177, 53
1791643290.499064,25.87, 2177, 53
1791643291.499994,25.91, 2177, 53
1791643292.499995,25.81, 2177, 53
1791643293.501005,25.92, 2171, 53
1791643294.501459,25.85, 2171, 53
1791643295.501959,24.95, 2171, 53
1791643296.502184,24.69, 2177, 53
1791643297.502818,26.33, 2171, 55
1791643298.503119,41.19, 2171, 56
1791643299.503187,31.74, 2177, 55
1791643300.503346,41.47, 2171, 56
1791643301.503461,41.67, 2171, 56
1791643302.503648,32.55, 2171, 55
1791643303.504006,41.44, 2171, 56
1791643304.503965,41.53, 2171, 56
1791643305.504636,30.16, 2171, 54
1791643306.505559,27.22, 2171, 54
1791643307.505836,27.57, 2171, 54
1791643308.506484,27.33, 2171, 54
1791643309.507240,27.66, 2171, 54
1791643310.508044,27.53, 2171, 54
1791643311.508886,27.43, 2171, 54
1791643312.508976,27.25, 2171, 54
1791643313.509805,26.85, 2171, 54
1791643314.510686,26.95, 2171, 54
1791643315.511257,26.84, 2171, 54
1791643316.512006,26.74, 2171, 54
1791643317.512220,26.71, 2171, 54
1791643318.513007,26.63, 2171, 54
1791643319.513826,26.39, 2171, 54
1791643320.514499,26.30, 2171, 54
1791643321.515424,25.59, 2171, 54
1791643322.516034,25.39, 2177, 54
1791643323.516491,25.37, 2171, 54
1791643324.517355,25.46, 2171, 54
1791643325.518000,24.76, 2177, 54
1791643326.518069,24.06, 2177, 54
1791643327.518393,26.85, 2171, 56
1791643328.518592,41.57, 2171, 57
1791643329.518572,41.85, 2171, 57
1791643330.518933,33.79, 2171, 57
1791643331.519321,41.65, 2171, 60
1791643332.519554,40.92, 2171, 56
1791643333.520009,35.16, 2171, 57
1791643334.520157,41.50, 2171, 57
1791643335.520398,28.55, 2171, 55
1791643336.520940,27.55, 2171, 55
1791643337.521334,27.72, 2171, 55
1791643338.521963,27.77, 2171, 55
1791643339.522283,27.88, 2171, 56
1791643340.522763,27.65, 2171, 56
1791643341.523667,28.06, 2171, 56
1791643342.524255,27.47, 2171, 55
1791643343.524416,27.31, 2171, 55
1791643344.524876,27.01, 2171, 55
1791643345.525259,27.05, 2171, 56
1791643346.525727,26.88, 2171, 55
1791643347.525874,26.89, 2171, 55
1791643348.526299,26.77, 2171, 56
1791643349.526508,27.02, 2171, 55
1791643350.526987,26.62, 2171, 55
1791643351.527488,25.86, 2177, 55
1791643352.527710,25.54, 2171, 55
1791643353.528191,25.40, 2171, 55
1791643354.528314,25.26, 2177, 55
1791643355.528845,25.25, 2177, 55
1791643356.529500,24.65, 2177, 55
1791643357.530118,34.08, 2171, 58
1791643358.530687,41.89, 2171, 58
1791643359.531288,39.01, 2171, 57
1791643360.531262,36.06, 2171, 59
1791643361.532007,41.88, 2171, 59
1791643362.532502,35.11, 2171, 54
1791643363.532662,41.51, 2171, 59
1791643364.532806,37.88, 2171, 57
1791643365.533343,27.90, 2171, 56
1791643366.533424,27.82, 2171, 56
1791643367.534112,27.84, 2171, 56
1791643368.534572,27.89, 2171, 56
1791643369.535079,28.09, 2171, 56
1791643370.535372,27.98, 2171, 56
1791643371.535663,27.54, 2171, 56
1791643372.536162,27.51, 2171, 57
1791643373.536501,27.06, 2171, 56
1791643374.536630,27.36, 2171, 56
1791643375.537148,27.25, 2171, 56
1791643376.537557,26.73, 2171, 56
1791643377.538040,26.65, 2171, 56
1791643378.538556,26.83, 2171, 56
1791643379.538789,26.69, 2171, 56
1791643380.539413,26.65, 2171, 56
1791643381.539552,26.53, 2171, 56
1791643382.540091,26.68, 2171, 56
1791643383.540599,26.73, 2171, 56
1791643384.540850,26.56, 2171, 56
1791643385.541631,25.74, 2171, 56
1791643386.541782,15.98, 2177, 54
1791643387.541963,22.05, 2177, 56
1791643388.542481,36.78, 2171, 59
1791643389.542880,25.03, 2171, 55
1791643390.543264,39.08, 2171, 57
1791643391.543400,24.86, 2171, 56
1791643392.543810,24.51, 2171, 56
1791643393.543930,24.56, 2171, 56
1791643394.544423,24.49, 2171, 56
1791643395.544645,24.47, 2177, 56
1791643396.544803,24.59, 2171, 56
1791643397.544994,27.12, 2171, 58
1791643398.545189,35.60, 2171, 56
1791643399.545302,24.52, 2171, 56
1791643400.545767,24.57, 2171, 56
1791643401.546003,24.50, 2171, 56
1791643402.546151,24.54, 2171, 56
1791643403.546352,24.43, 2171, 56
1791643404.547226,24.49, 2171, 56
1791643405.548069,24.50, 2171, 56
1791643406.548441,32.29, 2171, 58
1791643407.548622,29.91, 2171, 56
1791643408.549164,24.45, 2171, 56
1791643409.549722,24.45, 2171, 56
1791643410.550150,24.43, 2171, 56
1791643411.550856,24.33, 2177, 56
1791643412.551289,24.40, 2171, 56
1791643413.551425,24.41, 2171, 56
1791643414.552170,24.57, 2171, 56
1791643415.553640,16.07, 2177, 54
1791643416.554157,21.70, 2171, 55
1791643417.554606,37.77, 2171, 58
1791643418.555074,35.66, 2171, 58
1791643419.555821,41.90, 2171, 58
1791643420.556858,37.20, 2171, 56
1791643421.557609,37.09, 2171, 59
1791643422.557716,41.87, 2171, 61
1791643423.558639,38.30, 2171, 59
1791643424.559090,37.75, 2171, 57
1791643425.560053,27.33, 2171, 57
1791643426.560850,27.20, 2171, 57
1791643427.561657,25.86, 2171, 57
1791643428.562397,25.78, 2171, 56
1791643429.563194,25.67, 2171, 57
1791643430.563992,25.88, 2171, 56
1791643431.564651,25.74, 2171, 56
1791643432.565538,25.64, 2171, 57
1791643433.566345,25.58, 2171, 56
1791643434.567153,25.66, 2171, 56
1791643435.568061,25.60, 2171, 57
1791643436.568817,25.61, 2171, 56
1791643437.569698,25.59, 2171, 56
1791643438.570495,25.36, 2171, 56
1791643439.570766,24.89, 2171, 56
1791643440.571602,24.87, 2171, 56
1791643441.571725,31.29, 2171, 59
1791643442.572154,41.89, 2171, 60
1791643443.572609,34.31, 2171, 59
1791643444.573379,41.80, 2171, 59
1791643445.573392,42.11, 2171, 59
1791643446.574535,34.78, 2171, 60
1791643447.575220,42.00, 2171, 59
1791643448.575985,40.25, 2171, 58
1791643449.576561,28.50, 2171, 57
1791643450.577202,27.27, 2171, 57
1791643451.578060,27.03, 2171, 57
1791643452.578152,26.93, 2171, 57
1791643453.578847,26.83, 2171, 57
1791643454.579348,26.76, 2171, 57
1791643455.579833,26.80, 2171, 57
1791643456.580532,26.64, 2171, 58
1791643457.581306,26.76, 2171, 57
1791643458.582013,26.72, 2171, 57
1791643459.582795,26.65, 2171, 57
1791643460.583665,26.62, 2171, 57
1791643461.584083,26.64, 2171, 57
1791643462.584869,26.66, 2171, 57
1791643463.585535,26.42, 2171, 57
1791643464.586314,26.47, 2171, 57
1791643465.587136,26.35, 2171, 57
1791643466.588003,25.77, 2171, 57
1791643467.588557,25.17, 2171, 57
1791643468.588653,26.04, 2171, 58
1791643469.588747,35.90, 2171, 56
1791643470.589221,40.92, 2171, 59
1791643471.589777,42.14, 2171, 60
1791643472.590578,35.31, 2177, 62
1791643473.590881,41.97, 2171, 60
1791643474.591172,42.27, 2171, 59
1791643475.591415,35.48, 2171, 60
1791643476.592236,34.93, 2171, 58
1791643477.592992,27.43, 2171, 58
1791643478.593067,27.06, 2171, 58
1791643479.593834,26.91, 2171, 57
1791643480.594658,27.13, 2171, 58
1791643481.595331,27.22, 2171, 58
1791643482.596017,27.10, 2171, 57
1791643483.596807,26.81, 2171, 58
1791643484.597083,26.74, 2171, 57
1791643485.597322,26.68, 2171, 57
1791643486.597561,26.68, 2171, 57
1791643487.598459,26.77, 2171, 58
1791643488.598639,26.75, 2171, 57
1791643489.598884,26.91, 2171, 57
1791643490.599804,26.69, 2171, 57
1791643491.599865,26.52, 2171, 57
1791643492.600038,26.62, 2171, 57
1791643493.600230,26.51, 2171, 57
1791643494.600613,26.42, 2171, 57
1791643495.601009,25.42, 2171, 57
1791643496.601030,30.23, 2171, 60
1791643497.601686,42.12, 2171, 60
1791643498.601655,42.51, 2171, 60
1791643499.602084,35.31, 2171, 60
1791643500.602459,41.99, 2171, 60
1791643501.602840,39.84, 2171, 58
1791643502.603404,39.02, 2171, 60
1791643503.603878,40.79, 2171, 58
1791643504.604348,28.64, 2171, 58
1791643505.604465,27.57, 2171, 58
1791643506.604931,27.07, 2171, 58
1791643507.605150,26.99, 2171, 58
1791643508.605390,26.93, 2171, 58
1791643509.605618,27.04, 2171, 58
1791643510.605874,26.89, 2171, 58
1791643511.606065,26.84, 2171, 58
1791643512.606285,26.85, 2171, 58
1791643513.606423,26.74, 2171, 58
1791643514.606644,26.76, 2171, 58
1791643515.606899,26.67, 2171, 58
1791643516.607089,26.67, 2171, 58
1791643517.607323,26.70, 2171, 58
1791643518.607837,26.72, 2171, 58
1791643519.608308,26.77, 2171, 58
1791643520.608794,26.92, 2171, 58
1791643521.609262,26.67, 2171, 58
1791643522.609384,26.63, 2171, 58
1791643523.609870,26.44, 2171, 58
1791643524.609983,25.16, 2171, 58
1791643525.610439,22.76, 2177, 56
1791643526.610555,24.56, 2171, 58
1791643527.610749,24.52, 2171, 58
1791643528.611517,24.55, 2171, 57
1791643529.612360,24.62, 2171, 57
1791643530.612891,24.65, 2171, 57
1791643531.613841,24.71, 2171, 57
1791643532.614614,24.49, 2171, 57
1791643533.614869,24.51, 2171, 57
1791643534.615013,24.45, 2171, 57
1791643535.615797,24.52, 2171, 57
1791643536.616578,24.59, 2171, 57
1791643537.617403,24.63, 2171, 57
1791643538.618048,24.62, 2171, 57
1791643539.618816,24.69, 2171, 57
1791643540.619639,24.61, 2171, 57
1791643541.620427,24.61, 2171, 57
1791643542.620768,24.62, 2171, 57
1791643543.621634,24.46, 2171, 57
1791643544.622463,24.35, 2171, 57
1791643545.623301,24.34, 2171, 57
1791643546.624015,24.33, 2171, 57
1791643547.624047,24.50, 2171, 57
1791643548.624900,24.46, 2171, 57
1791643549.625835,24.50, 2171, 57
1791643550.626512,24.60, 2171, 57
1791643551.627277,24.66, 2171, 57
1791643552.627892,24.64, 2171, 57
1791643553.628002,24.55, 2171, 57
1791643554.628895,24.72, 2177, 57
1791643555.628939,24.64, 2171, 57
1791643556.629542,24.61, 2171, 57
1791643557.630377,24.62, 2171, 57
1791643558.630431,24.41, 2177, 56
1791643559.631377,24.65, 2177, 57
1791643560.632155,24.55, 2171, 57
1791643561.633027,24.58, 2177, 57
1791643562.633839,24.63, 2177, 57
1791643563.634624,24.54, 2177, 57
1791643564.635465,24.47, 2177, 57
1791643565.636417,24.42, 2177, 57
1791643566.636823,24.31, 2177, 57
1791643567.637502,24.52, 2171, 57
1791643568.638096,24.43, 2177, 57
1791643569.638882,24.35, 2171, 57
1791643570.639690,24.43, 2171, 57
1791643571.640231,24.51, 2177, 57
1791643572.640344,24.53, 2171, 57
1791643573.640570,24.64, 2171, 57
1791643574.640769,24.48, 2171, 57
1791643575.640890,24.45, 2171, 57
1791643576.641135,24.44, 2171, 57
1791643577.641362,24.52, 2177, 57
1791643578.641516,24.48, 2171, 57
1791643579.641910,24.62, 2177, 57
1791643580.642103,24.59, 2177, 57
1791643581.642230,24.59, 2171, 57
1791643582.642356,24.61, 2171, 57
1791643583.643093,24.55, 2177, 57
1791643584.643863,24.47, 2171, 56
1791643585.644537,24.51, 2171, 56
1791643586.645326,24.53, 2177, 57
1791643587.646189,24.53, 2177, 57
1791643588.647024,24.59, 2177, 57
1791643589.647826,24.52, 2171, 57
1791643590.648735,24.60, 2171, 56
1791643591.649521,24.51, 2171, 56
1791643592.650058,24.50, 2171, 56
1791643593.650992,24.54, 2171, 57
1791643594.651311,24.53, 2177, 57
1791643595.651910,24.57, 2177, 56
1791643596.651987,24.61, 2177, 57
1791643597.652829,24.59, 2177, 57
1791643598.653570,24.58, 2171, 56
1791643599.654153,24.39, 2177, 56
1791643600.655081,24.62, 2177, 56
1791643601.655335,24.50, 2177, 56
1791643602.656256,24.59, 2177, 56
1791643603.657068,24.53, 2177, 56
1791643604.657917,24.59, 2171, 56
1791643605.658832,24.57, 2177, 56
1791643606.659640,24.37, 2171, 56
1791643607.660446,24.73, 2177, 56
1791643608.661305,24.50, 2177, 56
1791643609.662131,24.59, 2177, 56
1791643610.662380,24.50, 2177, 56
1791643611.663208,24.55, 2177, 56
1791643612.663913,24.38, 2177, 56
1791643613.664726,24.32, 2171, 56
1791643614.665556,24.52, 2171, 56
1791643615.666392,24.64, 2177, 56
1791643616.667001,24.51, 2171, 56
1791643617.667416,24.59, 2171, 56
1791643618.668084,24.54, 2171, 56
1791643619.668997,24.48, 2171, 56
1791643620.669794,24.42, 2171, 56
1791643621.670413,24.45, 2177, 56
1791643622.671286,24.50, 2171, 56
1791643623.671985,24.53, 2171, 56
1791643624.672918,24.41, 2171, 56
1791643625.672978,24.44, 2171, 56
1791643626.673574,24.43, 2171, 56
1791643627.674239,24.36, 2171, 56
1791643628.674970,24.50, 2171, 56
1791643629.674994,24.60, 2171, 57
1791643630.675840,24.58, 2171, 56
1791643631.676667,24.55, 2177, 56
1791643632.676787,24.55, 2171, 56
1791643633.676995,24.51, 2171, 56
1791643634.677871,24.37, 2171, 56
1791643635.678629,24.68, 2171, 56
1791643636.678657,24.57, 2171, 56
1791643637.679570,24.53, 2171, 56
1791643638.680415,24.51, 2171, 56
1791643639.681168,24.58, 2171, 57
1791643640.681757,24.60, 2171, 57
1791643641.682525,24.93, 2171, 56
1791643642.683292,24.45, 2171, 56
1791643643.683947,24.55, 2171, 56
1791643644.684761,24.60, 2177, 57
1791643645.684951,24.65, 2177, 57
1791643646.685762,24.68, 2177, 56
1791643647.686597,24.68, 2177, 57
1791643648.687341,24.68, 2171, 56
1791643649.688290,24.57, 2171, 56
1791643650.688381,24.55, 2177, 56
1791643651.689010,24.57, 2177, 56
1791643652.689603,24.59, 2171, 56
1791643653.689555,24.42, 2171, 57
1791643654.690539,24.36, 2171, 56
1791643655.691449,24.59, 2171, 56
1791643656.692312,24.47, 2171, 56
1791643657.693017,24.67, 2177, 57
1791643658.693948,24.81, 2177, 56
1791643659.694499,24.67, 2177, 56
1791643660.694802,24.77, 2177, 57
1791643661.694955,24.71, 2171, 56
1791643662.695702,24.69, 2171, 57
1791643663.696468,24.59, 2177, 57
1791643664.697893,24.57, 2177, 57
1791643665.697902,24.70, 2177, 57
1791643666.698250,24.66, 2177, 56
1791643667.698370,24.57, 2171, 56
1791643668.698987,24.67, 2171, 56
1791643669.699161,24.71, 2177, 56
1791643670.699578,24.65, 2177, 56
1791643671.700225,24.69, 2177, 56
1791643672.701149,24.63, 2177, 57
1791643673.701887,24.52, 2177, 56
1791643674.702711,24.46, 2171, 56
1791643675.703509,24.43, 2171, 56
1791643676.704530,24.39, 2171, 56
1791643677.705380,24.38, 2177, 56
1791643678.706165,24.38, 2177, 56
1791643679.707021,24.58, 2177, 56
1791643680.707864,24.47, 2171, 56
1791643681.708685,24.44, 2177, 56
1791643682.709190,24.45, 2177, 56
1791643683.710005,24.64, 2177, 56
1791643684.710899,24.41, 2177, 56
1791643685.711539,24.36, 2177, 57
1791643686.711723,24.63, 2177, 56
1791643687.712473,24.71, 2171, 56
1791643688.713341,24.58, 2177, 56
1791643689.714174,24.63, 2177, 57
1791643690.714286,24.43, 2177, 57
1791643691.714366,24.44, 2171, 56
1791643692.714815,24.34, 2171, 57
1791643693.715712,24.53, 2177, 57
1791643694.716146,24.58, 2177, 56
1791643695.716422,24.58, 2177, 56
1791643696.717133,24.16, 2177, 56
1791643697.717130,24.46, 2171, 56
1791643698.717514,24.47, 2171, 56
1791643699.718017,24.43, 2171, 56
1791643700.718122,24.50, 2177, 56
1791643701.718285,24.56, 2171, 56
1791643702.718496,24.55, 2171, 57
1791643703.718491,24.56, 2171, 57
1791643704.718814,24.64, 2171, 56
1791643705.719023,25.01, 2171, 56
1791643706.719315,24.31, 2171, 57
1791643707.719707,24.70, 2171, 57
1791643708.720218,24.63, 2171, 56
1791643709.721019,24.68, 2171, 56
1791643710.720810,24.59, 2171, 57
1791643711.721289,24.55, 2171, 56
1791643712.721556,24.59, 2171, 57
1791643713.722058,24.62, 2177, 57
1791643714.722476,24.55, 2177, 57
1791643715.722742,24.61, 2171, 57
1791643716.723206,24.67, 2171, 57
1791643717.723719,24.66, 2171, 57
1791643718.724173,24.40, 2171, 57
1791643719.724495,24.51, 2177, 57
1791643720.724642,24.51, 2171, 57
1791643721.725218,24.39, 2177, 57
1791643722.725823,24.63, 2171, 57
1791643723.726274,24.60, 2177, 57
1791643724.726750,24.58, 2177, 57
1791643725.727289,24.50, 2177, 57
1791643726.727455,24.52, 2177, 57
1791643727.727634,24.52, 2171, 57
1791643728.728161,24.47, 2177, 57
1791643729.728641,24.66, 2177, 57
1791643730.729348,24.62, 2171, 57
1791643731.729771,24.84, 2171, 57
1791643732.730089,24.58, 2171, 57
1791643733.730530,24.49, 2177, 57
1791643734.730807,24.43, 2171, 57
1791643735.731290,24.47, 2177, 57
1791643736.731778,24.63, 2177, 57
1791643737.732245,24.56, 2177, 57
1791643738.732721,24.62, 2177, 57
1791643739.732965,24.64, 2177, 57
1791643740.733182,24.63, 2177, 57
1791643741.733293,24.64, 2171, 57
1791643742.733832,24.35, 2171, 57
1791643743.734297,24.52, 2171, 57
1791643744.734441,24.70, 2171, 57
1791643745.734549,24.49, 2171, 57
1791643746.734679,24.46, 2171, 57
1791643747.734798,24.37, 2171, 57
1791643748.734962,24.43, 2177, 57
1791643749.735501,24.40, 2171, 57
1791643750.736157,24.59, 2177, 57
1791643751.736897,24.66, 2171, 57
1791643752.737175,24.70, 2177, 57
1791643753.737687,24.52, 2171, 57
1791643754.737887,24.67, 2171, 57
1791643755.738157,24.49, 2177, 57
1791643756.738352,24.54, 2177, 57
1791643757.738574,24.53, 2177, 57
1791643758.738801,24.66, 2171, 57
1791643759.739152,24.54, 2171, 57
1791643760.739328,24.62, 2177, 57
1791643761.739420,25.03, 2171, 57
1791643762.739621,24.44, 2171, 57
1791643763.739860,24.41, 2171, 57
1791643764.739980,24.48, 2171, 57
1791643765.740475,24.59, 2177, 57
1791643766.740918,24.62, 2171, 57
1791643767.741396,24.57, 2171, 57
1791643768.741528,24.54, 2171, 57
1791643769.742003,24.61, 2171, 57
1791643770.742510,24.59, 2171, 57
1791643771.743079,24.42, 2171, 57
1791643772.743901,24.72, 2171, 57
1791643773.744513,24.56, 2177, 57
1791643774.745758,24.65, 2171, 57
1791643775.746491,24.66, 2171, 57
1791643776.747127,24.60, 2177, 57
1791643777.747996,24.62, 2171, 57
1791643778.748782,24.52, 2177, 57
1791643779.748836,24.46, 2171, 57
1791643780.749690,24.53, 2171, 57
1791643781.749776,24.45, 2171, 57
1791643782.750590,24.45, 2171, 57
1791643783.751185,24.43, 2171, 57
1791643784.752094,24.48, 2171, 57
1791643785.752259,24.48, 2171, 57
1791643786.753045,24.58, 2171, 57
1791643787.753646,24.63, 2171, 57
1791643788.753874,24.81, 2171, 57
1791643789.754315,24.75, 2171, 57
1791643790.754513,24.62, 2177, 57
1791643791.754727,24.66, 2177, 57
1791643792.755764,24.52, 2171, 57
1791643793.756310,24.57, 2171, 57
1791643794.757038,24.72, 2171, 57
1791643795.757826,24.58, 2171, 57
1791643796.758331,24.67, 2171, 57
1791643797.759100,24.58, 2171, 57
1791643798.759982,24.69, 2171, 57
1791643799.760269,24.66, 2171, 57
1791643800.761467,24.72, 2171, 57
1791643801.761583,24.68, 2171, 57
1791643802.761770,24.54, 2171, 57
1791643803.761895,24.50, 2171, 57
1791643804.762722,24.50, 2171, 57
1791643805.762860,24.45, 2171, 57
1791643806.763022,24.47, 2177, 57
1791643807.763054,24.59, 2177, 57
1791643808.764000,24.70, 2171, 57
1791643809.764826,24.68, 2177, 57
1791643810.765388,24.62, 2177, 57
1791643811.766324,24.67, 2177, 57
1791643812.766395,24.61, 2171, 57
1791643813.766815,24.48, 2171, 57
1791643814.767519,24.57, 2171, 57
1791643815.768372,24.64, 2177, 57
1791643816.768991,24.67, 2171, 57
1791643817.769538,24.76, 2171, 57
1791643818.770093,24.68, 2177, 57
1791643819.770878,24.54, 2171, 57
1791643820.771622,24.43, 2171, 57
1791643821.772173,24.52, 2171, 57
1791643822.772378,24.65, 2171, 57
1791643823.772458,24.71, 2171, 57
1791643824.773141,24.73, 2177, 57
1791643825.773985,24.67, 2171, 57
1791643826.774746,24.66, 2171, 57
1791643827.775629,24.71, 2171, 57
1791643828.776476,24.51, 2171, 57
1791643829.777306,24.66, 2177, 57
1791643830.777378,24.65, 2177, 57
1791643831.777621,24.66, 2171, 57
1791643832.778486,24.75, 2171, 57
1791643833.779256,24.77, 2171, 57
1791643834.780040,24.59, 2171, 57
1791643835.780766,24.52, 2171, 57
1791643836.781634,24.56, 2171, 57
1791643837.782495,24.65, 2171, 57
1791643838.783301,24.70, 2171, 57
1791643839.784130,24.73, 2171, 57
1791643840.784957,24.74, 2171, 57
1791643841.785798,24.75, 2177, 57
1791643842.785885,24.70, 2177, 57
1791643843.786735,24.44, 2171, 57
1791643844.787542,24.71, 2171, 57
1791643845.788123,24.53, 2177, 57
1791643846.788741,24.49, 2171, 57
1791643847.789358,24.61, 2171, 57
1791643848.790054,24.49, 2171, 57
1791643849.790766,24.45, 2171, 57
1791643850.791533,24.52, 2171, 57
1791643851.792330,24.67, 2171, 57
1791643852.792904,24.78, 2171, 57
1791643853.793002,24.70, 2177, 57
1791643854.793837,24.69, 2171, 57
1791643855.794670,24.60, 2171, 57
1791643856.795073,24.44, 2171, 57
1791643857.795808,24.49, 2177, 57
1791643858.796677,24.66, 2171, 57
1791643859.797462,24.70, 2171, 57
1791643860.797643,24.70, 2177, 57
1791643861.797627,24.66, 2177, 57
1791643862.797931,24.60, 2177, 57
1791643863.798061,24.69, 2171, 57
1791643864.798992,24.66, 2171, 57
1791643865.799391,24.50, 2171, 57
1791643866.799999,24.53, 2177, 57
1791643867.800065,24.51, 2177, 57
1791643868.800187,24.55, 2171, 57
1791643869.800872,24.47, 2171, 57
1791643870.801378,24.57, 2177, 57
1791643871.802250,24.53, 2171, 57
1791643872.803112,24.79, 2177, 57
1791643873.803911,24.68, 2177, 57
1791643874.804765,24.70, 2171, 57
1791643875.805604,24.67, 2171, 57
1791643876.806439,24.73, 2177, 57
1791643877.807049,24.79, 2171, 57
1791643878.807853,24.69, 2171, 57
1791643879.808219,24.59, 2177, 57
1791643880.808254,24.74, 2171, 57
1791643881.808459,24.64, 2171, 57
1791643882.808532,24.62, 2171, 57
1791643883.808698,24.66, 2171, 57
1791643884.808875,24.83, 2171, 57
1791643885.808969,24.62, 2171, 57
1791643886.809102,24.62, 2171, 57
1791643887.809210,24.87, 2171, 57
1791643888.809346,24.74, 2171, 57
1791643889.809552,24.76, 2171, 57
1791643890.809942,24.69, 2171, 57
1791643891.810462,24.58, 2171, 57
1791643892.810781,24.59, 2171, 57
1791643893.811338,24.65, 2171, 57
1791643894.811870,24.82, 2171, 57
1791643895.811909,24.73, 2171, 57
1791643896.812114,24.72, 2171, 57
1791643897.812803,24.67, 2171, 57
1791643898.812894,24.62, 2177, 57
1791643899.813736,24.62, 2171, 57
1791643900.814634,24.57, 2171, 57
1791643901.815278,24.64, 2171, 57
1791643902.816065,24.61, 2171, 57
1791643903.816030,24.61, 2171, 57
1791643904.816220,24.57, 2171, 57
1791643905.816621,24.55, 2171, 57
1791643906.817433,24.52, 2171, 57
1791643907.817526,24.65, 2171, 57
1791643908.818398,24.69, 2177, 57
1791643909.818465,24.67, 2171, 57
1791643910.819315,24.61, 2171, 57
1791643911.819498,24.69, 2177, 57
1791643912.820382,24.71, 2177, 57
1791643913.821243,24.71, 2171, 57
1791643914.821967,24.70, 2171, 57
1791643915.822684,24.69, 2171, 57
1791643916.823341,24.80, 2171, 57
1791643917.824098,24.74, 2171, 57
1791643918.824376,26.18, 2177, 57
1791643919.824708,24.72, 2177, 57
1791643920.824840,24.64, 2177, 57
1791643921.824801,24.69, 2177, 57
1791643922.825781,25.20, 2177, 56
1791643923.826549,24.54, 2177, 57
1791643924.827385,24.44, 2177, 57
1791643925.828230,24.64, 2177, 57
1791643926.828496,24.60, 2177, 57
1791643927.829317,24.75, 2171, 57
1791643928.830173,24.63, 2177, 57
1791643929.831089,24.74, 2171, 57
1791643930.831346,24.87, 2177, 57
1791643931.831451,24.87, 2171, 57
1791643932.831577,24.74, 2171, 57
1791643933.831660,24.75, 2171, 57
1791643934.831817,24.86, 2171, 57
1791643935.832739,24.68, 2171, 57
1791643936.833593,24.72, 2171, 57
1791643937.833580,24.81, 2177, 57
1791643938.833702,24.78, 2171, 57
1791643939.833864,24.77, 2171, 57
1791643940.833969,24.87, 2171, 57
1791643941.834135,24.85, 2171, 57
1791643942.834163,24.76, 2171, 57
1791643943.834410,24.68, 2177, 57
1791643944.834446,24.66, 2171, 57
1791643945.835345,24.68, 2171, 57
1791643946.836310,24.51, 2171, 57
1791643947.837134,24.56, 2171, 57
1791643948.837569,24.55, 2177, 57
1791643949.838992,24.51, 2177, 57
1791643950.839534,24.60, 2177, 57
1791643951.840264,24.73, 2177, 57
1791643952.840560,24.72, 2171, 57
1791643953.841159,24.57, 2177, 57
1791643954.841600,24.48, 2171, 57
1791643955.841779,24.54, 2177, 57
1791643956.842432,24.53, 2171, 57
1791643957.842745,24.76, 2171, 57
1791643958.842884,24.71, 2171, 57
1791643959.842966,24.66, 2171, 57
1791643960.843558,24.76, 2171, 57
1791643961.844064,24.85, 2171, 57
1791643962.844440,24.77, 2171, 57
1791643963.844993,24.76, 2171, 57
1791643964.845188,24.62, 2171, 57
1791643965.845707,24.65, 2171, 57
1791643966.845898,24.68, 2177, 57
1791643967.846342,24.80, 2171, 57
1791643968.846865,24.76, 2171, 57
1791643969.847362,24.70, 2171, 57
1791643970.847839,24.51, 2171, 57
1791643971.848070,24.51, 2171, 57
1791643972.848742,24.69, 2177, 57
1791643973.849216,24.74, 2177, 57
1791643974.849670,24.73, 2171, 57
1791643975.849904,24.76, 2171, 57
1791643976.850398,24.69, 2171, 57
1791643977.850760,24.68, 2177, 57
1791643978.851030,24.81, 2171, 57
1791643979.851559,24.71, 2171, 57
1791643980.851953,25.24, 2171, 57
1791643981.852507,24.62, 2171, 57
1791643982.852833,24.63, 2171, 57
1791643983.852933,24.62, 2171, 57
1791643984.853480,24.70, 2171, 57
1791643985.853938,24.60, 2171, 57
1791643986.854426,24.68, 2171, 57
1791643987.854891,24.73, 2171, 57
1791643988.855274,24.65, 2171, 57
1791643989.855575,24.70, 2171, 57
1791643990.856091,24.67, 2171, 57
1791643991.856619,24.77, 2171, 57
1791643992.856820,24.56, 2171, 57
1791643993.857305,24.76, 2171, 57
1791643994.857849,24.73, 2177, 57
1791643995.858313,24.78, 2171, 57
1791643996.858516,24.64, 2171, 57
1791643997.858775,24.68, 2171, 57
1791643998.858961,24.53, 2171, 57
1791643999.859446,24.61, 2171, 57
1791644000.859654,24.60, 2171, 57
1791644001.860110,24.80, 2171, 57
1791644002.860636,24.76, 2171, 57
1791644003.861123,24.77, 2171, 57
1791644004.861533,24.78, 2171, 57
1791644005.862130,24.70, 2171, 57
1791644006.862577,24.64, 2171, 57
1791644007.863056,24.50, 2171, 57
1791644008.863533,24.73, 2171, 57
1791644009.864034,24.80, 2171, 57
1791644010.864518,24.70, 2171, 57
1791644011.865431,24.87, 2171, 57
1791644012.866291,24.70, 2171, 57
1791644013.866797,24.69, 2171, 57
1791644014.867238,24.77, 2171, 57
1791644015.867631,24.68, 2171, 57
1791644016.868494,24.81, 2171, 57
1791644017.869323,24.80, 2171, 57
1791644018.869308,24.73, 2171, 57
1791644019.870005,24.64, 2171, 57
1791644020.870015,24.59, 2171, 57
1791644021.870895,24.53, 2171, 57
1791644022.871746,24.64, 2171, 57
1791644023.872564,24.84, 2171, 57
1791644024.873187,24.78, 2171, 57
1791644025.873883,24.80, 2177, 57
1791644026.874703,24.75, 2171, 57
1791644027.874807,24.67, 2171, 57
1791644028.875589,24.65, 2171, 57
1791644029.876379,24.71, 2177, 57
1791644030.877010,24.74, 2171, 57
1791644031.878032,24.80, 2171, 57
1791644032.878869,24.73, 2177, 57
1791644033.879276,24.66, 2171, 57
1791644034.880150,24.74, 2171, 57
1791644035.880803,24.67, 2177, 57
1791644036.881682,24.65, 2177, 57
1791644037.882451,24.99, 2171, 57
1791644038.883180,24.56, 2171, 57
1791644039.883966,24.53, 2171, 57
1791644040.884746,24.52, 2171, 57
1791644041.885566,24.58, 2171, 57
1791644042.886383,24.44, 2171, 57
1791644043.887002,24.53, 2171, 57
1791644044.887002,24.72, 2171, 57
1791644045.887216,24.77, 2171, 57
1791644046.887999,24.62, 2171, 57
1791644047.888770,24.64, 2171, 57
1791644048.889563,24.66, 2171, 57
1791644049.890420,24.58, 2171, 57
1791644050.891401,24.52, 2171, 57
1791644051.891915,24.55, 2171, 57
1791644052.891946,24.70, 2171, 57
1791644053.892054,24.71, 2177, 57
1791644054.892662,24.69, 2171, 57
1791644055.892893,24.76, 2171, 57
1791644056.893386,24.52, 2171, 57
1791644057.893502,24.63, 2177, 57
1791644058.894106,24.73, 2177, 57
1791644059.894506,24.74, 2177, 57
1791644060.894952,24.82, 2177, 57
1791644061.895407,24.71, 2177, 57
1791644062.895909,24.89, 2171, 57
1791644063.896393,24.77, 2171, 57
1791644064.896738,24.69, 2171, 57
1791644065.897441,24.70, 2171, 57
1791644066.897743,24.83, 2177, 57
1791644067.897885,24.76, 2171, 57
1791644068.898060,24.75, 2177, 57
1791644069.898258,24.75, 2171, 57
1791644070.898478,24.76, 2177, 57
1791644071.898615,24.80, 2171, 57
1791644072.898714,24.76, 2171, 57
1791644073.898971,24.82, 2171, 57
1791644074.899138,24.75, 2171, 57
1791644075.899432,24.71, 2171, 57
1791644076.899612,24.71, 2171, 57
1791644077.899829,24.55, 2171, 57
1791644078.900047,24.58, 2171, 57
1791644079.900566,24.60, 2171, 57
1791644080.900759,24.81, 2171, 57
1791644081.901305,24.73, 2171, 57
1791644082.901490,24.78, 2177, 57
1791644083.901978,24.64, 2171, 57
1791644084.902449,24.65, 2171, 57
1791644085.903018,24.70, 2177, 57
1791644086.903772,24.64, 2177, 57
1791644087.904232,24.69, 2177, 57
1791644088.904690,24.70, 2177, 57
1791644089.904782,24.69, 2171, 57
1791644090.905326,24.71, 2171, 57
1791644091.905819,24.75, 2171, 57
1791644092.905967,24.63, 2171, 57
1791644093.906482,24.58, 2171, 57
1791644094.906734,24.63, 2171, 57
1791644095.906986,24.75, 2171, 57
1791644096.907571,24.81, 2171, 57
1791644097.907737,24.81, 2171, 57
1791644098.908303,24.79, 2171, 57
1791644099.908690,24.73, 2171, 57
1791644100.909492,24.80, 2171, 57
1791644101.909745,24.69, 2171, 57
1791644102.910460,24.61, 2171, 57
1791644103.910941,24.60, 2171, 57
1791644104.911481,24.58, 2171, 57
1791644105.911909,24.58, 2171, 57
1791644106.912381,24.55, 2171, 57
1791644107.912534,24.65, 2171, 57
1791644108.913288,24.74, 2171, 57
1791644109.913809,24.80, 2171, 57
1791644110.913918,24.70, 2171, 57
1791644111.914381,24.75, 2171, 57
1791644112.914905,24.80, 2171, 57
1791644113.915095,24.81, 2171, 57
1791644114.915274,24.81, 2177, 57
1791644115.915621,24.76, 2171, 57
1791644116.915819,24.76, 2171, 57
1791644117.916029,24.60, 2171, 57
1791644118.916268,24.55, 2171, 57
1791644119.916482,24.54, 2171, 57
1791644120.916724,24.55, 2171, 57
1791644121.916951,24.59, 2171, 57
1791644122.917145,24.63, 2171, 57
1791644123.917443,24.73, 2171, 57
1791644124.917503,24.89, 2171, 57
1791644125.918018,24.80, 2171, 57
1791644126.918519,24.77, 2171, 57
1791644127.918975,24.62, 2171, 57
1791644128.919441,24.63, 2171, 57
1791644129.919897,24.66, 2171, 57
1791644130.920175,24.87, 2171, 57
1791644131.920689,24.79, 2171, 57
1791644132.921143,24.71, 2171, 57
1791644133.921266,24.79, 2177, 57
1791644134.921717,24.70, 2177, 57
1791644135.922198,24.78, 2171, 57
1791644136.922342,24.71, 2171, 57
1791644137.923016,24.74, 2177, 57
1791644138.923599,24.61, 2177, 57
1791644139.923620,24.51, 2177, 57
1791644140.924292,24.69, 2177, 57
1791644141.924753,24.65, 2177, 57
1791644142.924712,24.58, 2177, 57
1791644143.924822,24.66, 2171, 57
1791644144.925355,24.73, 2171, 57
1791644145.925575,24.45, 2171, 57
1791644146.926062,24.51, 2171, 57
1791644147.926561,24.56, 2177, 57
1791644148.926634,24.55, 2177, 57
1791644149.926844,24.46, 2177, 57
1791644150.927082,24.63, 2171, 57
1791644151.927302,24.69, 2177, 57
1791644152.927803,24.70, 2171, 57
1791644153.928262,24.68, 2177, 57
1791644154.928722,24.68, 2177, 57
1791644155.929253,24.76, 2177, 57
1791644156.929753,24.91, 2171, 57
1791644157.929882,24.64, 2171, 57
1791644158.930728,24.69, 2171, 57
1791644159.930779,24.99, 2177, 57
1791644160.931377,24.81, 2177, 57
1791644161.931840,24.67, 2177, 57
1791644162.932739,24.84, 2171, 57
1791644163.932501,24.59, 2177, 57
1791644164.932987,24.59, 2171, 57
1791644165.933176,24.70, 2177, 57
1791644166.933580,24.88, 2177, 57
1791644167.934067,24.80, 2171, 57
1791644168.934563,24.70, 2177, 57
1791644169.934914,24.84, 2171, 57
1791644170.935263,24.74, 2177, 57
1791644171.935496,24.60, 2171, 57
1791644172.935795,24.62, 2177, 57
1791644173.936132,24.70, 2171, 57
1791644174.936755,24.67, 2171, 57
1791644175.937032,24.67, 2177, 57
1791644176.937500,24.54, 2177, 57
1791644177.937381,24.47, 2177, 57
1791644178.937491,24.53, 2171, 57
1791644179.937998,24.71, 2171, 57
1791644180.938589,24.75, 2171, 57
1791644181.938652,24.67, 2171, 57
1791644182.939165,24.73, 2171, 57
1791644183.939601,24.76, 2177, 57
1791644184.939788,24.62, 2171, 57
1791644185.939893,24.85, 2171, 57
1791644186.940152,24.68, 2171, 57
1791644187.940357,24.71, 2171, 57
1791644188.940838,24.75, 2177, 57
1791644189.941238,24.65, 2177, 57
1791644190.941462,24.66, 2177, 57
1791644191.942217,24.64, 2177, 57
1791644192.943054,24.75, 2171, 57
1791644193.943147,25.14, 2171, 57
1791644194.943902,24.64, 2177, 57
1791644195.944737,24.64, 2171, 57
1791644196.945090,24.54, 2177, 57
1791644197.945980,24.70, 2171, 57
1791644198.946765,24.60, 2171, 57
1791644199.946911,24.74, 2171, 57
1791644200.947049,24.77, 2177, 57
1791644201.947758,24.72, 2177, 57
1791644202.947912,24.93, 2177, 57
1791644203.948081,24.85, 2171, 57
1791644204.948459,24.88, 2171, 57
1791644205.948569,24.86, 2177, 57
1791644206.949023,24.70, 2171, 57
1791644207.949830,24.51, 2177, 57
1791644208.950002,24.73, 2177, 57
1791644209.950536,24.78, 2177, 57
1791644210.951359,24.74, 2177, 57
1791644211.951379,24.80, 2171, 57
1791644212.951974,24.84, 2171, 57
1791644213.953124,24.84, 2171, 57
1791644214.953956,24.75, 2171, 57
1791644215.954009,24.70, 2171, 57
1791644216.954903,24.92, 2177, 57
1791644217.955742,24.74, 2177, 57
1791644218.956195,24.75, 2177, 57
1791644219.956799,24.72, 2177, 57
1791644220.957642,24.70, 2177, 57
1791644221.958285,24.71, 2177, 57
1791644222.958396,24.68, 2171, 57
1791644223.959265,24.80, 2171, 57
1791644224.960080,24.77, 2177, 57
1791644225.960184,24.77, 2177, 57
1791644226.961000,24.75, 2177, 57
1791644227.961011,24.49, 2177, 57
1791644228.961800,24.50, 2177, 57
1791644229.962534,24.53, 2177, 57
1791644230.963401,24.88, 2177, 57
1791644231.963449,24.78, 2177, 57
1791644232.964127,24.84, 2171, 57
1791644233.964689,24.63, 2177, 57
1791644234.965573,24.65, 2177, 57
1791644235.966667,24.51, 2177, 57
1791644236.967498,24.51, 2177, 57
1791644237.968487,24.70, 2177, 57
1791644238.969348,24.72, 2177, 57
1791644239.970215,24.74, 2171, 57
1791644240.971017,24.71, 2177, 57
1791644241.971745,24.36, 2177, 57
1791644242.972247,24.63, 2171, 57
1791644243.972537,24.65, 2177, 57
1791644244.973202,24.67, 2177, 57
1791644245.973768,24.71, 2171, 57
1791644246.974603,24.68, 2177, 57
1791644247.975414,24.68, 2177, 57
1791644248.975453,24.69, 2177, 57
1791644249.976378,24.75, 2177, 57
1791644250.976912,24.73, 2177, 57
1791644251.977196,25.12, 2177, 57
1791644252.977668,24.54, 2177, 57
1791644253.978601,24.71, 2177, 57
1791644254.978722,24.66, 2177, 57
1791644255.978847,24.58, 2177, 57
1791644256.979148,24.54, 2177, 57
1791644257.979379,24.57, 2177, 57
1791644258.979578,24.54, 2177, 57
1791644259.979799,24.68, 2177, 57
1791644260.979932,24.71, 2177, 57
1791644261.980135,24.56, 2177, 57
1791644262.980375,24.87, 2177, 57
1791644263.980597,24.69, 2177, 57
1791644264.980857,24.67, 2177, 57
1791644265.981700,24.64, 2177, 57
1791644266.982073,24.67, 2177, 57
1791644267.983005,24.75, 2177, 57
1791644268.983768,24.73, 2177, 57
1791644269.984600,24.56, 2171, 57
1791644270.985428,24.68, 2177, 57
1791644271.986373,24.63, 2177, 57
1791644272.986467,24.62, 2177, 57
1791644273.987323,24.68, 2177, 57
1791644274.987381,24.77, 2171, 57
1791644275.987797,24.67, 2177, 57
1791644276.988688,24.58, 2177, 57
1791644277.989179,24.63, 2177, 57
1791644278.989976,24.66, 2177, 57
1791644279.990808,24.57, 2171, 57
1791644280.991716,24.74, 2177, 57
1791644281.992506,24.59, 2171, 57
1791644282.993150,24.79, 2177, 57
1791644283.993369,24.63, 2177, 57
1791644284.994099,24.67, 2177, 57
1791644285.994985,24.61, 2171, 57
1791644286.995772,24.63, 2177, 57
1791644287.996638,24.64, 2171, 57
1791644288.996960,24.71, 2177, 57
1791644289.997023,24.65, 2177, 57
1791644290.997278,24.59, 2177, 57
1791644291.997580,24.52, 2171, 57
1791644292.997862,24.52, 2177, 57
1791644293.997959,24.60, 2171, 57
1791644294.997940,24.63, 2171, 57
1791644295.998107,24.75, 2171, 57
1791644296.998231,24.71, 2177, 57
1791644297.998340,24.58, 2171, 57
1791644298.998417,24.59, 2177, 57
1791644299.998552,24.50, 2171, 57
1791644300.998686,24.55, 2177, 57
1791644301.998729,24.52, 2171, 57
1791644302.998850,24.67, 2171, 57
1791644303.999165,24.61, 2177, 57
1791644304.999465,24.72, 2171, 57
1791644305.999616,25.02, 2171, 57
1791644306.999743,24.59, 2171, 57
1791644308.000070,24.60, 2171, 57
1791644309.000351,24.61, 2171, 57
1791644310.001094,24.77, 2171, 57
1791644311.002021,24.72, 2171, 57
1791644312.002787,24.70, 2177, 57
1791644313.003615,24.67, 2177, 57
1791644314.004034,24.75, 2177, 57
1791644315.004325,24.80, 2177, 57
1791644316.004640,24.66, 2177, 57
1791644317.005483,24.77, 2171, 57
1791644318.006297,24.85, 2177, 57
1791644319.007072,24.81, 2177, 57
1791644320.007897,24.68, 2177, 57
1791644321.008692,24.79, 2177, 57
1791644322.009366,24.72, 2177, 57
1791644323.010122,24.73, 2177, 57
1791644324.010895,24.74, 2177, 57
1791644325.011680,24.70, 2171, 57
1791644326.012523,24.68, 2171, 57
1791644327.013265,24.62, 2171, 57
1791644328.013769,24.60, 2171, 57
1791644329.014231,24.67, 2171, 57
1791644330.014305,24.63, 2177, 57
1791644331.015097,24.74, 2177, 57
1791644332.015685,24.83, 2171, 57
1791644333.016530,24.79, 2177, 57
1791644334.017358,24.67, 2171, 57
1791644335.017894,24.67, 2171, 57
1791644336.018997,24.56, 2177, 57
1791644337.019486,24.60, 2177, 57
1791644338.020232,24.58, 2171, 57
1791644339.021104,24.67, 2177, 57
1791644340.021364,24.74, 2171, 57
1791644341.021506,24.73, 2171, 57
1791644342.021964,24.76, 2171, 57
1791644343.022411,24.81, 2177, 57
1791644344.022531,24.77, 2171, 57
1791644345.023133,24.76, 2171, 57
1791644346.023367,24.87, 2171, 57
1791644347.023671,24.79, 2177, 57
1791644348.024107,24.80, 2177, 57
1791644349.024625,24.76, 2177, 57
1791644350.024725,24.86, 2177, 57
1791644351.024851,24.81, 2171, 57
1791644352.025346,24.81, 2171, 57
1791644353.025957,24.77, 2171, 57
1791644354.026017,24.66, 2177, 57
1791644355.026190,24.63, 2177, 57
1791644356.026333,28.40, 2171, 57
1791644357.026809,27.23, 2171, 57
1791644358.026892,26.89, 2171, 57
1791644359.027445,26.96, 2171, 57
1791644360.027828,26.94, 2171, 57
1791644361.028295,27.10, 2171, 57
1791644362.028770,26.75, 2171, 58
1791644363.029249,26.76, 2171, 57
1791644364.029761,27.03, 2171, 58
1791644365.029865,26.79, 2171, 58
1791644366.030032,26.73, 2171, 58
1791644367.030043,26.76, 2171, 58
1791644368.030276,26.83, 2171, 58
1791644369.030759,27.09, 2171, 58
1791644370.031336,27.01, 2171, 58
1791644371.031741,26.56, 2171, 58
1791644372.031990,26.50, 2171, 58
1791644373.032518,26.58, 2171, 57
1791644374.033113,26.86, 2171, 58
1791644375.033493,26.58, 2171, 58
1791644376.033916,26.96, 2171, 58
1791644377.034420,26.70, 2171, 59
1791644378.034897,27.10, 2171, 58
1791644379.035445,27.06, 2171, 58
1791644380.035574,27.07, 2171, 58
1791644381.036087,26.95, 2171, 58
1791644382.036558,26.96, 2171, 58
1791644383.037048,27.00, 2171, 58
1791644384.037614,26.73, 2171, 58
1791644385.038117,27.02, 2171, 58
1791644386.038655,27.14, 2171, 59
1791644387.039169,27.13, 2171, 58
1791644388.039627,27.00, 2171, 58
1791644389.040069,26.83, 2171, 58
1791644390.040350,26.82, 2171, 58
1791644391.040512,26.87, 2171, 58
1791644392.040814,27.08, 2171, 58
1791644393.041244,26.98, 2171, 58
1791644394.041749,26.90, 2171, 59
1791644395.041949,27.08, 2171, 58
1791644396.042420,26.77, 2171, 58
1791644397.042887,27.31, 2171, 59
1791644398.043662,27.10, 2171, 58
1791644399.044150,27.04, 2171, 58
1791644400.044264,26.95, 2171, 58
1791644401.044807,26.85, 2171, 58
1791644402.045492,26.85, 2171, 58
1791644403.046056,26.79, 2171, 58
1791644404.046844,26.93, 2171, 58
1791644405.046865,26.90, 2171, 59
1791644406.047360,27.04, 2171, 58
1791644407.047806,27.13, 2171, 58
1791644408.048004,27.12, 2171, 58
1791644409.048213,27.04, 2171, 58
1791644410.048347,27.09, 2171, 58
1791644411.048838,27.12, 2171, 58
1791644412.049145,27.17, 2171, 58
1791644413.049614,27.01, 2171, 59
1791644414.050304,26.96, 2171, 58
1791644415.050551,27.25, 2171, 58
1791644416.051337,27.26, 2171, 59
1791644417.051561,27.32, 2171, 58
1791644418.051662,27.31, 2171, 58
1791644419.051825,27.07, 2171, 59
1791644420.052037,27.38, 2171, 58
1791644421.052685,27.16, 2171, 58
1791644422.052902,27.19, 2171, 59
1791644423.053234,27.12, 2171, 58
1791644424.053769,27.27, 2171, 58
1791644425.054252,27.09, 2171, 58
1791644426.054766,27.31, 2171, 58
1791644427.055155,26.96, 2171, 58
1791644428.055394,27.05, 2171, 58
1791644429.055883,27.10, 2171, 58
1791644430.055992,27.15, 2171, 58
1791644431.056507,27.13, 2171, 58
1791644432.056784,26.92, 2171, 58
1791644433.057254,27.07, 2171, 58
1791644434.057553,26.86, 2171, 58
1791644435.057641,26.85, 2171, 58
1791644436.058148,26.99, 2171, 58
1791644437.058276,26.94, 2171, 58
1791644438.058743,27.00, 2171, 58
1791644439.059250,27.04, 2171, 58
1791644440.059506,26.80, 2171, 58
1791644441.059701,26.86, 2171, 59
1791644442.060008,27.28, 2171, 59
1791644443.060312,27.40, 2171, 59
1791644444.060531,27.26, 2171, 58
1791644445.060639,27.13, 2171, 58
1791644446.060780,27.14, 2171, 59
1791644447.060889,26.85, 2171, 58
1791644448.061155,26.76, 2171, 58
1791644449.061365,26.32, 2171, 58
1791644450.061614,26.57, 2171, 58
1791644451.061756,26.23, 2171, 59
1791644452.062004,26.06, 2171, 59
1791644453.062584,25.96, 2171, 59
1791644454.062591,26.08, 2171, 59
1791644455.062842,26.22, 2171, 58
1791644456.063438,26.15, 2171, 59
1791644457.064128,25.84, 2171, 59
1791644458.064826,25.87, 2171, 58
1791644459.065277,25.67, 2171, 59
1791644460.065755,25.31, 2171, 58
1791644461.066400,24.78, 2171, 58
1791644462.066882,27.91, 2171, 59
1791644463.067160,27.77, 2171, 59
1791644464.067566,27.19, 2171, 59
1791644465.068036,27.13, 2171, 59
1791644466.068651,27.14, 2171, 59
1791644467.069189,27.17, 2171, 59
1791644468.069737,27.07, 2171, 59
1791644469.070279,26.94, 2171, 59
1791644470.071112,27.02, 2171, 59
1791644471.071012,27.23, 2171, 59
1791644472.071214,26.98, 2171, 59
1791644473.071763,27.18, 2171, 59
1791644474.072234,26.99, 2171, 59
1791644475.072464,26.95, 2171, 59
1791644476.072686,27.08, 2171, 59
1791644477.072886,27.03, 2171, 59
1791644478.073203,26.85, 2171, 59
1791644479.073408,26.68, 2171, 59
1791644480.073621,26.81, 2171, 59
1791644481.073902,26.85, 2171, 59
1791644482.074138,26.87, 2171, 59
1791644483.074225,26.82, 2171, 59
1791644484.074482,27.13, 2171, 59
1791644485.075443,27.10, 2171, 59
1791644486.075887,27.17, 2171, 59
1791644487.076668,27.28, 2171, 59
1791644488.077048,26.90, 2171, 59
1791644489.077950,27.14, 2171, 59
1791644490.078763,27.16, 2171, 59
1791644491.079637,27.21, 2171, 59
1791644492.079655,27.17, 2171, 59
1791644493.080558,26.83, 2171, 59
1791644494.080685,27.32, 2171, 59
1791644495.081492,26.81, 2171, 58
1791644496.082069,26.96, 2171, 59
1791644497.082134,26.79, 2171, 59
1791644498.082999,26.38, 2171, 59
1791644499.083184,27.47, 2171, 59
1791644500.084358,27.15, 2171, 59
1791644501.085204,27.08, 2171, 58
1791644502.085916,26.99, 2171, 58
1791644503.086496,27.09, 2171, 59
1791644504.086599,27.50, 2171, 59
1791644505.087407,27.18, 2171, 59
1791644506.088145,27.07, 2171, 59
1791644507.089018,27.15, 2171, 59
1791644508.089802,27.13, 2171, 59
1791644509.090690,27.13, 2171, 59
1791644510.091466,26.99, 2171, 59
1791644511.092146,26.96, 2171, 59
1791644512.092630,26.91, 2171, 59
1791644513.093541,27.06, 2171, 58
1791644514.094244,26.99, 2171, 59
1791644515.094868,27.05, 2171, 59
1791644516.095692,26.97, 2171, 59
1791644517.096193,27.04, 2171, 59
1791644518.096890,27.76, 2171, 59
1791644519.097327,26.93, 2171, 59
1791644520.097481,27.12, 2171, 58
1791644521.098173,27.12, 2171, 59
1791644522.098158,26.70, 2171, 58
1791644523.098905,27.10, 2171, 59
1791644524.099772,26.43, 2171, 59
1791644525.100561,27.66, 2171, 59
1791644526.101414,27.46, 2171, 59
1791644527.101739,27.13, 2171, 58
1791644528.102385,27.25, 2171, 59
1791644529.103376,27.19, 2171, 59
1791644530.104202,27.15, 2171, 59
1791644531.104362,27.23, 2171, 59
1791644532.105004,27.32, 2171, 59
1791644533.105777,27.10, 2171, 59
1791644534.106614,27.24, 2171, 59
1791644535.107271,26.91, 2171, 59
1791644536.107885,26.83, 2171, 58
1791644537.108027,27.00, 2171, 59
1791644538.108133,26.92, 2171, 59
1791644539.108368,26.93, 2171, 58
1791644540.108552,26.93, 2171, 58
1791644541.109078,27.03, 2171, 58
1791644542.110010,27.06, 2171, 58
1791644543.110421,27.02, 2171, 59
1791644544.111344,27.06, 2171, 58
1791644545.111830,26.92, 2171, 59
1791644546.112509,26.94, 2171, 59
1791644547.113377,26.92, 2171, 59
1791644548.113575,26.75, 2171, 58
1791644549.114200,27.35, 2171, 59
1791644550.114403,26.98, 2171, 59
1791644551.115001,27.21, 2171, 59
1791644552.115471,27.03, 2171, 59
1791644553.115562,26.24, 2171, 58
1791644554.116496,26.24, 2171, 58
1791644555.117337,26.09, 2177, 58
1791644556.118262,25.92, 2171, 58
1791644557.119058,26.14, 2171, 58
1791644558.119491,26.22, 2171, 58
1791644559.120292,26.14, 2177, 59
1791644560.120948,26.21, 2171, 58
1791644561.120986,26.14, 2177, 58
1791644562.121424,26.22, 2171, 58
1791644563.121516,26.07, 2171, 58
1791644564.122376,25.95, 2171, 58
1791644565.123009,25.74, 2171, 59
1791644566.123838,25.77, 2171, 58
1791644567.124646,25.59, 2171, 58
1791644568.125449,25.05, 2177, 58
1791644569.125898,25.78, 2171, 58
1791644570.126123,28.55, 2171, 59
1791644571.126598,27.36, 2171, 58
1791644572.127060,27.06, 2171, 58
1791644573.127714,27.25, 2171, 59
1791644574.127819,27.11, 2171, 59
1791644575.128314,26.94, 2171, 58
1791644576.128898,26.84, 2171, 59
1791644577.129367,26.98, 2171, 59
1791644578.129611,27.11, 2171, 59
1791644579.129814,27.05, 2171, 59
1791644580.130275,26.88, 2171, 59
1791644581.130799,27.08, 2171, 59
1791644582.131285,26.95, 2171, 59
1791644583.131853,27.19, 2171, 59
1791644584.132360,26.93, 2171, 59
1791644585.132747,26.76, 2171, 59
1791644586.133236,26.87, 2171, 59
1791644587.133545,26.75, 2171, 59
1791644588.133814,26.88, 2171, 59
1791644589.134377,26.76, 2171, 59
1791644590.134511,27.00, 2171, 59
1791644591.135024,27.17, 2171, 59
1791644592.135142,27.12, 2171, 59
1791644593.135610,27.17, 2171, 59
1791644594.136120,27.16, 2171, 59
1791644595.136580,27.07, 2171, 59
1791644596.137449,27.02, 2171, 59
1791644597.137556,27.13, 2171, 59
1791644598.137788,27.15, 2171, 59
1791644599.138295,27.16, 2171, 59
1791644600.138820,27.28, 2171, 59
1791644601.139370,27.05, 2171, 59
1791644602.139796,27.03, 2171, 59
1791644603.140362,27.01, 2171, 59
1791644604.140867,26.95, 2171, 59
1791644605.141365,27.02, 2171, 59
1791644606.141834,26.80, 2171, 59
1791644607.142369,27.24, 2171, 59
1791644608.142898,27.19, 2171, 59
1791644609.143403,27.36, 2171, 59
1791644610.143828,27.39, 2171, 59
1791644611.144043,27.21, 2171, 59
1791644612.144298,27.23, 2171, 59
1791644613.144778,27.22, 2171, 59
1791644614.144990,27.16, 2171, 59
1791644615.145121,27.07, 2171, 59
1791644616.145608,27.14, 2171, 59
1791644617.146152,27.33, 2171, 59
1791644618.146689,26.87, 2171, 59
1791644619.147065,27.08, 2171, 59
1791644620.147643,26.98, 2171, 59
1791644621.148137,27.03, 2171, 59
1791644622.148391,26.98, 2171, 59
1791644623.148537,27.00, 2171, 59
1791644624.148661,27.35, 2171, 59
1791644625.148878,27.06, 2171, 59
1791644626.148984,27.14, 2171, 59
1791644627.149159,26.95, 2171, 59
1791644628.149314,27.02, 2171, 59
1791644629.149563,27.37, 2171, 59
1791644630.149797,27.10, 2171, 59
1791644631.150078,26.92, 2171, 59
1791644632.150298,27.25, 2171, 59
1791644633.150525,27.24, 2171, 59
1791644634.151021,27.19, 2171, 59
1791644635.151612,27.54, 2171, 59
1791644636.152089,27.42, 2171, 59
1791644637.152603,27.41, 2171, 59
1791644638.153111,27.32, 2171, 59
1791644639.153520,27.15, 2171, 59
1791644640.154094,27.32, 2171, 59
1791644641.154569,26.79, 2171, 59
1791644642.155080,27.26, 2171, 59
1791644643.155552,27.22, 2171, 59
1791644644.155786,27.17, 2171, 60
1791644645.155981,27.10, 2171, 59
1791644646.156459,27.11, 2171, 59
1791644647.156944,27.16, 2171, 59
1791644648.157460,27.28, 2171, 59
1791644649.157746,26.94, 2171, 59
1791644650.158263,27.27, 2171, 59
1791644651.158564,27.06, 2171, 59
1791644652.159032,26.88, 2171, 59
1791644653.159290,27.10, 2171, 59
1791644654.159485,27.09, 2171, 59
1791644655.159726,26.88, 2171, 59
1791644656.159994,26.98, 2171, 59
1791644657.160207,27.35, 2171, 59
1791644658.160432,27.27, 2171, 59
1791644659.160671,27.31, 2171, 59
1791644660.160821,27.40, 2171, 59
1791644661.161039,27.22, 2171, 59
1791644662.161570,26.69, 2171, 59
1791644663.162007,26.45, 2171, 59
1791644664.162536,26.33, 2171, 59
1791644665.162816,26.36, 2171, 59
1791644666.163279,26.23, 2177, 59
1791644667.163408,26.18, 2177, 59
1791644668.163625,26.26, 2171, 59
1791644669.164127,26.16, 2171, 59
1791644670.164253,25.98, 2177, 59
1791644671.164648,25.91, 2177, 59
1791644672.164808,26.00, 2177, 59
1791644673.165261,25.86, 2177, 59
1791644674.165770,25.38, 2177, 58
1791644675.165977,24.75, 2177, 58
1791644676.166900,23.78, 2177, 58
1791644677.167692,11.29, 2177, 56
1791644678.168469,11.54, 2177, 56
1791644679.169245,11.89, 2177, 55
1791644680.169310,10.98, 2177, 55
1791644681.170732,8.51, 312, 54
1791644682.171014,6.47, 305, 53
1791644683.171803,6.35, 305, 53
1791644684.172600,6.35, 305, 53
1791644685.173395,5.69, 305, 53
1791644686.174439,5.63, 208, 52
1791644687.175043,5.59, 305, 52
1791644688.175714,5.55, 208, 52
1791644689.176502,5.61, 208, 51
1791644690.177893,5.64, 305, 51
1791644691.177908,5.64, 305, 51
1791644692.178769,5.49, 305, 51
1791644693.179601,5.37, 208, 51
1791644694.180392,5.42, 305, 50
1791644695.180462,5.36, 208, 50
1791644696.180467,5.39, 305, 50
1791644697.180668,5.59, 305, 50
1791644698.181135,5.59, 305, 50
1791644699.181257,5.49, 305, 49
1791644700.181365,5.45, 208, 49
1791644701.182412,5.45, 305, 49
1791644702.182481,5.41, 208, 49
1791644703.183333,5.35, 305, 49
1791644704.184132,5.44, 305, 49
1791644705.184972,5.57, 305, 49
1791644706.185274,5.47, 305, 49
1791644707.185479,5.47, 208, 48
1791644708.185954,5.55, 305, 48
1791644709.186212,5.52, 208, 48
1791644710.186401,5.51, 305, 48
1791644711.186899,5.54, 305, 48
1791644712.187711,5.60, 305, 48
1791644713.188512,5.40, 305, 48
1791644714.189096,5.33, 208, 48
1791644715.190957,5.37, 305, 48
1791644716.190010,5.36, 208, 48
1791644717.190602,5.38, 305, 48
1791644718.190707,5.39, 305, 47
1791644719.191186,5.52, 305, 47
1791644720.191811,5.65, 305, 47
1791644721.192428,5.63, 305, 47
1791644722.193251,5.37, 305, 47
1791644723.193606,5.35, 208, 47
1791644724.194394,5.33, 305, 47
1791644725.195010,5.34, 305, 47
1791644726.195052,5.45, 305, 47
1791644727.195933,5.45, 305, 47
1791644728.196382,5.35, 305, 47
1791644729.196582,5.29, 208, 47
1791644730.196684,5.31, 208, 47
1791644731.197129,5.32, 305, 47
1791644732.197233,5.32, 273, 46
1791644733.197451,5.42, 305, 46
1791644734.197658,5.42, 305, 46
1791644735.197654,5.35, 305, 46
1791644736.197855,5.37, 208, 46
1791644737.198047,7.99, 2177, 47
1791644738.198239,10.61, 2177, 47
1791644739.198761,10.84, 2177, 47
1791644740.198747,10.80, 2177, 47
1791644741.198845,10.76, 2177, 47
1791644742.199356,10.74, 2177, 47
1791644743.199243,10.71, 2177, 47
1791644744.199514,10.73, 2177, 47
1791644745.199624,10.69, 2177, 47
1791644746.200007,10.71, 2177, 47
1791644747.200506,10.74, 2177, 47
1791644748.200449,10.72, 2177, 47
1791644749.200628,10.69, 2177, 47
1791644750.201061,10.50, 2177, 47
1791644751.201589,10.14, 2177, 47
1791644752.201345,10.10, 2177, 47
1791644753.201437,10.11, 2177, 46
1791644754.201633,10.15, 2177, 46
1791644755.201854,10.25, 2177, 46
1791644756.202048,10.20, 2177, 46
1791644757.202253,10.08, 2177, 46
1791644758.202460,10.09, 2177, 46
1791644759.202644,10.10, 2177, 46
1791644760.202857,10.05, 2177, 46
1791644761.203071,10.06, 2177, 46
1791644762.203270,10.08, 2177, 46
1791644763.203503,10.06, 2177, 46
1791644764.203690,10.07, 2177, 46
1791644765.203890,10.08, 2177, 46
1791644766.204093,10.03, 2177, 46
1791644767.204284,10.05, 2177, 46
1791644768.204564,10.06, 2177, 46
1791644769.204783,10.05, 2177, 46
1791644770.205116,10.04, 2177, 46
1791644771.205205,10.17, 2177, 46
1791644772.205353,10.19, 2177, 46
1791644773.205392,10.19, 2177, 46
1791644774.205625,10.19, 2177, 46
1791644775.205811,10.19, 2177, 46
1791644776.206033,10.20, 2177, 46
1791644777.206121,10.20, 2177, 46
1791644778.206335,10.19, 2177, 46
1791644779.206831,10.19, 2177, 46
1791644780.206749,10.20, 2177, 46
1791644781.206816,10.21, 2177, 46
1791644782.206932,10.21, 2177, 46
1791644783.207035,10.20, 2177, 46
1791644784.207224,10.20, 2177, 46
1791644785.207640,10.31, 2177, 46
1791644786.207743,13.35, 2177, 46
1791644787.207843,12.65, 2177, 46
1791644788.207950,10.36, 2177, 46
1791644789.208152,10.59, 2177, 46
1791644790.208403,15.70, 2177, 46
1791644791.208494,10.09, 2177, 46
1791644792.208700,10.07, 2177, 46
1791644793.208910,10.09, 2177, 46
1791644794.209111,10.09, 2177, 46
1791644795.210075,10.05, 2177, 46
1791644796.209935,11.11, 2177, 46
1791644797.210526,28.44, 2177, 50
1791644798.210593,21.34, 2177, 48
1791644799.211102,18.36, 2177, 48
1791644800.211428,19.36, 2177, 48
1791644801.211895,19.56, 2177, 48
1791644802.212850,36.01, 2177, 51
1791644803.213233,29.06, 2171, 54
1791644804.213859,22.79, 2177, 48
1791644805.214597,14.15, 2177, 48
1791644806.214911,10.24, 2177, 47
1791644807.215332,10.24, 2177, 47
1791644808.215685,10.20, 2177, 47
1791644809.216249,10.21, 2177, 47
1791644810.216338,30.21, 2171, 58
1791644811.216834,61.78, 2171, 53
1791644812.217421,67.54, 2171, 60
1791644813.217645,66.07, 2171, 57
1791644814.217784,63.28, 2171, 59
1791644815.218098,68.45, 2171, 61
1791644816.218653,66.80, 2177, 58
1791644817.219068,65.34, 2177, 61
1791644818.219387,69.10, 2177, 63
1791644819.219961,65.76, 2177, 57
1791644820.220494,66.40, 2177, 63
1791644821.220600,69.81, 2177, 64
1791644822.220815,18.35, 2177, 52
1791644823.220911,11.67, 2177, 52
1791644824.221587,37.64, 2171, 56
1791644825.222297,38.13, 2177, 53
1791644826.222397,13.13, 2177, 51
1791644827.222548,13.32, 2177, 52
1791644828.222635,27.18, 2177, 55
1791644829.223283,36.92, 2177, 55
1791644830.223652,37.47, 2177, 56
1791644831.224006,36.50, 2177, 56
1791644832.224506,35.20, 2177, 56
1791644833.224604,28.69, 2177, 52
1791644834.224906,10.67, 2177, 51
1791644835.225009,12.86, 2177, 51
1791644836.225463,12.71, 2177, 51
1791644837.225662,12.76, 2177, 51
1791644838.226085,11.84, 2177, 50
1791644839.226083,11.54, 2177, 50
1791644840.226589,12.76, 2177, 50
1791644841.226808,11.89, 2177, 50
1791644842.227066,13.10, 2177, 51
1791644843.227169,16.54, 2177, 49
1791644844.227399,10.40, 2177, 49
1791644845.227578,10.44, 2177, 49
1791644846.227780,10.38, 2177, 49
1791644847.227994,10.37, 2177, 49
1791644848.228332,10.34, 2177, 49
1791644849.228385,10.31, 2177, 48
1791644850.228624,10.32, 2177, 48
1791644851.228829,10.30, 2177, 48
1791644852.228933,10.27, 2177, 48
1791644853.229123,10.30, 2177, 48
1791644854.229340,10.28, 2177, 48
1791644855.229447,10.26, 2177, 48
1791644856.229714,10.24, 2177, 48
1791644857.229911,10.28, 2177, 48
1791644858.230012,10.24, 2177, 48
1791644859.230148,10.13, 2177, 47
1791644860.230310,10.03, 2177, 47
1791644861.230399,10.03, 2177, 47
1791644862.231462,9.99, 2177, 47
1791644863.231360,9.97, 2177, 47
1791644864.231484,9.95, 2177, 47
1791644865.232139,9.91, 2177, 47
1791644866.232537,9.90, 2177, 46
1791644867.232913,9.89, 2177, 46
1791644868.233005,9.92, 2177, 46
1791644869.234341,9.89, 2177, 46
1791644870.234625,9.83, 2177, 46
1791644871.234970,9.83, 2177, 46
1791644872.235568,9.87, 2177, 46
1791644873.236417,9.85, 2177, 46
1791644874.236678,9.82, 2177, 46
1791644875.237258,9.83, 2177, 46
1791644876.238075,9.83, 2177, 45
1791644877.238091,9.83, 2177, 45
1791644878.238049,9.83, 2177, 45
1791644879.238348,12.69, 2177, 45
1791644880.238522,9.88, 2177, 45
1791644881.239287,9.83, 2177, 45
1791644882.239359,9.84, 2177, 45
1791644883.239427,9.77, 2177, 45
1791644884.239510,9.78, 2177, 45
1791644885.239606,9.78, 2177, 45
1791644886.239696,9.78, 2177, 45
1791644887.239893,9.84, 2177, 45
1791644888.240165,9.78, 2177, 45
1791644889.240335,9.78, 2177, 45
1791644890.240536,9.76, 2177, 45
1791644891.241033,9.74, 2177, 45
1791644892.240983,9.71, 2177, 44
1791644893.241678,9.69, 2177, 44
1791644894.242503,9.70, 2177, 44
1791644895.242578,9.71, 2177, 44
1791644896.243283,9.68, 2177, 44
1791644897.243437,9.66, 2177, 44
1791644898.244117,9.64, 2177, 44
1791644899.244484,9.66, 2177, 44
1791644900.245106,9.70, 2177, 44
1791644901.245164,9.73, 2177, 44
1791644902.245226,9.69, 2177, 44
1791644903.245980,9.64, 2177, 44
1791644904.246618,9.59, 2177, 44
1791644905.247659,9.59, 2177, 44
1791644906.247822,9.57, 2177, 44
1791644907.248241,9.57, 2177, 44
1791644908.248861,9.58, 2177, 44
1791644909.249479,9.62, 2177, 44
1791644910.249873,9.60, 2177, 44
1791644911.250453,9.64, 2177, 44
1791644912.250867,9.63, 2177, 44
1791644913.251486,9.60, 2177, 44
1791644914.252167,9.61, 2177, 43
1791644915.252550,9.63, 2177, 43
1791644916.253697,9.60, 2184, 43
1791644917.254392,9.62, 2184, 43
1791644918.254506,9.61, 2184, 43
1791644919.254970,9.58, 2184, 43
1791644920.255612,9.55, 2184, 43
1791644921.256484,9.59, 2184, 43
1791644922.256633,9.58, 2184, 43
1791644923.257260,9.54, 2184, 43
1791644924.258693,9.56, 2184, 43
1791644925.258103,9.58, 2184, 43
1791644926.258794,9.59, 2184, 43
1791644927.259046,9.59, 2184, 43
1791644928.259711,9.59, 2184, 43
1791644929.260505,9.54, 2184, 43
1791644930.261675,9.52, 2184, 43
1791644931.261464,9.53, 2184, 43
1791644932.262195,9.56, 2184, 43
1791644933.262777,9.51, 2184, 43
1791644934.263180,9.51, 2184, 43
1791644935.263793,9.52, 2184, 43
1791644936.264624,9.56, 2184, 43
1791644937.265217,9.54, 2184, 43
1791644938.265603,9.47, 2184, 43
1791644939.266258,9.48, 2184, 43
1791644940.266718,9.51, 2184, 43
1791644941.266580,9.52, 2184, 43
1791644942.267788,9.53, 2184, 43
1791644943.267818,9.48, 2184, 43
1791644944.268403,9.51, 2184, 43
1791644945.268848,9.47, 2184, 43
1791644946.269442,9.52, 2184, 43
1791644947.270000,9.52, 2184, 43
1791644948.270582,9.52, 2184, 43
1791644949.270614,9.47, 2184, 43
1791644950.271187,9.51, 2184, 42
1791644951.271289,9.50, 2184, 42
1791644952.271952,9.54, 2184, 42
1791644953.272365,9.54, 2184, 42
1791644954.272802,9.53, 2184, 42
1791644955.273388,9.49, 2184, 42
1791644956.274093,9.49, 2184, 42
1791644957.274426,9.47, 2184, 42
1791644958.274989,9.50, 2184, 42
1791644959.275605,9.45, 2184, 42
1791644960.276302,9.49, 2184, 42
1791644961.277336,9.44, 2184, 42
1791644962.277453,9.49, 2184, 42
1791644963.277637,9.40, 2184, 42
1791644964.278229,9.44, 2184, 42
1791644965.278846,9.39, 2184, 42
1791644966.279117,9.42, 2184, 42
1791644967.279777,9.41, 2184, 42
1791644968.280312,9.43, 2184, 42
1791644969.280577,9.45, 2184, 42
1791644970.280653,9.42, 2184, 42
1791644971.280774,9.43, 2184, 42
1791644972.280981,9.42, 2184, 42
1791644973.281448,9.43, 2184, 42
1791644974.281537,9.46, 2184, 42
1791644975.281986,9.50, 2184, 42
1791644976.282061,9.47, 2184, 42
1791644977.282745,9.45, 2184, 42
1791644978.283408,9.45, 2184, 42
1791644979.283965,9.47, 2184, 42
1791644980.284360,9.49, 2184, 42
1791644981.285048,9.45, 2184, 42
1791644982.285369,9.44, 2184, 42
1791644983.285320,9.47, 2184, 42
1791644984.285373,9.49, 2184, 42
1791644985.285893,9.43, 2184, 42
1791644986.286510,9.41, 2184, 42
1791644987.287124,9.45, 2184, 42
1791644988.287524,9.43, 2184, 42
1791644989.287592,9.43, 2184, 42
1791644990.288251,9.39, 2184, 42
1791644991.289364,9.40, 2184, 42
1791644992.289490,9.42, 2184, 42
1791644993.289453,9.41, 2184, 42
1791644994.290093,9.37, 2184, 42
1791644995.290091,9.37, 2184, 42
1791644996.290650,9.35, 2184, 42
1791644997.291221,9.37, 2184, 42
1791644998.292100,9.42, 2184, 42
1791644999.292193,9.42, 2184, 42
1791645000.292268,9.38, 2184, 42
1791645001.292364,9.38, 2184, 42
1791645002.293141,9.45, 2184, 42
1791645003.293580,9.40, 2184, 42
1791645004.293866,9.41, 2184, 42
1791645005.294430,9.38, 2184, 42
1791645006.295039,9.44, 2184, 42
1791645007.295183,9.44, 2184, 42
1791645008.295842,9.54, 2184, 42
1791645009.295900,12.95, 2184, 44
1791645010.296419,23.01, 2177, 46
1791645011.296550,34.86, 2177, 45
1791645012.296736,23.25, 2177, 45
1791645013.297086,23.37, 2177, 45
1791645014.297582,23.35, 2177, 46
1791645015.297659,23.41, 2177, 46
1791645016.298182,23.33, 2177, 46
1791645017.298082,34.17, 2177, 49
1791645018.298310,25.53, 2177, 47
1791645019.298546,23.40, 2177, 47
1791645020.298835,23.58, 2177, 47
1791645021.299044,23.54, 2177, 47
1791645022.299528,23.50, 2177, 47
1791645023.299648,23.57, 2177, 48
1791645024.300044,23.51, 2177, 48
1791645025.300766,23.57, 2177, 48
1791645026.300908,34.39, 2177, 50
1791645027.301134,25.37, 2177, 48
1791645028.301790,23.44, 2177, 48
1791645029.302376,23.47, 2177, 49
1791645030.303014,23.51, 2177, 49
1791645031.303169,23.46, 2177, 49
1791645032.303842,23.59, 2177, 49
1791645033.303976,23.63, 2177, 49
1791645034.304672,23.43, 2177, 49
1791645035.304958,37.22, 2177, 52
1791645036.305834,24.01, 2177, 49
1791645037.306030,23.55, 2177, 49
1791645038.306353,23.58, 2177, 50
1791645039.306418,23.63, 2177, 50
1791645040.306403,23.66, 2177, 50
1791645041.307086,23.79, 2177, 50
1791645042.307769,23.77, 2177, 50
1791645043.308304,23.82, 2177, 50
1791645044.308348,19.99, 2177, 48
1791645045.308888,16.06, 2177, 50
1791645046.309299,26.08, 2177, 52
1791645047.309997,31.23, 2177, 49
1791645048.310302,39.50, 2171, 53
1791645049.310650,41.03, 2171, 53
1791645050.310752,30.60, 2177, 49
1791645051.311324,40.92, 2171, 54
1791645052.311297,41.30, 2171, 54
1791645053.311431,35.21, 2177, 53
1791645054.311984,36.53, 2177, 53
1791645055.312100,27.61, 2177, 52
1791645056.312540,27.59, 2177, 52
1791645057.312778,27.71, 2177, 52
1791645058.313157,27.75, 2177, 52
1791645059.313528,27.47, 2177, 53
1791645060.314127,27.29, 2177, 53
1791645061.314560,27.09, 2177, 53
1791645062.315071,26.88, 2171, 53
1791645063.315229,26.67, 2171, 52
1791645064.315905,26.66, 2171, 53
1791645065.316493,26.34, 2171, 53
1791645066.316733,26.43, 2171, 53
1791645067.317211,26.16, 2171, 53
1791645068.317647,25.97, 2171, 53
1791645069.318710,25.46, 2171, 53
1791645070.318760,25.31, 2177, 53
1791645071.319251,25.17, 2177, 53
1791645072.319940,24.77, 2177, 53
1791645073.320543,24.76, 2177, 53
1791645074.320823,24.76, 2177, 53
1791645075.320887,24.21, 2177, 53
1791645076.321610,32.90, 2171, 56
1791645077.321707,41.47, 2171, 56
1791645078.322406,38.37, 2171, 55
1791645079.322416,35.27, 2171, 56
1791645080.322931,41.55, 2171, 57
1791645081.322849,35.79, 2177, 53
1791645082.323384,40.67, 2171, 56
1791645083.323714,37.86, 2171, 55
1791645084.323832,27.90, 2171, 54
1791645085.324345,27.24, 2171, 54
1791645086.325026,27.42, 2171, 54
1791645087.325530,26.93, 2171, 54
1791645088.325673,27.08, 2171, 54
1791645089.326360,27.10, 2171, 54
1791645090.326651,27.01, 2171, 54
1791645091.326748,26.71, 2171, 55
1791645092.326891,26.69, 2171, 54
1791645093.326997,26.72, 2171, 54
1791645094.327336,26.52, 2171, 54
1791645095.327339,26.48, 2171, 55
1791645096.327550,26.37, 2171, 54
1791645097.327788,26.12, 2171, 54
1791645098.328011,26.31, 2171, 55
1791645099.328186,26.39, 2171, 55
1791645100.328400,26.39, 2171, 55
1791645101.328502,26.43, 2171, 55
1791645102.328950,26.25, 2171, 55
1791645103.329323,26.23, 2171, 55
1791645104.329711,26.15, 2171, 55
1791645105.330050,25.92, 2171, 55
1791645106.330620,25.18, 2177, 54
1791645107.330804,24.21, 2171, 54
1791645108.331070,25.84, 2171, 56
1791645109.331389,33.69, 2171, 53
1791645110.331465,40.62, 2171, 57
1791645111.331708,41.82, 2171, 57
1791645112.332087,33.44, 2171, 56
1791645113.332864,41.45, 2171, 58
1791645114.333520,41.82, 2171, 58
1791645115.333957,35.83, 2171, 58
1791645116.334679,35.44, 2171, 56
1791645117.334571,27.84, 2171, 56
1791645118.335058,27.67, 2171, 56
1791645119.335205,27.50, 2171, 56
1791645120.335644,28.17, 2171, 56
1791645121.335938,28.10, 2171, 56
1791645122.336210,27.95, 2171, 56
1791645123.336831,27.84, 2171, 56
1791645124.337529,27.65, 2171, 56
1791645125.337360,27.36, 2171, 56
1791645126.337660,27.25, 2171, 56
1791645127.337786,27.26, 2171, 56
1791645128.338564,26.82, 2171, 56
1791645129.338840,26.25, 2171, 55
1791645130.338867,25.53, 2171, 55
1791645131.339388,25.20, 2171, 55
1791645132.339603,25.25, 2171, 55
1791645133.340330,25.01, 2177, 55
1791645134.340146,24.32, 2177, 55
1791645135.340997,34.96, 2171, 58
1791645136.341884,41.73, 2171, 58
1791645137.342099,36.52, 2171, 54
1791645138.342239,38.16, 2171, 58
1791645139.342604,41.96, 2171, 58
1791645140.343242,37.63, 2171, 58
1791645141.343646,41.67, 2171, 59
1791645142.344123,35.91, 2171, 57
1791645143.345045,28.16, 2171, 57
1791645144.345197,27.87, 2171, 57
1791645145.345886,28.02, 2171, 56
1791645146.346460,28.20, 2171, 57
1791645147.346494,27.98, 2171, 57
1791645148.347229,28.11, 2171, 57
1791645149.346950,27.88, 2171, 56
1791645150.347215,27.78, 2171, 56
1791645151.347534,27.24, 2171, 56
1791645152.348058,27.01, 2171, 56
1791645153.348316,27.13, 2171, 56
1791645154.348758,27.05, 2171, 56
1791645155.349108,26.92, 2171, 56
1791645156.349073,26.76, 2171, 56
1791645157.349047,26.77, 2171, 56
1791645158.349553,26.68, 2171, 57
1791645159.349665,26.41, 2171, 56
1791645160.349892,25.88, 2171, 56
1791645161.350339,25.84, 2171, 56
1791645162.350395,25.30, 2171, 56
1791645163.351957,20.92, 2177, 54
1791645164.351390,16.99, 2171, 56
1791645165.351882,30.76, 2171, 58
1791645166.352083,31.79, 2177, 56
1791645167.352743,32.26, 2171, 58
1791645168.352904,30.06, 2177, 56
1791645169.353338,24.39, 2177, 56
1791645170.353650,24.49, 2171, 56
1791645171.353747,35.32, 2171, 58
1791645172.353934,27.20, 2171, 56
1791645173.354206,24.38, 2177, 56
1791645174.354469,24.39, 2171, 56
1791645175.354743,24.42, 2171, 56
1791645176.354968,24.41, 2171, 56
1791645177.355241,24.60, 2177, 56
1791645178.355595,24.46, 2177, 56
1791645179.355782,26.36, 2171, 57
1791645180.355979,35.95, 2171, 56
1791645181.356244,24.57, 2171, 56
1791645182.357061,24.40, 2171, 56
1791645183.357166,24.40, 2171, 56
1791645184.357358,24.41, 2171, 56
1791645185.357690,24.55, 2177, 56
1791645186.358514,24.57, 2177, 56
1791645187.358369,14.53, 2177, 53
1791645188.358714,23.09, 2177, 55
1791645189.359261,35.34, 2171, 58
1791645190.359162,35.41, 2171, 60
1791645191.359852,41.48, 2171, 58
1791645192.359803,39.56, 2171, 56
1791645193.360676,37.12, 2171, 59
1791645194.360825,41.84, 2171, 59
1791645195.361460,37.60, 2171, 57
1791645196.362062,38.78, 2171, 57
1791645197.362620,27.64, 2171, 57
1791645198.363371,26.96, 2171, 57
1791645199.363489,26.70, 2171, 57
1791645200.363606,26.07, 2171, 56
1791645201.364079,25.88, 2177, 56
1791645202.364480,25.76, 2177, 56
1791645203.365014,25.90, 2171, 56
1791645204.365357,25.79, 2171, 56
1791645205.365546,25.82, 2171, 56
1791645206.365723,25.67, 2171, 56
1791645207.366288,25.83, 2171, 56
1791645208.366333,25.74, 2171, 57
1791645209.366987,25.73, 2171, 56
1791645210.367370,25.80, 2171, 56
1791645211.367830,25.45, 2171, 56
1791645212.368477,25.45, 2171, 56
1791645213.368203,25.21, 2177, 56
1791645214.369005,36.02, 2171, 59
1791645215.368432,40.92, 2171, 57
1791645216.368877,35.52, 2171, 59
1791645217.369178,41.69, 2171, 59
1791645218.370199,38.29, 2171, 58
1791645219.371017,37.96, 2171, 62
1791645220.371590,41.68, 2171, 60
1791645221.371695,36.85, 2171, 58
1791645222.372417,27.44, 2171, 57
1791645223.372785,27.12, 2171, 57
1791645224.373143,26.69, 2171, 57
1791645225.373967,26.77, 2171, 57
1791645226.374032,26.95, 2171, 57
1791645227.374730,26.83, 2171, 57
1791645228.375126,26.68, 2171, 57
1791645229.375623,26.85, 2171, 57
1791645230.376320,26.74, 2171, 58
1791645231.376442,26.60, 2171, 57
1791645232.377003,26.71, 2171, 57
1791645233.377310,26.76, 2171, 57
1791645234.377548,26.76, 2171, 57
1791645235.377799,26.87, 2171, 57
1791645236.378502,26.71, 2171, 57
1791645237.378698,26.85, 2171, 57
1791645238.378811,26.74, 2171, 58
1791645239.378918,26.61, 2171, 57
1791645240.379220,26.67, 2171, 57
1791645241.379357,26.57, 2171, 57
1791645242.379950,26.64, 2171, 58
1791645243.379978,25.70, 2171, 57
1791645244.380280,30.47, 2171, 59
1791645245.380946,41.99, 2171, 60
1791645246.381566,42.30, 2171, 61
1791645247.381529,35.01, 2171, 60
1791645248.382172,41.90, 2171, 60
1791645249.382364,39.48, 2171, 57
1791645250.382740,38.93, 2171, 60
1791645251.383012,40.27, 2171, 60
1791645252.383649,28.01, 2171, 58
1791645253.383989,27.49, 2171, 58
1791645254.384523,27.15, 2171, 58
1791645255.385063,27.14, 2171, 58
1791645256.385770,27.34, 2171, 58
1791645257.386122,26.97, 2171, 58
1791645258.386985,26.76, 2171, 58
1791645259.387356,26.85, 2171, 58
1791645260.387492,26.95, 2171, 58
1791645261.387789,26.82, 2171, 58
1791645262.388461,26.81, 2171, 58
1791645263.388755,26.76, 2171, 58
1791645264.389314,26.71, 2171, 58
1791645265.389887,26.78, 2171, 58
1791645266.389853,26.85, 2171, 58
1791645267.390342,26.83, 2171, 58
1791645268.391038,26.99, 2171, 58
1791645269.391208,26.63, 2171, 58
1791645270.391458,26.22, 2171, 58
1791645271.391574,26.03, 2171, 58
1791645272.392110,28.71, 2171, 60
1791645273.392400,42.04, 2171, 60
1791645274.392599,42.55, 2171, 61
1791645275.392711,33.96, 2171, 60
1791645276.392777,42.22, 2171, 60
1791645277.392958,42.18, 2171, 60
1791645278.393066,35.58, 2171, 61
1791645279.393910,42.19, 2171, 61
1791645280.394105,30.00, 2171, 58
1791645281.394408,28.07, 2171, 58
1791645282.394976,27.45, 2171, 59
1791645283.395318,27.36, 2171, 58
1791645284.395901,27.51, 2171, 58
1791645285.396501,27.12, 2171, 59
1791645286.396735,27.28, 2171, 58
1791645287.397187,27.33, 2171, 58
1791645288.397438,27.30, 2171, 58
1791645289.398041,27.11, 2171, 58
1791645290.398181,27.08, 2171, 58
1791645291.398795,27.15, 2171, 58
1791645292.399079,26.93, 2171, 59
1791645293.399510,27.02, 2171, 58
1791645294.399572,27.24, 2171, 58
1791645295.399749,26.93, 2171, 58
1791645296.400195,26.93, 2171, 58
1791645297.401040,26.90, 2171, 58
1791645298.401386,26.67, 2171, 58
1791645299.401900,25.68, 2171, 58
1791645300.401934,24.79, 2177, 58
1791645301.402657,22.39, 2171, 58
1791645302.402672,24.51, 2171, 57
1791645303.403070,24.47, 2171, 57
1791645304.403372,24.55, 2171, 57
1791645305.403973,24.48, 2171, 57
1791645306.404385,24.64, 2171, 57
1791645307.404523,24.81, 2171, 57
1791645308.404884,24.74, 2171, 57
1791645309.405013,24.65, 2171, 57
1791645310.405078,24.60, 2171, 57
1791645311.405497,24.63, 2171, 57
1791645312.405586,24.62, 2177, 57
1791645313.406498,24.69, 2177, 58
1791645314.407078,24.76, 2171, 57
1791645315.407678,24.82, 2177, 57
1791645316.408003,24.78, 2171, 57
1791645317.408223,24.75, 2177, 57
1791645318.408851,24.67, 2171, 57
1791645319.409402,24.59, 2171, 57
1791645320.409584,24.61, 2171, 57
1791645321.410080,24.67, 2171, 57
1791645322.410369,24.67, 2177, 57
1791645323.410875,24.78, 2177, 57
1791645324.411650,24.80, 2171, 57
1791645325.411872,24.50, 2171, 57
1791645326.412515,24.57, 2171, 57
1791645327.412823,24.58, 2171, 57
1791645328.413403,24.72, 2171, 57
1791645329.414193,24.79, 2171, 57
1791645330.414565,24.76, 2171, 57
1791645331.414674,24.83, 2171, 57
1791645332.414946,24.77, 2171, 57
1791645333.415663,24.74, 2171, 57
1791645334.415800,24.67, 2171, 57
1791645335.416474,24.73, 2171, 57
1791645336.416554,24.68, 2171, 57
1791645337.417044,24.70, 2171, 57
1791645338.417255,24.62, 2171, 57
1791645339.417887,24.67, 2171, 57
1791645340.418094,24.56, 2171, 57
1791645341.418718,24.63, 2171, 57
1791645342.419680,24.52, 2171, 57
1791645343.420137,24.83, 2171, 57
1791645344.420772,24.74, 2171, 57
1791645345.420538,24.68, 2171, 57
1791645346.421199,24.66, 2171, 57
1791645347.421537,24.53, 2171, 57
1791645348.421831,24.52, 2171, 57
1791645349.422299,24.75, 2171, 57
1791645350.422628,24.77, 2171, 57
1791645351.422978,24.78, 2171, 57
1791645352.423315,24.71, 2171, 57
1791645353.423798,24.76, 2171, 57
1791645354.424540,24.73, 2171, 57
1791645355.424941,24.76, 2171, 57
1791645356.425268,24.77, 2171, 57
1791645357.426057,24.66, 2171, 57
1791645358.426280,24.48, 2171, 57
1791645359.426724,24.49, 2171, 57
1791645360.427334,24.54, 2171, 57
1791645361.427500,24.47, 2171, 57
1791645362.428004,24.48, 2171, 57
1791645363.428201,24.65, 2171, 57
1791645364.428619,24.70, 2171, 57
1791645365.429033,24.52, 2171, 57
1791645366.429623,24.51, 2171, 57
1791645367.429789,24.50, 2171, 57
1791645368.430308,24.49, 2171, 57
1791645369.430788,24.47, 2171, 57
1791645370.431234,24.59, 2171, 57
1791645371.431761,24.58, 2171, 57
1791645372.431844,24.50, 2171, 57
1791645373.432208,24.45, 2171, 57
1791645374.432570,24.47, 2171, 57
1791645375.432631,24.47, 2171, 57
1791645376.432842,24.48, 2171, 57
1791645377.433401,24.70, 2171, 57
1791645378.433991,24.71, 2177, 57
1791645379.434362,24.82, 2171, 57
1791645380.434871,24.74, 2171, 57
1791645381.435621,24.83, 2177, 57
1791645382.435871,24.71, 2171, 57
1791645383.436462,24.76, 2171, 57
1791645384.436704,24.64, 2177, 57
1791645385.437007,24.73, 2177, 57
1791645386.437506,24.74, 2177, 57
1791645387.438021,24.79, 2177, 57
1791645388.438679,24.72, 2177, 57
1791645389.439044,24.67, 2177, 57
1791645390.439691,24.76, 2171, 57
1791645391.439896,24.64, 2177, 57
1791645392.440413,24.68, 2177, 57
1791645393.440901,24.81, 2177, 57
1791645394.441367,24.65, 2177, 57
1791645395.441788,24.67, 2171, 57
1791645396.442515,24.60, 2177, 57
1791645397.442819,24.48, 2177, 57
1791645398.443466,24.51, 2177, 57
1791645399.443744,24.81, 2177, 57
1791645400.444486,24.83, 2177, 57
1791645401.445034,24.72, 2177, 57
1791645402.445359,24.75, 2177, 57
1791645403.445896,24.72, 2177, 57
1791645404.446358,24.64, 2177, 57
1791645405.446605,24.65, 2177, 57
1791645406.446827,24.75, 2177, 57
1791645407.446993,24.77, 2177, 57
1791645408.447457,24.71, 2177, 57
1791645409.447837,24.76, 2177, 57
1791645410.447937,24.76, 2177, 57
1791645411.448510,24.76, 2177, 57
1791645412.448940,24.71, 2171, 57
1791645413.449577,24.73, 2177, 57
1791645414.449968,25.23, 2171, 57
1791645415.450600,24.56, 2171, 57
1791645416.450912,24.54, 2177, 57
1791645417.451336,24.60, 2171, 57
1791645418.451994,24.52, 2177, 57
1791645419.452472,24.57, 2177, 57
1791645420.452938,24.59, 2177, 57
1791645421.453546,24.83, 2177, 57
1791645422.453824,24.75, 2177, 57
1791645423.454454,24.72, 2171, 57
1791645424.455136,24.77, 2171, 57
1791645425.455244,24.76, 2171, 57
1791645426.455649,24.67, 2171, 57
1791645427.456345,24.56, 2171, 57
1791645428.456940,24.66, 2177, 57
1791645429.457608,24.83, 2177, 57
1791645430.458111,24.84, 2171, 57
1791645431.459077,24.92, 2171, 57
1791645432.459301,24.93, 2171, 57
1791645433.459420,24.89, 2171, 57
1791645434.459953,24.93, 2171, 57
1791645435.460202,24.90, 2171, 57
1791645436.460640,24.58, 2171, 57
1791645437.460897,24.58, 2171, 57
1791645438.461433,24.56, 2171, 57
1791645439.461747,24.58, 2177, 57
1791645440.462392,24.58, 2171, 57
1791645441.462506,24.43, 2171, 57
1791645442.463169,24.76, 2177, 57
1791645443.462973,24.79, 2177, 57
1791645444.463247,24.79, 2177, 57
1791645445.463779,24.70, 2171, 57
1791645446.464117,24.69, 2177, 57
1791645447.464727,24.61, 2177, 57
1791645448.465610,24.57, 2171, 57
1791645449.465363,24.61, 2177, 57
1791645450.465566,24.76, 2177, 57
1791645451.465775,24.73, 2177, 57
1791645452.465901,24.65, 2177, 57
1791645453.466139,24.63, 2171, 57
1791645454.466353,24.53, 2171, 57
1791645455.466483,24.52, 2171, 57
1791645456.466711,24.58, 2171, 57
1791645457.466716,24.68, 2171, 57
1791645458.466832,24.43, 2177, 57
1791645459.467044,24.44, 2177, 57
1791645460.467037,24.50, 2177, 57
1791645461.467256,24.56, 2177, 57
1791645462.467412,24.54, 2171, 57
1791645463.467904,24.68, 2171, 57
1791645464.468310,24.70, 2177, 57
1791645465.469033,24.65, 2177, 57
1791645466.469451,24.67, 2177, 57
1791645467.469886,24.75, 2171, 57
1791645468.470016,24.74, 2177, 57
1791645469.470634,24.51, 2177, 57
1791645470.470478,24.50, 2171, 57
1791645471.471273,24.70, 2171, 57
1791645472.471535,24.67, 2177, 57
1791645473.472278,24.64, 2171, 57
1791645474.472549,24.63, 2171, 57
1791645475.473510,24.66, 2171, 57
1791645476.473685,24.69, 2171, 57
1791645477.474079,24.70, 2171, 57
1791645478.474380,24.69, 2171, 57
1791645479.474993,24.68, 2177, 57
1791645480.475431,25.16, 2171, 57
1791645481.475500,24.31, 2171, 57
1791645482.475629,24.59, 2171, 57
1791645483.475871,24.52, 2171, 57
1791645484.476447,24.53, 2171, 57
1791645485.476305,24.67, 2171, 57
1791645486.476472,24.63, 2171, 57
1791645487.476648,24.61, 2177, 57
1791645488.477069,24.64, 2177, 57
1791645489.477306,24.61, 2177, 57
1791645490.477587,24.61, 2171, 57
1791645491.477792,24.68, 2171, 57
1791645492.478186,24.59, 2171, 57
1791645493.478541,24.77, 2171, 57
1791645494.478859,24.63, 2171, 57
1791645495.478868,24.59, 2177, 57
1791645496.479732,24.65, 2171, 57
1791645497.479725,24.52, 2171, 57
1791645498.479975,24.51, 2171, 57
1791645499.480358,24.47, 2171, 57
1791645500.480537,24.72, 2171, 57
1791645501.481252,24.62, 2171, 57
1791645502.481013,24.65, 2171, 57
1791645503.481278,24.65, 2171, 57
1791645504.481491,24.61, 2177, 57
1791645505.481719,24.64, 2171, 57
1791645506.482006,24.68, 2171, 57
1791645507.482433,24.67, 2177, 57
1791645508.482656,24.59, 2177, 57
1791645509.482900,24.56, 2177, 57
1791645510.483338,24.67, 2171, 57
1791645511.483383,24.66, 2177, 57
1791645512.483626,24.66, 2171, 57
1791645513.484040,24.69, 2171, 57
1791645514.484049,24.72, 2171, 57
1791645515.484297,24.69, 2171, 57
1791645516.484524,24.56, 2171, 57
1791645517.484790,24.41, 2171, 57
1791645518.485007,24.36, 2177, 57
1791645519.485214,24.38, 2171, 57
1791645520.485374,24.53, 2171, 57
1791645521.485905,24.59, 2171, 57
1791645522.486089,24.54, 2171, 57
1791645523.486358,24.50, 2171, 57
1791645524.486687,24.53, 2171, 57
1791645525.486978,24.61, 2171, 57
1791645526.487114,24.60, 2171, 57
1791645527.487885,24.59, 2171, 57
1791645528.488330,24.60, 2171, 57
1791645529.488450,24.43, 2171, 57
1791645530.488874,24.57, 2171, 57
1791645531.488966,24.53, 2171, 57
1791645532.489240,24.73, 2171, 57
1791645533.489455,24.59, 2171, 57
1791645534.489672,24.53, 2171, 57
1791645535.489807,24.60, 2171, 57
1791645536.490164,24.59, 2171, 57
1791645537.490567,24.63, 2171, 57
1791645538.490622,24.91, 2171, 57
1791645539.490903,24.41, 2171, 57
1791645540.491170,24.40, 2171, 57
1791645541.491359,24.40, 2171, 57
1791645542.491846,24.37, 2171, 57
1791645543.491957,24.57, 2177, 57
1791645544.491990,24.60, 2177, 57
1791645545.492526,24.62, 2171, 57
1791645546.492252,24.65, 2177, 57
1791645547.492388,24.69, 2171, 57
1791645548.492557,24.64, 2171, 57
1791645549.492795,24.63, 2171, 57
1791645550.493027,24.48, 2171, 57
1791645551.493470,24.52, 2171, 57
1791645552.493446,24.63, 2171, 57
1791645553.493915,24.60, 2171, 57
1791645554.493840,24.56, 2171, 57
1791645555.494372,24.66, 2171, 57
1791645556.494268,24.70, 2171, 57
1791645557.494502,24.67, 2171, 57
1791645558.494736,24.68, 2171, 57
1791645559.494891,24.58, 2171, 57
1791645560.494974,24.48, 2171, 57
1791645561.495182,24.56, 2171, 57
1791645562.495418,24.64, 2171, 57
1791645563.495660,24.58, 2171, 57
1791645564.495975,24.50, 2171, 57
1791645565.496219,24.61, 2171, 57
1791645566.496693,24.16, 2171, 57
1791645567.496644,24.49, 2171, 57
1791645568.496944,24.46, 2171, 57
1791645569.497188,24.31, 2171, 57
1791645570.497579,24.30, 2171, 57
1791645571.497878,24.52, 2171, 57
1791645572.497837,24.43, 2171, 57
1791645573.497962,24.41, 2171, 57
1791645574.498229,24.51, 2171, 57
1791645575.498451,24.78, 2171, 57
1791645576.498655,24.85, 2171, 57
1791645577.498900,24.85, 2171, 57
1791645578.499121,24.68, 2171, 58
1791645579.499744,24.68, 2171, 57
1791645580.499729,24.28, 2171, 57
1791645581.499998,24.42, 2171, 57
1791645582.500357,24.61, 2171, 57
1791645583.500829,24.18, 2171, 57
1791645584.501066,24.58, 2171, 57
1791645585.501234,24.43, 2171, 57
1791645586.501020,24.48, 2171, 57
1791645587.501233,24.46, 2171, 57
1791645588.501556,24.38, 2171, 57
1791645589.502146,24.47, 2171, 57
1791645590.502327,24.65, 2171, 57
1791645591.502498,24.38, 2171, 58
1791645592.502909,24.36, 2171, 57
1791645593.503138,24.88, 2171, 57
1791645594.503390,24.84, 2171, 57
1791645595.503694,24.72, 2171, 58
1791645596.503957,24.72, 2171, 57
1791645597.504199,24.68, 2171, 57
1791645598.504423,24.66, 2171, 57
1791645599.504574,24.64, 2171, 57
1791645600.504683,24.60, 2171, 57
1791645601.505036,24.51, 2171, 57
1791645602.505266,24.57, 2171, 57
1791645603.505531,24.59, 2171, 57
1791645604.505771,24.43, 2171, 57
1791645605.506025,24.31, 2171, 57
1791645606.506206,24.33, 2171, 58
1791645607.506851,24.63, 2171, 58
1791645608.507055,24.61, 2171, 57
1791645609.506980,24.55, 2171, 57
1791645610.507420,24.61, 2171, 57
1791645611.507962,24.79, 2171, 58
1791645612.508300,24.59, 2171, 57
1791645613.508613,24.69, 2171, 58
1791645614.508794,24.81, 2171, 57
1791645615.509331,24.77, 2171, 57
1791645616.509303,24.84, 2171, 57
1791645617.509861,24.89, 2171, 57
1791645618.509740,24.78, 2171, 57
1791645619.509864,24.77, 2171, 57
1791645620.510109,24.63, 2171, 57
1791645621.510360,24.61, 2171, 57
1791645622.510465,24.69, 2171, 57
1791645623.510596,24.52, 2171, 57
1791645624.510723,24.75, 2171, 57
1791645625.510747,24.66, 2171, 57
1791645626.510985,24.57, 2171, 57
1791645627.511193,24.58, 2171, 57
1791645628.511663,24.70, 2171, 57
1791645629.512402,24.81, 2171, 57
1791645630.512755,24.67, 2171, 57
1791645631.513038,24.75, 2171, 57
1791645632.513529,24.74, 2171, 57
1791645633.513549,24.72, 2171, 57
1791645634.514131,24.67, 2171, 57
1791645635.514326,24.71, 2171, 57
1791645636.514561,24.72, 2171, 57
1791645637.514856,24.72, 2171, 57
1791645638.515013,24.62, 2171, 57
1791645639.515382,24.57, 2171, 57
1791645640.515473,24.55, 2171, 57
1791645641.515831,24.63, 2171, 57
1791645642.516039,24.58, 2171, 57
1791645643.516290,24.71, 2171, 57
1791645644.516535,24.78, 2171, 57
1791645645.516550,24.69, 2171, 57
1791645646.516918,24.50, 2171, 57
1791645647.517117,24.54, 2171, 57
1791645648.517286,24.53, 2171, 57
1791645649.517185,24.60, 2171, 57
1791645650.517619,24.78, 2171, 57
1791645651.517687,24.71, 2171, 57
1791645652.518117,24.62, 2171, 57
1791645653.518022,24.55, 2171, 57
1791645654.517793,24.56, 2171, 57
1791645655.518170,24.50, 2171, 57
1791645656.518834,24.50, 2177, 57
1791645657.519075,24.94, 2171, 57
1791645658.519334,24.73, 2177, 57
1791645659.519493,24.82, 2177, 57
1791645660.519798,24.83, 2171, 57
1791645661.520364,24.74, 2171, 57
1791645662.520538,24.82, 2171, 57
1791645663.521385,24.83, 2171, 57
1791645664.521734,24.72, 2171, 57
1791645665.521844,24.82, 2177, 57
1791645666.522215,24.79, 2171, 57
1791645667.522170,24.89, 2171, 57
1791645668.522404,24.75, 2171, 57
1791645669.522977,24.75, 2171, 57
1791645670.522970,24.79, 2171, 57
1791645671.523381,24.76, 2171, 57
1791645672.523808,24.84, 2171, 57
1791645673.524300,24.79, 2171, 57
1791645674.524620,24.67, 2171, 57
1791645675.524689,24.67, 2177, 57
1791645676.525488,24.72, 2171, 57
1791645677.525724,24.64, 2171, 57
1791645678.526102,24.55, 2171, 57
1791645679.526340,24.75, 2171, 57
1791645680.526545,24.65, 2171, 57
1791645681.526908,24.56, 2171, 57
1791645682.527488,24.66, 2171, 57
1791645683.527898,24.57, 2171, 57
1791645684.527988,24.61, 2171, 57
1791645685.528283,24.63, 2171, 57
1791645686.528522,24.69, 2171, 57
1791645687.528851,24.70, 2171, 57
1791645688.529553,24.75, 2171, 57
1791645689.529971,24.89, 2171, 57
1791645690.530392,25.12, 2171, 57
1791645691.530609,24.60, 2171, 57
1791645692.530822,24.56, 2171, 57
1791645693.531249,24.79, 2171, 57
1791645694.532013,24.89, 2171, 57
1791645695.532622,24.78, 2171, 57
1791645696.533057,24.74, 2171, 57
1791645697.533620,24.81, 2171, 57
1791645698.533848,24.71, 2177, 57
1791645699.533994,24.79, 2171, 57
1791645700.534192,24.72, 2171, 57
1791645701.534384,24.58, 2171, 57
1791645702.534788,24.52, 2171, 57
1791645703.535012,24.65, 2171, 57
1791645704.535459,24.69, 2171, 57
1791645705.535827,24.62, 2171, 57
1791645706.536466,24.70, 2171, 57
1791645707.537146,24.87, 2171, 57
1791645708.537234,24.88, 2171, 57
1791645709.537752,24.81, 2171, 57
1791645710.538059,24.87, 2171, 57
1791645711.539031,24.82, 2171, 57
1791645712.539061,24.69, 2171, 57
1791645713.539577,24.69, 2171, 57
1791645714.540150,24.78, 2171, 57
1791645715.540348,24.79, 2171, 57
1791645716.540799,24.81, 2171, 57
1791645717.541298,24.88, 2171, 57
1791645718.541302,24.87, 2171, 57
1791645719.541529,24.78, 2171, 57
1791645720.541991,24.73, 2171, 57
1791645721.542020,24.61, 2171, 57
1791645722.542681,24.80, 2171, 57
1791645723.543117,24.75, 2171, 57
1791645724.543368,24.74, 2171, 57
1791645725.544032,24.72, 2171, 57
1791645726.544574,24.74, 2171, 57
1791645727.544699,24.75, 2171, 57
1791645728.545191,24.76, 2171, 57
1791645729.545789,24.75, 2171, 57
1791645730.546275,24.72, 2171, 57
1791645731.546582,24.73, 2171, 57
1791645732.546429,24.81, 2171, 57
1791645733.547237,24.49, 2171, 57
1791645734.547991,24.43, 2171, 57
1791645735.548309,24.59, 2171, 57
1791645736.548671,24.77, 2171, 57
1791645737.548918,24.73, 2171, 57
1791645738.549496,24.76, 2171, 57
1791645739.549806,24.64, 2171, 57
1791645740.550366,24.48, 2171, 57
1791645741.550553,24.53, 2171, 57
1791645742.551128,24.63, 2177, 57
1791645743.551828,24.76, 2177, 57
1791645744.552135,24.83, 2171, 57
1791645745.552301,24.45, 2171, 57
1791645746.552817,24.55, 2171, 57
1791645747.552952,24.43, 2171, 57
1791645748.553318,24.50, 2171, 57
1791645749.553720,24.47, 2171, 57
1791645750.554228,24.62, 2171, 57
1791645751.554803,24.67, 2171, 57
1791645752.554869,24.74, 2171, 57
1791645753.555301,24.66, 2171, 57
1791645754.556035,24.77, 2171, 56
1791645755.556116,25.14, 2171, 57
1791645756.556121,24.68, 2171, 57
1791645757.556426,24.70, 2171, 57
1791645758.556519,24.75, 2171, 57
1791645759.556998,24.82, 2171, 57
1791645760.557191,24.84, 2171, 57
1791645761.557940,24.81, 2177, 57
1791645762.558057,24.75, 2171, 57
1791645763.558386,24.75, 2177, 57
1791645764.559001,24.75, 2177, 57
1791645765.559033,24.78, 2171, 57
1791645766.559849,24.83, 2177, 57
1791645767.560029,24.73, 2171, 57
1791645768.560459,24.71, 2171, 57
1791645769.561189,24.56, 2171, 57
1791645770.561550,24.52, 2171, 57
1791645771.561673,24.75, 2171, 57
1791645772.562059,24.87, 2171, 57
1791645773.563011,24.88, 2177, 57
1791645774.563661,24.80, 2177, 57
1791645775.563701,24.87, 2177, 57
1791645776.564418,24.79, 2171, 57
1791645777.564612,24.61, 2177, 57
1791645778.565486,24.60, 2171, 57
1791645779.565557,24.80, 2177, 57
1791645780.566017,24.79, 2171, 57
1791645781.566758,24.76, 2171, 57
1791645782.567546,24.75, 2171, 57
1791645783.567482,24.78, 2171, 57
1791645784.567567,24.86, 2171, 57
1791645785.568334,24.82, 2171, 57
1791645786.568334,24.83, 2171, 57
1791645787.568754,24.85, 2171, 57
1791645788.569618,24.81, 2177, 57
1791645789.570009,24.73, 2177, 57
1791645790.570376,24.79, 2171, 57
1791645791.570375,24.61, 2177, 57
1791645792.570797,24.53, 2171, 57
1791645793.571443,24.65, 2171, 57
1791645794.571125,24.71, 2177, 57
1791645795.571468,24.74, 2177, 57
1791645796.571718,24.75, 2177, 57
1791645797.571815,24.77, 2177, 57
1791645798.571935,24.80, 2177, 57
1791645799.572050,24.67, 2171, 57
1791645800.572260,24.74, 2171, 57
1791645801.572485,24.80, 2171, 57
1791645802.572682,24.83, 2177, 57
1791645803.572877,24.88, 2171, 57
1791645804.573142,24.79, 2177, 57
1791645805.573353,24.72, 2171, 57
1791645806.573473,24.70, 2171, 57
1791645807.573727,24.68, 2171, 57
1791645808.574000,24.69, 2171, 57
1791645809.574689,25.10, 2171, 57
1791645810.575502,24.58, 2171, 57
1791645811.576007,24.58, 2171, 57
1791645812.576470,24.56, 2171, 57
1791645813.577063,24.57, 2171, 57
1791645814.577164,24.59, 2171, 57
1791645815.577614,24.74, 2171, 57
1791645816.578082,24.77, 2171, 57
1791645817.577863,24.71, 2171, 57
1791645818.578000,24.59, 2171, 57
1791645819.578140,24.60, 2171, 57
1791645820.578522,24.48, 2171, 57
1791645821.578652,24.45, 2171, 57
1791645822.578871,24.71, 2171, 57
1791645823.579110,24.76, 2171, 57
1791645824.579741,24.65, 2171, 57
1791645825.579642,24.60, 2171, 57
1791645826.579729,24.77, 2171, 57
1791645827.579873,24.75, 2171, 57
1791645828.579969,24.87, 2171, 57
1791645829.580520,24.68, 2171, 57
1791645830.580645,24.60, 2171, 57
1791645831.580878,24.62, 2171, 57
1791645832.581099,24.63, 2171, 57
1791645833.581340,24.67, 2171, 57
1791645834.581407,24.68, 2171, 57
1791645835.581662,24.63, 2171, 57
1791645836.581815,24.81, 2177, 57
1791645837.582454,24.86, 2171, 57
1791645838.583134,24.76, 2177, 57
1791645839.583560,24.70, 2171, 57
1791645840.583779,24.63, 2171, 57
1791645841.584067,24.60, 2177, 57
1791645842.584295,24.44, 2177, 57
1791645843.584400,24.63, 2171, 57
1791645844.584542,24.74, 2171, 57
1791645845.584807,24.84, 2171, 57
1791645846.585041,24.77, 2171, 57
1791645847.585439,24.70, 2171, 57
1791645848.585603,24.73, 2171, 57
1791645849.585885,24.72, 2171, 57
1791645850.585997,24.79, 2171, 57
1791645851.586237,24.81, 2171, 57
1791645852.586617,24.83, 2171, 57
1791645853.586869,24.74, 2171, 57
1791645854.586927,24.86, 2177, 57
1791645855.587057,24.80, 2171, 57
1791645856.587163,24.79, 2171, 57
1791645857.587615,24.59, 2171, 57
1791645858.588033,24.65, 2177, 57
1791645859.588092,24.53, 2171, 57
1791645860.588234,24.57, 2171, 57
1791645861.588374,24.58, 2171, 57
1791645862.588643,24.57, 2171, 57
1791645863.588769,24.58, 2171, 57
1791645864.588943,24.56, 2171, 57
1791645865.589058,24.80, 2171, 57
1791645866.589724,24.64, 2171, 57
1791645867.589987,24.59, 2171, 57
1791645868.590635,24.55, 2171, 57
1791645869.591401,24.61, 2171, 57
1791645870.591631,24.63, 2177, 57
1791645871.591566,24.57, 2171, 57
1791645872.591916,24.76, 2171, 57
1791645873.592333,24.85, 2171, 57
1791645874.592625,24.82, 2177, 57
1791645875.592694,24.81, 2171, 57
1791645876.592537,24.79, 2171, 57
1791645877.592795,24.61, 2177, 57
1791645878.593313,24.50, 2177, 57
1791645879.593441,24.60, 2177, 57
1791645880.593868,24.69, 2171, 57
1791645881.593779,24.79, 2171, 57
1791645882.594042,24.61, 2171, 57
1791645883.594581,24.57, 2171, 57
1791645884.594813,24.55, 2177, 57
1791645885.595012,24.61, 2171, 57
1791645886.595350,24.60, 2177, 57
1791645887.595564,24.76, 2177, 57
1791645888.595763,24.69, 2177, 57
1791645889.596474,24.79, 2171, 57
1791645890.596359,24.86, 2171, 57
1791645891.596858,24.57, 2171, 57
1791645892.597171,24.55, 2171, 57
1791645893.596750,24.49, 2171, 57
1791645894.596991,24.72, 2171, 57
1791645895.597264,24.74, 2171, 57
1791645896.597791,24.55, 2177, 57
1791645897.598017,24.74, 2171, 57
1791645898.598373,24.53, 2171, 57
1791645899.598674,24.53, 2171, 57
1791645900.598853,24.72, 2171, 57
1791645901.598861,24.81, 2171, 57
1791645902.599230,24.67, 2171, 57
1791645903.599645,24.70, 2171, 57
1791645904.599844,24.66, 2177, 57
1791645905.600029,24.56, 2171, 57
1791645906.600310,24.65, 2177, 57
1791645907.600468,24.56, 2171, 57
1791645908.600967,24.79, 2177, 57
1791645909.601209,24.76, 2177, 57
1791645910.601519,24.78, 2171, 57
1791645911.601615,24.79, 2171, 57
1791645912.601740,24.77, 2171, 57
1791645913.601980,24.65, 2171, 57
1791645914.602116,24.62, 2177, 57
1791645915.602343,24.74, 2177, 57
1791645916.602725,24.70, 2171, 57
1791645917.602842,24.83, 2171, 57
1791645918.603088,24.82, 2171, 57
1791645919.603744,24.76, 2171, 57
1791645920.603842,24.77, 2171, 56
1791645921.603915,24.70, 2171, 57
1791645922.604013,24.66, 2171, 57
1791645923.605294,24.61, 2171, 57
1791645924.605609,24.72, 2177, 57
1791645925.605660,24.66, 2171, 57
1791645926.606051,24.75, 2171, 57
1791645927.606150,24.63, 2177, 57
1791645928.606434,24.56, 2171, 57
1791645929.606751,24.61, 2171, 57
1791645930.606264,24.73, 2171, 57
1791645931.607119,24.72, 2171, 57
1791645932.607391,24.76, 2171, 57
1791645933.607524,24.60, 2171, 57
1791645934.608208,24.69, 2177, 57
1791645935.608412,24.57, 2177, 57
1791645936.608813,24.62, 2177, 57
1791645937.609023,24.79, 2171, 57
1791645938.609493,24.62, 2171, 57
1791645939.609156,24.57, 2171, 57
1791645940.610108,24.61, 2177, 57
1791645941.610353,24.66, 2171, 57
1791645942.610559,24.52, 2171, 57
1791645943.610734,24.60, 2171, 57
1791645944.611160,24.68, 2171, 57
1791645945.611339,24.60, 2171, 57
1791645946.611646,24.59, 2171, 57
1791645947.611688,24.50, 2171, 57
1791645948.612289,24.37, 2171, 57
1791645949.612419,24.68, 2171, 57
1791645950.612595,24.63, 2171, 57
1791645951.612630,24.69, 2171, 57
1791645952.612906,24.69, 2177, 57
1791645953.613100,24.77, 2177, 57
1791645954.613614,24.78, 2177, 57
1791645955.613912,24.67, 2177, 57
1791645956.614165,24.71, 2171, 57
1791645957.614368,24.75, 2171, 57
1791645958.614623,24.68, 2177, 57
1791645959.614888,24.42, 2171, 57
1791645960.614785,24.84, 2177, 57
1791645961.614538,24.82, 2171, 57
1791645962.615587,24.56, 2177, 57
1791645963.615686,24.62, 2177, 57
1791645964.616190,24.55, 2177, 57
1791645965.616166,24.63, 2177, 57
1791645966.616739,24.65, 2177, 57
1791645967.616631,25.16, 2171, 57
1791645968.616940,24.79, 2171, 57
1791645969.617503,24.53, 2177, 57
1791645970.617528,24.65, 2177, 57
1791645971.617748,24.66, 2177, 57
1791645972.617981,24.88, 2171, 57
1791645973.618617,24.82, 2177, 57
1791645974.618794,24.89, 2177, 57
1791645975.618860,24.84, 2177, 57
1791645976.618978,25.00, 2177, 57
1791645977.619216,24.99, 2171, 57
1791645978.619534,24.89, 2177, 57
1791645979.619706,24.95, 2177, 57
1791645980.619871,24.94, 2177, 57
1791645981.620071,24.93, 2177, 57
1791645982.620407,24.84, 2177, 57
1791645983.620832,24.87, 2177, 57
1791645984.621527,24.82, 2177, 57
1791645985.621878,24.92, 2171, 57
1791645986.622285,24.90, 2171, 57
1791645987.622458,24.78, 2177, 57
1791645988.622720,24.72, 2171, 57
1791645989.623179,24.64, 2177, 57
1791645990.623505,24.71, 2171, 57
1791645991.623997,24.63, 2171, 57
1791645992.624111,24.60, 2177, 57
1791645993.624248,24.61, 2171, 57
1791645994.624490,24.72, 2171, 57
1791645995.625142,24.76, 2177, 57
1791645996.625507,24.74, 2171, 57
1791645997.625908,24.54, 2177, 57
1791645998.626281,24.55, 2171, 57
1791645999.626807,24.49, 2171, 57
1791646000.627676,24.58, 2171, 57
1791646001.627822,24.90, 2177, 57
1791646002.628234,24.72, 2177, 57
1791646003.628741,24.69, 2177, 57
1791646004.628634,24.82, 2177, 57
1791646005.629131,24.91, 2177, 57
1791646006.629401,24.80, 2177, 57
1791646007.629775,24.89, 2177, 57
1791646008.630292,24.76, 2171, 57
1791646009.630425,24.78, 2177, 57
1791646010.630824,24.70, 2177, 57
1791646011.631338,24.75, 2177, 57
1791646012.631760,24.82, 2177, 57
1791646013.632047,24.83, 2177, 57
1791646014.632504,24.52, 2171, 57
1791646015.633075,24.64, 2171, 57
1791646016.633931,24.79, 2177, 57
1791646017.634485,24.80, 2177, 57
1791646018.634535,24.77, 2177, 57
1791646019.634654,24.77, 2177, 57
1791646020.634884,24.76, 2177, 57
1791646021.635318,24.73, 2177, 57
1791646022.636018,24.75, 2177, 57
1791646023.636848,24.76, 2177, 57
1791646024.636847,25.29, 2171, 57
1791646025.637144,24.67, 2177, 57
1791646026.637534,24.67, 2171, 57
1791646027.637687,24.63, 2171, 57
1791646028.638371,24.71, 2171, 57
1791646029.638272,24.66, 2171, 57
1791646030.638740,24.82, 2171, 57
1791646031.638915,24.80, 2177, 57
1791646032.639036,24.76, 2171, 57
1791646033.638945,24.72, 2177, 57
1791646034.639294,24.70, 2171, 57
1791646035.639825,24.67, 2171, 57
1791646036.640289,24.64, 2177, 57
1791646037.640729,24.85, 2177, 57
1791646038.641214,24.80, 2177, 57
1791646039.641642,24.83, 2177, 57
1791646040.642166,24.79, 2177, 57
1791646041.642741,24.73, 2177, 57
1791646042.642708,24.78, 2177, 57
1791646043.642994,24.74, 2171, 57
1791646044.643535,24.75, 2177, 57
1791646045.643633,24.84, 2171, 57
1791646046.644191,24.83, 2171, 57
1791646047.644633,24.75, 2171, 57
1791646048.645085,24.61, 2177, 57
1791646049.646031,24.64, 2171, 57
1791646050.646119,24.57, 2177, 57
1791646051.646433,24.66, 2171, 57
1791646052.646593,24.80, 2171, 57
1791646053.646866,24.78, 2171, 57
1791646054.647072,24.77, 2177, 57
1791646055.647461,24.85, 2177, 57
1791646056.647568,24.67, 2171, 57
1791646057.647820,24.64, 2171, 57
1791646058.648397,24.64, 2171, 57
1791646059.648425,24.80, 2171, 57
1791646060.648764,24.54, 2177, 57
1791646061.649229,24.67, 2171, 57
1791646062.649358,24.62, 2171, 57
1791646063.650213,24.60, 2177, 57
1791646064.650500,24.58, 2177, 57
1791646065.650228,24.69, 2177, 57
1791646066.650953,24.85, 2171, 57
1791646067.651148,24.85, 2177, 57
1791646068.651444,24.75, 2177, 57
1791646069.651782,24.58, 2177, 57
1791646070.652003,24.66, 2177, 57
1791646071.651596,24.70, 2177, 57
1791646072.652343,24.80, 2177, 57
1791646073.652601,24.70, 2177, 57
1791646074.652810,24.76, 2177, 57
1791646075.653489,24.74, 2177, 57
1791646076.653708,24.65, 2177, 57
1791646077.654219,24.72, 2177, 57
1791646078.654351,24.74, 2177, 57
1791646079.654593,24.92, 2177, 57
1791646080.654875,24.80, 2177, 57
1791646081.655269,24.86, 2177, 57
1791646082.655379,24.72, 2171, 57
1791646083.655620,24.81, 2177, 57
1791646084.655268,24.75, 2177, 57
1791646085.656388,24.72, 2177, 57
1791646086.656309,24.78, 2177, 57
1791646087.656324,24.75, 2177, 57
1791646088.656805,24.76, 2177, 57
1791646089.657062,24.74, 2171, 57
1791646090.657107,24.61, 2177, 57
1791646091.657525,24.53, 2177, 57
1791646092.657445,24.45, 2177, 57
1791646093.657955,24.52, 2177, 57
1791646094.658180,24.71, 2171, 57
1791646095.658707,24.71, 2177, 57
1791646096.658794,24.75, 2177, 57
1791646097.659221,24.67, 2177, 57
1791646098.659619,24.75, 2177, 57
1791646099.659571,24.69, 2177, 57
1791646100.660188,24.65, 2177, 57
1791646101.660231,24.70, 2177, 57
1791646102.660676,24.70, 2177, 57
1791646103.660552,24.79, 2177, 57
1791646104.661083,24.75, 2177, 57
1791646105.661338,24.92, 2177, 57
1791646106.661674,24.92, 2177, 57
1791646107.662100,24.83, 2177, 57
1791646108.662322,24.67, 2177, 57
1791646109.662507,24.60, 2177, 57
1791646110.662699,24.64, 2177, 57
1791646111.662722,24.50, 2177, 57
1791646112.663154,24.54, 2177, 57
1791646113.663406,24.58, 2177, 57
1791646114.663049,24.60, 2177, 57
1791646115.663766,24.66, 2177, 57
1791646116.664069,24.73, 2177, 57
1791646117.664380,24.77, 2177, 57
1791646118.664368,24.80, 2177, 57
1791646119.665127,24.70, 2177, 57
1791646120.665308,24.67, 2177, 57
1791646121.665274,24.57, 2177, 57
1791646122.665767,24.57, 2177, 57
1791646123.666122,24.79, 2177, 57
1791646124.666231,24.86, 2177, 57
1791646125.666359,24.83, 2177, 57
1791646126.666476,24.73, 2177, 57
1791646127.666383,24.73, 2177, 57
1791646128.666881,24.71, 2177, 57
1791646129.667353,24.58, 2171, 57
1791646130.667570,28.43, 2171, 57
1791646131.667501,27.29, 2171, 58
1791646132.667907,26.91, 2171, 57
1791646133.668130,27.13, 2171, 57
1791646134.668346,26.92, 2171, 57
1791646135.668569,26.83, 2171, 57
1791646136.668791,26.78, 2171, 57
1791646137.669146,26.87, 2171, 57
1791646138.669325,26.99, 2171, 57
1791646139.669527,26.88, 2171, 57
1791646140.669745,26.90, 2171, 58
1791646141.669820,26.84, 2171, 58
1791646142.670187,26.66, 2171, 58
1791646143.670558,26.88, 2171, 58
1791646144.670758,26.57, 2171, 57
1791646145.671028,26.91, 2171, 57
1791646146.670778,26.77, 2171, 57
1791646147.670882,26.61, 2171, 57
1791646148.671108,26.90, 2171, 57
1791646149.671413,26.55, 2171, 57
1791646150.671717,26.95, 2171, 57
1791646151.671963,26.73, 2171, 57
1791646152.672044,27.06, 2171, 57
1791646153.672004,26.84, 2171, 57
1791646154.672249,26.88, 2171, 58
1791646155.672361,27.08, 2171, 58
1791646156.672465,27.15, 2171, 58
1791646157.672595,26.76, 2171, 58
1791646158.672834,26.70, 2171, 58
1791646159.673243,27.00, 2171, 58
1791646160.673700,27.08, 2171, 58
1791646161.673649,26.90, 2171, 58
1791646162.674649,26.89, 2171, 58
1791646163.674893,26.69, 2171, 58
1791646164.675101,27.00, 2171, 58
1791646165.674828,26.86, 2171, 58
1791646166.675584,26.50, 2171, 58
1791646167.675638,26.81, 2171, 58
1791646168.676049,27.04, 2171, 58
1791646169.676327,27.07, 2171, 58
1791646170.676398,27.24, 2171, 58
1791646171.676226,26.75, 2171, 57
1791646172.676999,27.07, 2171, 58
1791646173.677064,27.13, 2171, 58
1791646174.677504,26.93, 2171, 58
1791646175.677826,26.86, 2171, 58
1791646176.677420,26.90, 2171, 58
1791646177.678290,26.89, 2171, 58
1791646178.678481,26.91, 2171, 58
1791646179.678780,26.74, 2171, 58
1791646180.678957,26.94, 2171, 58
1791646181.678861,27.06, 2171, 58
1791646182.679389,26.96, 2171, 58
1791646183.679370,26.91, 2171, 58
1791646184.679719,27.04, 2171, 58
1791646185.680153,26.94, 2171, 58
1791646186.679956,27.02, 2171, 58
1791646187.680583,26.85, 2171, 58
1791646188.680667,27.05, 2171, 58
1791646189.681229,26.84, 2171, 58
1791646190.681965,26.53, 2171, 58
1791646191.682591,26.80, 2171, 58
1791646192.683476,26.90, 2171, 58
1791646193.684097,27.18, 2171, 58
1791646194.684971,27.27, 2171, 58
1791646195.685791,27.24, 2171, 58
1791646196.686350,27.26, 2171, 58
1791646197.687208,26.98, 2171, 58
1791646198.687614,27.25, 2171, 58
1791646199.688473,27.25, 2171, 58
1791646200.688540,27.02, 2171, 58
1791646201.688682,26.90, 2171, 58
1791646202.689483,26.72, 2171, 58
1791646203.690319,27.13, 2171, 58
1791646204.691155,26.77, 2171, 58
1791646205.691378,26.76, 2171, 58
1791646206.692381,26.80, 2171, 58
1791646207.692887,26.59, 2171, 58
1791646208.693707,26.97, 2171, 58
1791646209.693834,27.25, 2171, 58
1791646210.694656,27.05, 2171, 58
1791646211.695290,27.02, 2171, 58
1791646212.695725,27.10, 2171, 58
1791646213.696191,27.03, 2171, 59
1791646214.696321,26.45, 2171, 58
1791646215.697221,27.00, 2171, 58
1791646216.697534,26.94, 2171, 58
1791646217.698141,27.20, 2171, 58
1791646218.698824,26.67, 2171, 58
1791646219.699374,27.06, 2171, 59
1791646220.700030,27.08, 2171, 58
1791646221.700772,27.04, 2171, 58
1791646222.701661,26.67, 2171, 58
1791646223.702368,26.48, 2171, 58
1791646224.702447,26.46, 2171, 58
1791646225.702568,26.01, 2171, 58
1791646226.703425,25.95, 2171, 58
1791646227.704265,26.33, 2171, 58
1791646228.704856,25.94, 2171, 58
1791646229.705656,25.87, 2171, 58
1791646230.706474,25.65, 2171, 58
1791646231.707061,25.69, 2171, 58
1791646232.707145,25.38, 2171, 58
1791646233.708005,24.75, 2171, 58
1791646234.708866,24.66, 2171, 57
1791646235.709662,24.77, 2171, 58
1791646236.709668,24.83, 2171, 58
1791646237.710577,28.32, 2171, 58
1791646238.711436,27.36, 2171, 58
1791646239.712245,27.10, 2171, 58
1791646240.712856,27.14, 2171, 58
1791646241.713674,26.86, 2171, 58
1791646242.714500,26.78, 2171, 58
1791646243.715327,26.85, 2171, 58
1791646244.715824,26.88, 2171, 58
1791646245.716449,27.00, 2171, 58
1791646246.717216,26.81, 2171, 58
1791646247.717791,26.82, 2171, 58
1791646248.718594,26.84, 2171, 58
1791646249.719482,26.84, 2171, 58
1791646250.719558,27.01, 2171, 58
1791646251.720428,26.65, 2171, 58
1791646252.720878,27.02, 2171, 58
1791646253.720986,26.85, 2171, 58
1791646254.722043,26.66, 2171, 58
1791646255.722503,26.32, 2171, 58
1791646256.722533,26.88, 2171, 58
1791646257.723542,26.99, 2171, 58
1791646258.724028,26.61, 2171, 58
1791646259.724777,27.16, 2171, 58
1791646260.725445,27.25, 2171, 58
1791646261.726112,27.03, 2171, 58
1791646262.726715,27.05, 2171, 58
1791646263.727311,27.06, 2171, 58
1791646264.727794,27.04, 2171, 58
1791646265.728746,27.01, 2171, 58
1791646266.728869,26.75, 2171, 59
1791646267.729636,26.81, 2171, 58
1791646268.730494,27.33, 2171, 59
1791646269.731037,26.64, 2171, 58
1791646270.731864,26.93, 2171, 58
1791646271.732706,26.43, 2171, 58
1791646272.733526,26.80, 2171, 59
1791646273.733551,26.87, 2171, 58
1791646274.734083,26.95, 2171, 58
1791646275.734250,26.92, 2171, 58
1791646276.735121,26.87, 2171, 59
1791646277.735703,26.90, 2171, 58
1791646278.735996,27.14, 2171, 58
1791646279.736841,26.93, 2171, 58
1791646280.737649,27.01, 2171, 58
1791646281.737960,26.89, 2171, 58
1791646282.738053,26.89, 2171, 58
1791646283.738912,26.99, 2171, 58
1791646284.739759,26.79, 2171, 58
1791646285.740623,26.81, 2171, 58
1791646286.740714,26.82, 2171, 58
1791646287.741337,26.85, 2171, 58
1791646288.741454,26.71, 2171, 58
1791646289.741897,26.91, 2171, 58
1791646290.742743,26.86, 2171, 58
1791646291.743125,27.29, 2171, 58
1791646292.744021,26.88, 2171, 58
1791646293.744795,26.89, 2171, 58
1791646294.745386,26.69, 2171, 58
1791646295.745489,26.69, 2171, 58
1791646296.746390,27.00, 2171, 58
1791646297.746986,27.17, 2171, 58
1791646298.747563,27.32, 2171, 58
1791646299.748418,27.16, 2171, 58
1791646300.749240,26.73, 2171, 58
1791646301.749772,27.17, 2171, 58
1791646302.750592,27.09, 2171, 58
1791646303.751476,27.29, 2171, 58
1791646304.752022,27.30, 2171, 58
1791646305.752847,27.25, 2171, 58
1791646306.752795,27.08, 2171, 59
1791646307.753630,27.14, 2171, 58
1791646308.754479,27.12, 2171, 58
1791646309.754564,26.93, 2171, 59
1791646310.754674,26.70, 2171, 58
1791646311.755537,26.85, 2171, 58
1791646312.756349,27.03, 2171, 58
1791646313.757033,27.02, 2171, 58
1791646314.757866,27.00, 2171, 58
1791646315.758592,26.97, 2171, 58
1791646316.759392,26.92, 2171, 58
1791646317.760279,26.74, 2171, 58
1791646318.761069,26.97, 2171, 58
1791646319.761892,26.92, 2171, 58
1791646320.762635,26.87, 2171, 58
1791646321.763365,26.95, 2171, 58
1791646322.763481,26.90, 2171, 59
1791646323.763628,26.75, 2171, 58
1791646324.763846,26.91, 2171, 58
1791646325.763975,27.15, 2171, 58
1791646326.764119,27.10, 2171, 58
1791646327.764233,27.22, 2171, 58
1791646328.764348,27.09, 2171, 58
1791646329.764474,26.63, 2171, 58
1791646330.764635,25.95, 2171, 58
1791646331.764868,26.39, 2171, 58
1791646332.765081,26.16, 2171, 58
1791646333.766048,25.92, 2171, 58
1791646334.766100,26.31, 2171, 58
1791646335.766570,26.35, 2171, 58
1791646336.767328,26.20, 2171, 58
1791646337.768007,25.89, 2171, 58
1791646338.768082,25.85, 2171, 58
1791646339.768841,25.89, 2171, 58
1791646340.769461,25.68, 2171, 58
1791646341.770295,25.17, 2171, 58
1791646342.770536,24.72, 2171, 58
1791646343.771362,24.72, 2171, 58
1791646344.772275,24.89, 2171, 58
1791646345.772880,28.45, 2171, 58
1791646346.773059,27.44, 2171, 59
1791646347.773949,27.05, 2171, 58
1791646348.774550,27.23, 2171, 58
1791646349.775280,27.13, 2171, 58
1791646350.776013,26.89, 2171, 58
1791646351.776806,26.77, 2171, 58
1791646352.777146,26.68, 2171, 58
1791646353.777446,27.18, 2171, 58
1791646354.778291,27.25, 2171, 58
1791646355.778647,26.92, 2171, 58
1791646356.779308,26.94, 2171, 58
1791646357.780203,26.89, 2171, 58
1791646358.780466,26.95, 2171, 58
1791646359.781097,26.70, 2171, 58
1791646360.781531,26.58, 2171, 58
1791646361.781648,27.05, 2171, 58
1791646362.782129,26.75, 2171, 58
1791646363.782591,26.91, 2171, 58
1791646364.783089,26.85, 2171, 58
1791646365.783382,27.24, 2171, 58
1791646366.783629,26.74, 2171, 58
1791646367.784170,26.90, 2171, 59
1791646368.784650,27.09, 2171, 58
1791646369.785142,27.14, 2171, 58
1791646370.785252,27.19, 2171, 58
1791646371.785434,27.08, 2171, 58
1791646372.785647,27.05, 2171, 59
1791646373.785937,26.99, 2171, 59
1791646374.786067,26.89, 2171, 58
1791646375.786356,27.09, 2171, 58
1791646376.786861,27.00, 2171, 59
1791646377.787499,27.22, 2171, 58
1791646378.787943,27.10, 2171, 59
1791646379.788168,26.91, 2171, 58
1791646380.788612,26.90, 2171, 58
1791646381.789157,26.68, 2171, 59
1791646382.789580,26.96, 2171, 58
1791646383.789818,27.32, 2171, 59
1791646384.790097,27.26, 2171, 59
1791646385.791352,26.78, 2171, 58
1791646386.791659,27.40, 2171, 59
1791646387.791902,27.41, 2171, 58
1791646388.792121,27.12, 2171, 58
1791646389.792569,27.17, 2171, 59
1791646390.792759,27.24, 2171, 59
1791646391.793260,27.26, 2171, 59
1791646392.793669,26.94, 2171, 59
1791646393.793819,26.87, 2171, 59
1791646394.794333,26.71, 2171, 59
1791646395.794582,27.01, 2171, 59
1791646396.795072,27.06, 2171, 59
1791646397.795568,27.15, 2171, 58
1791646398.795684,27.02, 2171, 59
1791646399.796207,27.17, 2171, 59
1791646400.796679,27.26, 2171, 59
1791646401.796831,27.21, 2171, 59
1791646402.797387,27.16, 2171, 59
1791646403.797908,26.89, 2171, 59
1791646404.798387,26.97, 2171, 59
1791646405.798619,26.88, 2171, 59
1791646406.798749,26.97, 2171, 59
1791646407.798948,27.08, 2171, 59
1791646408.799020,27.00, 2171, 59
1791646409.799148,27.30, 2171, 59
1791646410.799617,27.20, 2171, 59
1791646411.800113,27.38, 2171, 59
1791646412.800588,27.71, 2171, 59
1791646413.800848,27.45, 2171, 59
1791646414.800954,27.32, 2171, 59
1791646415.801440,27.13, 2171, 59
1791646416.801650,27.24, 2171, 59
1791646417.802587,27.38, 2171, 59
1791646418.802787,26.88, 2171, 59
1791646419.803408,26.82, 2171, 59
1791646420.803459,27.21, 2171, 59
1791646421.803575,27.19, 2171, 59
1791646422.804101,27.17, 2171, 59
1791646423.804786,27.17, 2171, 59
1791646424.805627,27.25, 2171, 59
1791646425.805442,27.11, 2171, 59
1791646426.805688,27.35, 2171, 59
1791646427.806262,27.37, 2171, 59
1791646428.806678,27.13, 2171, 59
1791646429.807172,27.14, 2171, 59
1791646430.807595,27.11, 2171, 59
1791646431.807836,26.77, 2171, 59
1791646432.808090,26.74, 2171, 59
1791646433.808670,27.57, 2171, 59
1791646434.809279,27.41, 2171, 59
1791646435.809675,26.98, 2171, 59
1791646436.810080,26.86, 2171, 59
1791646437.810383,26.34, 2171, 59
1791646438.810478,25.96, 2171, 58
1791646439.810697,26.22, 2171, 59
1791646440.811190,26.12, 2171, 59
1791646441.811676,26.15, 2171, 59
1791646442.812141,26.14, 2171, 59
1791646443.812313,26.25, 2171, 59
1791646444.812436,26.08, 2171, 59
1791646445.812581,26.00, 2171, 58
1791646446.813411,25.80, 2171, 59
1791646447.814050,24.83, 2171, 58
1791646448.814861,24.83, 2171, 58
1791646449.814901,24.80, 2171, 58
1791646450.815058,24.77, 2171, 58
1791646451.816239,18.20, 2177, 56
1791646452.817050,11.09, 2177, 55
1791646453.817852,11.01, 2177, 55
1791646454.818914,10.96, 2177, 55
1791646455.819877,10.91, 2177, 54
1791646456.820520,10.85, 2177, 54
1791646457.821045,10.81, 2177, 54
1791646458.821825,10.79, 2177, 53
1791646459.823312,10.75, 2177, 53
1791646460.823510,10.70, 2177, 53
1791646461.824416,10.69, 2177, 53
1791646462.825779,10.64, 2177, 52
1791646463.826067,10.62, 2177, 52
1791646464.827415,10.61, 2177, 52
1791646465.827726,10.58, 2177, 52
1791646466.829013,10.55, 2177, 52
1791646467.829286,10.55, 2177, 51
1791646468.830109,10.53, 2177, 51
1791646469.831246,10.50, 2177, 51
1791646470.831289,10.48, 2177, 51
1791646471.831726,10.45, 2177, 51
1791646472.832511,10.45, 2177, 50
1791646473.833384,10.43, 2177, 50
1791646474.833746,10.39, 2177, 50
1791646475.834552,10.37, 2177, 50
1791646476.835677,10.36, 2177, 50
1791646477.835733,10.34, 2177, 50
1791646478.836731,10.36, 2177, 50
1791646479.836750,10.34, 2177, 49
1791646480.837625,10.46, 2177, 49
1791646481.838424,10.65, 2177, 49
1791646482.840462,11.36, 2177, 49
1791646483.840088,10.36, 2177, 49
1791646484.840161,7.22, 305, 48
1791646485.841047,6.01, 305, 48
1791646486.841830,6.02, 305, 48
1791646487.842653,5.54, 305, 48
1791646488.842644,5.35, 305, 48
1791646489.843562,5.37, 305, 48
1791646490.844343,5.25, 305, 48
1791646491.845137,5.22, 208, 47
1791646492.846028,5.24, 305, 47
1791646493.846783,5.23, 208, 47
1791646494.847580,5.24, 305, 47
1791646495.848340,5.25, 305, 47
1791646496.849127,5.33, 305, 47
1791646497.849912,5.21, 305, 47
1791646498.850584,5.19, 208, 46
1791646499.851028,5.21, 305, 46
1791646500.851912,5.22, 208, 46
1791646501.851803,5.28, 305, 46
1791646502.852007,5.34, 273, 46
1791646503.852114,5.39, 305, 46
1791646504.852702,5.32, 305, 46
1791646505.853485,5.31, 208, 46
1791646506.853853,5.26, 305, 46
1791646507.854781,5.13, 208, 46
1791646508.854847,5.16, 305, 46
1791646509.854851,5.19, 208, 46
1791646510.855155,5.34, 305, 46
1791646511.855373,5.34, 305, 46
1791646512.856006,5.20, 305, 45
1791646513.856024,5.13, 208, 45
1791646514.856784,5.24, 305, 45
1791646515.857305,5.19, 208, 45
1791646516.857718,5.16, 305, 45
1791646517.858570,5.35, 305, 45
1791646518.859358,5.36, 305, 45
1791646519.860125,5.25, 305, 45
1791646520.860213,5.24, 208, 45
1791646521.860670,5.29, 305, 45
1791646522.861294,5.22, 208, 45
1791646523.861230,5.18, 305, 45
1791646524.861439,5.34, 305, 45
1791646525.861907,5.37, 305, 45
1791646526.862346,5.26, 305, 45
1791646527.862540,5.24, 208, 45
1791646528.862728,5.24, 305, 45
1791646529.862849,5.44, 305, 45
1791646530.862997,5.50, 305, 45
1791646531.863203,5.38, 305, 45
1791646532.863509,5.38, 305, 45
1791646533.863712,5.29, 305, 45
1791646534.863939,5.28, 208, 45
1791646535.864132,5.28, 305, 45
1791646536.864330,5.26, 208, 45
1791646537.864515,5.29, 305, 45
1791646538.864731,5.29, 305, 45
1791646539.865258,5.37, 305, 45
1791646540.865673,5.25, 305, 45
1791646541.866139,5.23, 208, 45
1791646542.866592,5.27, 305, 44
1791646543.867051,5.22, 208, 44
1791646544.867518,5.27, 305, 44
1791646545.867980,5.40, 266, 45
1791646546.868516,5.36, 305, 45
1791646547.868718,5.26, 305, 44
1791646548.869333,5.21, 208, 44
1791646549.869632,5.24, 305, 44
1791646550.870124,5.19, 208, 44
1791646551.870584,5.22, 305, 44
1791646552.871045,5.23, 208, 44
1791646553.871977,5.51, 305, 44
1791646554.872068,5.51, 305, 44
1791646555.872901,5.03, 305, 44
1791646556.873678,5.02, 208, 44
1791646557.874502,5.01, 305, 44
1791646558.875320,4.98, 208, 44
1791646559.876146,5.05, 305, 44
1791646560.876585,5.28, 305, 44
1791646561.877439,5.28, 305, 44
1791646562.878238,5.21, 305, 44
1791646563.878783,5.12, 208, 44
1791646564.879601,5.15, 305, 44
1791646565.880029,5.11, 208, 44
1791646566.881391,5.05, 305, 44
1791646567.881738,4.99, 305, 44
1791646568.882535,5.04, 305, 44
1791646569.883360,4.94, 305, 43
1791646570.884147,4.93, 208, 43
1791646571.885015,4.93, 305, 43
1791646572.885677,4.98, 208, 43
1791646573.886460,4.98, 305, 43
1791646574.887338,5.03, 305, 43
1791646575.888091,5.09, 305, 43
1791646576.888969,4.99, 305, 43
1791646577.889800,4.98, 208, 43
1791646578.889834,4.99, 305, 43
1791646579.890664,4.93, 208, 43
1791646580.891447,4.95, 305, 43
1791646581.891548,4.95, 305, 43
1791646582.892298,5.00, 299, 43
1791646583.892979,4.91, 305, 43
1791646584.893756,4.89, 208, 43
1791646585.894283,4.91, 305, 42
1791646586.895033,5.01, 208, 42
1791646587.895678,8.31, 1306, 43
1791646588.895760,9.82, 2184, 43
1791646589.895879,9.81, 2184, 43
1791646590.896190,9.87, 2184, 43
1791646591.896705,9.97, 2184, 43
1791646592.896946,10.26, 2184, 44
1791646593.897131,10.40, 2184, 44
1791646594.897352,10.38, 2184, 44
1791646595.897571,10.42, 2184, 44
1791646596.897789,10.36, 2184, 44
1791646597.897994,10.37, 2184, 44
1791646598.898519,10.37, 2184, 44
1791646599.898671,10.37, 2184, 44
1791646600.898871,10.34, 2184, 44
1791646601.899116,10.16, 2177, 44
1791646602.899315,9.85, 2177, 44
1791646603.899808,9.86, 2177, 44
1791646604.900034,9.92, 2177, 44
1791646605.900241,10.53, 2177, 44
1791646606.900467,9.86, 2177, 44
1791646607.900667,9.95, 2177, 44
1791646608.901150,10.09, 2177, 44
1791646609.901365,9.88, 2177, 44
1791646610.901487,9.97, 2177, 44
1791646611.901716,10.11, 2177, 44
1791646612.901870,9.88, 2177, 44
1791646613.901948,9.96, 2177, 44
1791646614.902133,10.24, 2177, 44
1791646615.902565,9.91, 2177, 44
1791646616.902826,9.90, 2177, 44
1791646617.903028,9.99, 2177, 44
1791646618.903301,10.01, 2177, 44
1791646619.903542,10.23, 2177, 44
1791646620.903628,9.93, 2177, 44
1791646621.904145,10.02, 2177, 44
1791646622.904444,10.25, 2177, 44
1791646623.904535,9.93, 2177, 44
1791646624.904664,9.97, 2177, 44
1791646625.905140,10.11, 2177, 44
1791646626.905568,9.92, 2177, 44
1791646627.905783,9.94, 2177, 44
1791646628.905909,9.99, 2177, 44
1791646629.906112,10.00, 2177, 44
1791646630.906316,10.83, 2177, 44
1791646631.906513,11.47, 2177, 44
1791646632.906991,10.80, 2177, 44
1791646633.907567,10.18, 2177, 44
1791646634.907729,9.88, 2177, 44
1791646635.907936,13.22, 2177, 44
1791646636.908128,9.99, 2177, 44
1791646637.908263,9.97, 2177, 44
1791646638.908487,9.94, 2177, 44
1791646639.908699,9.95, 2177, 44
1791646640.908873,9.84, 2177, 44
1791646641.909105,9.94, 2177, 44
1791646642.909732,11.01, 2177, 44
1791646643.910213,22.91, 2177, 45
1791646644.910349,18.37, 2177, 46
1791646645.910623,21.67, 2177, 47
1791646646.910771,21.97, 2177, 47
1791646647.911015,22.01, 2177, 47
1791646648.911240,22.25, 2177, 48
1791646649.911416,31.84, 2177, 51
1791646650.911735,14.43, 2177, 51
1791646651.911870,26.60, 2177, 47
1791646652.912038,11.58, 2177, 46
1791646653.912703,11.99, 2177, 47
1791646654.913097,11.88, 2177, 46
1791646655.913478,11.03, 2177, 46
1791646656.913898,10.07, 2177, 46
1791646657.914448,10.08, 2177, 46
1791646658.914940,10.05, 2177, 45
1791646659.915447,10.05, 2177, 45
1791646660.915609,30.90, 2171, 54
1791646661.915858,61.84, 2177, 55
1791646662.916255,66.98, 2171, 58
1791646663.916444,64.74, 2171, 59
1791646664.916740,63.10, 2171, 57
1791646665.916932,67.54, 2171, 60
1791646666.917093,65.85, 2171, 57
1791646667.917331,64.74, 2171, 59
1791646668.917506,68.23, 2171, 61
1791646669.917679,65.73, 2177, 59
1791646670.917985,64.42, 2177, 60
1791646671.918141,68.72, 2177, 63
1791646672.918335,21.16, 2177, 51
1791646673.918641,11.34, 2177, 50
1791646674.919160,30.98, 2171, 55
1791646675.919688,31.82, 2177, 54
1791646676.919913,11.39, 2177, 50
1791646677.920381,11.64, 2177, 51
1791646678.920522,24.53, 2177, 54
1791646679.920612,36.09, 2177, 54
1791646680.920893,35.54, 2177, 54
1791646681.921110,34.47, 2177, 55
1791646682.921305,17.05, 2177, 50
1791646683.921431,10.52, 2177, 50
1791646684.921778,13.94, 2177, 50
1791646685.922331,12.95, 2177, 49
1791646686.922673,12.90, 2177, 50
1791646687.922897,12.38, 2177, 49
1791646688.923438,12.99, 2177, 49
1791646689.923450,12.93, 2177, 49
1791646690.923560,12.08, 2177, 49
1791646691.923660,11.48, 2177, 49
1791646692.924060,11.83, 2177, 48
1791646693.924613,13.65, 2177, 49
1791646694.925434,10.59, 2177, 48
1791646695.925871,10.35, 2177, 48
1791646696.925979,11.93, 2177, 48
1791646697.926296,14.83, 2177, 51
1791646698.926444,36.42, 2177, 53
1791646699.926514,36.89, 2177, 53
1791646700.926976,36.42, 2171, 53
1791646701.927213,23.42, 2177, 49
1791646702.927269,10.22, 2177, 48
1791646703.927748,10.17, 2177, 48
1791646704.927866,10.16, 2177, 48
1791646705.927968,10.32, 2177, 48
1791646706.928422,11.87, 2177, 48
1791646707.928874,13.01, 2177, 48
1791646708.929669,12.19, 2177, 48
1791646709.930229,12.67, 2177, 48
1791646710.930690,12.48, 2177, 48
1791646711.931441,12.43, 2177, 48
1791646712.931956,12.51, 2177, 48
1791646713.932733,11.71, 2177, 47
1791646714.933517,11.25, 2177, 47
1791646715.934280,11.45, 2177, 47
1791646716.934960,12.45, 2177, 47
1791646717.935670,12.12, 2177, 47
1791646718.936092,11.28, 2177, 47
1791646719.936900,12.87, 2177, 47
1791646720.937730,13.65, 2177, 48
1791646721.938408,12.49, 2177, 47
1791646722.938560,10.14, 2177, 47
1791646723.939407,10.17, 2177, 47
1791646724.940147,10.16, 2177, 47
1791646725.940875,10.12, 2177, 47
1791646726.941662,10.11, 2177, 46
1791646727.942448,10.11, 2177, 46
1791646728.942972,10.13, 2177, 46
1791646729.943730,10.11, 2177, 46
1791646730.943829,10.09, 2177, 46
1791646731.944571,10.09, 2177, 46
1791646732.944695,10.09, 2177, 46
1791646733.945389,10.07, 2177, 46
1791646734.945800,10.06, 2177, 46
1791646735.945844,10.07, 2177, 46
1791646736.946599,10.04, 2177, 46
1791646737.947250,10.06, 2177, 46
1791646738.947489,10.05, 2177, 46
1791646739.948035,10.04, 2177, 46
1791646740.948797,10.03, 2177, 46
1791646741.948813,10.03, 2177, 46
1791646742.949233,9.97, 2177, 46
1791646743.949678,9.86, 2177, 45
1791646744.950123,9.86, 2177, 45
1791646745.950680,9.86, 2177, 45
1791646746.951267,9.83, 2177, 45
1791646747.951824,9.83, 2177, 45
1791646748.952291,9.78, 2177, 45
1791646749.952392,9.77, 2177, 45
1791646750.952603,9.79, 2177, 45
1791646751.952774,9.77, 2177, 45
1791646752.952876,9.80, 2177, 45
1791646753.953648,11.87, 2177, 45
1791646754.953781,9.85, 2177, 45
1791646755.954176,9.80, 2177, 45
1791646756.955016,9.79, 2177, 45
1791646757.955046,9.78, 2177, 44
1791646758.955747,9.77, 2177, 44
1791646759.955859,9.77, 2177, 44
1791646760.956031,9.73, 2177, 44
1791646761.956127,9.72, 2177, 44
1791646762.956298,9.71, 2177, 44
1791646763.956475,9.70, 2177, 44
1791646764.956667,9.71, 2177, 44
1791646765.956861,9.73, 2184, 44
1791646766.957068,9.72, 2184, 44
1791646767.957255,9.70, 2184, 44
1791646768.957441,9.69, 2184, 44
1791646769.957636,9.71, 2184, 44
1791646770.957823,9.69, 2184, 44
1791646771.958223,9.70, 2184, 44
1791646772.958208,9.68, 2184, 44
1791646773.958396,9.67, 2184, 44
1791646774.958581,9.68, 2184, 44
1791646775.958768,9.66, 2184, 43
1791646776.958964,9.65, 2184, 43
1791646777.959154,9.65, 2184, 43
1791646778.959345,9.66, 2184, 43
1791646779.959537,9.63, 2184, 43
1791646780.959721,9.62, 2184, 43
1791646781.959824,9.61, 2184, 43
1791646782.959936,9.63, 2184, 43
1791646783.960197,9.62, 2184, 43
1791646784.960199,9.60, 2184, 43
1791646785.960484,9.58, 2184, 43
1791646786.960590,9.59, 2184, 43
1791646787.960774,9.61, 2184, 43
1791646788.960862,9.59, 2184, 43
1791646789.960960,9.52, 2184, 43
1791646790.961035,9.59, 2184, 43
1791646791.960972,9.57, 2184, 43
1791646792.961066,9.61, 2184, 43
1791646793.961151,9.57, 2184, 43
1791646794.961328,9.60, 2184, 43
1791646795.961421,9.57, 2184, 43
1791646796.961506,9.54, 2184, 43
1791646797.961617,9.55, 2184, 43
1791646798.961754,9.55, 2184, 43
1791646799.962341,9.52, 2184, 43
1791646800.962865,9.57, 2184, 43
1791646801.963672,9.55, 2184, 43
1791646802.964183,9.59, 2184, 43
1791646803.964279,9.55, 2184, 43
1791646804.964386,9.56, 2184, 43
1791646805.965298,9.52, 2184, 43
1791646806.966084,9.53, 2184, 43
1791646807.966076,9.57, 2184, 42
1791646808.966806,9.54, 2184, 42
1791646809.967178,9.52, 2184, 42
1791646810.968058,9.52, 2184, 42
1791646811.968830,9.52, 2184, 42
1791646812.969316,9.55, 2184, 42
1791646813.969898,9.55, 2184, 42
1791646814.970423,9.55, 2184, 42
1791646815.971255,9.53, 2184, 42
1791646816.972062,9.54, 2184, 42
1791646817.972614,9.55, 2184, 42
1791646818.973215,9.52, 2184, 42
1791646819.973577,9.53, 2184, 42
1791646820.974349,9.53, 2184, 42
1791646821.975035,9.49, 2184, 42
1791646822.975881,9.51, 2184, 42
1791646823.976002,9.52, 2184, 42
1791646824.976590,9.51, 2184, 42
1791646825.977102,9.47, 2184, 42
1791646826.977188,9.48, 2184, 42
1791646827.977685,9.48, 2184, 42
1791646828.977813,9.48, 2184, 42
1791646829.977910,9.49, 2184, 42
1791646830.978007,9.55, 2184, 42
1791646831.978079,9.51, 2184, 42
1791646832.978178,9.52, 2184, 42
1791646833.978301,9.51, 2184, 42
1791646834.978385,9.55, 2184, 42
1791646835.978479,9.50, 2184, 42
1791646836.978656,9.50, 2184, 42
1791646837.978812,9.47, 2184, 42
1791646838.979026,9.46, 2184, 42
1791646839.979287,9.51, 2184, 42
1791646840.979494,9.51, 2184, 42
1791646841.979700,9.50, 2184, 42
1791646842.980161,9.51, 2184, 42
1791646843.980890,9.51, 2184, 42
1791646844.981650,9.49, 2184, 42
1791646845.982440,9.50, 2184, 42
1791646846.983308,9.48, 2184, 42
1791646847.983507,9.49, 2184, 42
1791646848.984240,9.50, 2184, 42
1791646849.985003,9.47, 2184, 42
1791646850.985121,9.48, 2184, 42
1791646851.985845,9.49, 2184, 42
1791646852.986437,9.49, 2184, 42
1791646853.986634,9.48, 2184, 42
1791646854.987402,9.47, 2184, 42
1791646855.988198,9.49, 2184, 42
1791646856.989037,9.48, 2184, 42
1791646857.989001,9.49, 2184, 42
1791646858.989548,9.60, 2184, 42
1791646859.989983,9.52, 2184, 42
1791646860.990416,9.46, 2184, 42
1791646861.990962,9.48, 2184, 42
1791646862.991380,9.49, 2184, 42
1791646863.991805,9.43, 2184, 42
1791646864.992236,9.44, 2184, 42
1791646865.992671,9.47, 2184, 42
1791646866.992881,9.47, 2184, 42
1791646867.993009,9.46, 2184, 42
1791646868.993502,9.41, 2184, 42
1791646869.993739,9.43, 2184, 42
1791646870.994065,9.41, 2184, 42
1791646871.994560,9.41, 2184, 42
1791646872.994650,9.40, 2184, 42
1791646873.995163,9.45, 2184, 42
1791646874.995850,10.68, 2184, 43
1791646875.996483,28.67, 2177, 47
1791646876.996571,27.33, 2177, 45
1791646877.997298,23.73, 2177, 45
1791646878.998049,28.85, 2177, 48
1791646879.998081,27.82, 2177, 46
1791646880.998273,23.82, 2177, 47
1791646881.998885,23.80, 2177, 47
1791646882.999404,24.05, 2177, 47
1791646883.999610,32.87, 2177, 50
1791646885.000095,24.22, 2177, 48
1791646886.000270,23.90, 2177, 48
1791646887.000638,28.00, 2177, 50
1791646888.001244,28.96, 2177, 48
1791646889.001402,23.99, 2177, 49
1791646890.001679,24.14, 2177, 49
1791646891.002365,24.34, 2177, 49
1791646892.003127,24.40, 2177, 49
1791646893.003494,24.40, 2177, 49
1791646894.004368,14.73, 2177, 47
1791646895.004944,20.55, 2177, 49
1791646896.005344,35.55, 2177, 52
1791646897.005842,38.84, 2177, 53
1791646898.005956,35.90, 2177, 52
1791646899.006511,39.02, 2171, 53
1791646900.007198,36.22, 2177, 53
1791646901.008050,33.92, 2177, 52
1791646902.008801,29.32, 2177, 52
1791646903.009070,29.42, 2177, 52
1791646904.009714,29.44, 2177, 52
1791646905.010491,29.30, 2177, 53
1791646906.011315,29.34, 2177, 53
1791646907.012167,29.55, 2177, 53
1791646908.012154,29.25, 2177, 53
1791646909.012987,28.15, 2177, 53
1791646910.013058,27.60, 2177, 53
1791646911.014217,27.67, 2177, 53
1791646912.014791,27.16, 2177, 53
1791646913.014897,26.43, 2177, 53
1791646914.015152,30.48, 2171, 55
1791646915.015646,36.89, 2171, 55
1791646916.016237,39.00, 2171, 56
1791646917.016518,36.87, 2171, 54
1791646918.017035,39.17, 2171, 56
1791646919.017100,37.12, 2171, 54
1791646920.017210,29.97, 2171, 55
1791646921.017318,29.87, 2171, 55
1791646922.017495,29.75, 2171, 55
1791646923.017558,29.75, 2171, 55
1791646924.017790,29.44, 2171, 55
1791646925.018286,29.45, 2171, 55
1791646926.018409,29.70, 2171, 56
1791646927.018534,29.26, 2171, 56
1791646928.018994,29.24, 2171, 56
1791646929.019450,29.22, 2171, 56
1791646930.019658,29.23, 2171, 56
1791646931.020094,28.93, 2171, 56
1791646932.020492,28.27, 2171, 56
1791646933.020765,27.33, 2171, 55
1791646934.021267,39.11, 2171, 58
1791646935.021730,37.12, 2171, 55
1791646936.021797,39.02, 2171, 58
1791646937.022280,37.94, 2171, 58
1791646938.022483,39.80, 2171, 59
1791646939.022726,31.21, 2171, 57
1791646940.022869,30.11, 2171, 57
1791646941.022901,30.26, 2171, 57
1791646942.023267,30.07, 2171, 57
1791646943.023755,29.87, 2171, 57
1791646944.024194,29.95, 2171, 57
1791646945.024429,29.99, 2171, 57
1791646946.024998,29.30, 2171, 57
1791646947.025101,28.29, 2171, 57
1791646948.025606,27.70, 2171, 57
1791646949.025710,26.29, 2171, 57
1791646950.026169,26.06, 2171, 57
1791646951.026446,36.22, 2171, 59
1791646952.026716,37.36, 2171, 59
1791646953.027172,40.02, 2171, 59
1791646954.027689,37.24, 2171, 60
1791646955.028229,39.87, 2171, 59
1791646956.028708,33.65, 2171, 58
1791646957.029170,30.21, 2171, 58
1791646958.029397,30.08, 2171, 58
1791646959.029602,30.12, 2171, 58
1791646960.030079,29.93, 2171, 58
1791646961.030358,29.90, 2171, 58
1791646962.030494,30.03, 2171, 58
1791646963.031101,29.83, 2171, 58
1791646964.031446,29.77, 2171, 58
1791646965.032007,29.88, 2171, 59
1791646966.032466,30.30, 2171, 59
1791646967.032975,30.17, 2171, 59
1791646968.033411,29.87, 2171, 59
1791646969.033520,29.01, 2171, 58
1791646970.033696,22.00, 2177, 56
1791646971.034264,15.27, 2171, 57
1791646972.034302,34.06, 2171, 60
1791646973.034446,30.08, 2171, 60
1791646974.034910,29.81, 2171, 58
1791646975.034996,25.17, 2171, 58
1791646976.035480,25.28, 2171, 58
1791646977.035980,25.51, 2171, 58
1791646978.036584,25.46, 2171, 58
1791646979.036971,34.06, 2171, 58
1791646980.037512,25.10, 2171, 58
1791646981.037584,25.11, 2171, 58
1791646982.037717,25.07, 2171, 58
1791646983.038225,25.19, 2171, 58
1791646984.038362,29.87, 2171, 60
1791646985.038635,29.77, 2171, 58
1791646986.039106,25.09, 2171, 58
1791646987.039213,25.16, 2171, 58
1791646988.039495,25.18, 2171, 58
1791646989.039657,25.17, 2171, 58
1791646990.039830,13.34, 2177, 57
1791646991.040385,31.14, 2171, 60
1791646992.040755,38.01, 2171, 60
1791646993.041035,40.26, 2171, 61
1791646994.041349,37.34, 2171, 60
1791646995.041557,40.35, 2171, 61
1791646996.041743,36.26, 2171, 61
1791646997.041941,30.36, 2171, 59
1791646998.042063,30.28, 2171, 59
1791646999.042836,29.94, 2171, 59
1791647000.043502,29.83, 2171, 59
1791647001.044382,29.96, 2171, 59
1791647002.045044,29.97, 2171, 59
1791647003.045900,30.06, 2171, 59
1791647004.046707,29.75, 2171, 60
1791647005.047673,29.02, 2171, 59
1791647006.048493,29.56, 2171, 59
1791647007.048465,25.17, 2171, 59
1791647008.048731,23.71, 2171, 58
1791647009.049183,39.08, 2171, 61
1791647010.049292,37.95, 2171, 59
1791647011.049278,39.52, 2171, 62
1791647012.049572,38.48, 2171, 61
1791647013.049731,40.33, 2177, 62
1791647014.049850,32.18, 2171, 60
1791647015.050118,29.92, 2171, 60
1791647016.050204,29.84, 2171, 60
1791647017.050221,29.81, 2171, 60
1791647018.050386,29.70, 2171, 60
1791647019.050524,29.74, 2171, 60
1791647020.050962,29.84, 2171, 60
1791647021.051053,29.94, 2171, 60
1791647022.051543,29.98, 2171, 60
1791647023.051649,29.92, 2171, 60
1791647024.051791,29.76, 2171, 60
1791647025.051900,29.90, 2171, 60
1791647026.052149,28.65, 2171, 60
1791647027.052271,32.06, 2171, 62
1791647028.052806,38.39, 2171, 62
1791647029.053211,40.66, 2184, 62
1791647030.053567,37.56, 2177, 62
1791647031.054030,40.91, 2177, 63
1791647032.054313,36.78, 2184, 63
1791647033.054507,30.54, 2171, 61
1791647034.054966,30.37, 2171, 61
1791647035.055446,29.98, 2171, 61
1791647036.055917,30.17, 2171, 61
1791647037.056420,30.11, 2171, 61
1791647038.056887,30.09, 2171, 61
1791647039.057342,30.14, 2171, 61
1791647040.057450,30.06, 2171, 61
1791647041.057726,30.06, 2171, 61
1791647042.057781,29.66, 2171, 61
1791647043.058505,28.29, 2171, 61
1791647044.059126,35.83, 2177, 62
1791647045.059715,41.02, 2177, 62
1791647046.059785,37.01, 2177, 63
1791647047.060278,41.00, 2177, 64
1791647048.060655,37.61, 2184, 63
1791647049.061139,36.99, 2177, 61
1791647050.061540,30.50, 2171, 61
1791647051.061700,30.29, 2171, 61
1791647052.061896,30.07, 2171, 61
1791647053.062089,30.05, 2171, 61
1791647054.062499,29.90, 2171, 61
1791647055.062626,29.86, 2171, 61
1791647056.063096,29.86, 2171, 61
1791647057.063451,30.06, 2171, 61
1791647058.063836,30.03, 2171, 61
1791647059.064367,29.98, 2171, 61
1791647060.064578,30.28, 2171, 62
1791647061.065048,29.43, 2171, 61
1791647062.065186,27.42, 2171, 61
1791647063.066003,22.31, 2177, 60
1791647064.065979,25.45, 2171, 61
1791647065.066199,25.36, 2171, 60
1791647066.066435,25.38, 2171, 60
1791647067.067343,25.36, 2171, 61
1791647068.067386,25.52, 2171, 60
1791647069.067600,25.48, 2171, 60
1791647070.067715,25.76, 2171, 60
1791647071.068220,25.78, 2171, 60
1791647072.068678,25.74, 2171, 60
1791647073.069147,25.74, 2171, 60
1791647074.069618,25.72, 2171, 60
1791647075.069883,25.58, 2171, 60
1791647076.070120,25.39, 2171, 60
1791647077.070611,25.71, 2171, 60
1791647078.070794,25.75, 2171, 60
1791647079.071012,25.70, 2171, 60
1791647080.071522,25.76, 2171, 60
1791647081.071993,25.38, 2171, 60
1791647082.072451,25.34, 2171, 60
1791647083.072550,25.39, 2171, 60
1791647084.072676,25.60, 2171, 60
1791647085.073139,25.71, 2171, 60
1791647086.073486,25.76, 2171, 60
1791647087.073599,26.02, 2171, 60
1791647088.073812,25.36, 2171, 60
1791647089.074247,25.42, 2171, 60
1791647090.074455,25.43, 2171, 60
1791647091.074592,25.69, 2171, 60
1791647092.074805,25.36, 2171, 60
1791647093.074957,25.34, 2171, 60
1791647094.075168,25.34, 2171, 60
1791647095.075307,25.58, 2171, 60
1791647096.075796,25.35, 2171, 60
1791647097.075972,25.36, 2171, 60
1791647098.076400,25.55, 2171, 60
1791647099.076868,25.69, 2171, 60
1791647100.077337,25.72, 2171, 60
1791647101.077856,25.71, 2171, 60
1791647102.078102,25.84, 2171, 61
1791647103.078207,25.38, 2171, 60
1791647104.078667,25.42, 2171, 60
1791647105.078777,25.53, 2171, 60
1791647106.079262,25.79, 2171, 60
1791647107.079477,25.83, 2171, 60
1791647108.079624,25.34, 2171, 60
1791647109.080087,25.38, 2171, 60
1791647110.080546,25.37, 2171, 60
1791647111.081056,25.30, 2171, 60
1791647112.081135,25.54, 2171, 60
1791647113.081659,25.55, 2171, 60
1791647114.081857,25.60, 2171, 60
1791647115.081990,25.69, 2171, 60
1791647116.082194,25.56, 2171, 60
1791647117.082683,25.38, 2171, 60
1791647118.082966,25.32, 2171, 60
1791647119.083083,25.52, 2171, 60
1791647120.083179,25.51, 2171, 60
1791647121.083306,25.50, 2171, 60
1791647122.083485,25.46, 2171, 60
1791647123.083612,25.57, 2171, 60
1791647124.084085,25.53, 2171, 60
1791647125.084187,25.35, 2171, 60
1791647126.084417,25.44, 2171, 60
1791647127.084652,25.68, 2171, 60
1791647128.084835,25.31, 2171, 60
1791647129.085026,25.28, 2171, 60
1791647130.085588,25.38, 2171, 60
1791647131.085678,25.41, 2171, 60
1791647132.085847,25.38, 2171, 60
1791647133.085931,25.81, 2171, 60
1791647134.086390,25.59, 2171, 60
1791647135.086865,25.77, 2171, 60
1791647136.087356,25.78, 2171, 60
1791647137.087835,25.77, 2171, 60
1791647138.088299,25.77, 2171, 60
1791647139.088447,26.32, 2171, 60
1791647140.088754,25.41, 2171, 60
1791647141.089218,25.73, 2171, 60
1791647142.089673,25.39, 2171, 60
1791647143.090159,25.37, 2171, 60
1791647144.090498,25.39, 2171, 60
1791647145.090971,25.40, 2171, 60
1791647146.091235,25.47, 2171, 60
1791647147.091527,25.45, 2171, 60
1791647148.092431,25.70, 2171, 60
1791647149.092980,25.58, 2171, 60
1791647150.093604,25.56, 2171, 60
1791647151.094267,25.56, 2171, 60
1791647152.094367,25.58, 2171, 60
1791647153.095311,25.58, 2171, 60
1791647154.095436,25.57, 2171, 60
1791647155.096111,25.43, 2171, 60
1791647156.096274,25.77, 2171, 60
1791647157.096973,25.81, 2171, 60
1791647158.097148,25.84, 2171, 60
1791647159.097396,25.68, 2171, 60
1791647160.097611,25.42, 2171, 60
1791647161.098537,25.48, 2171, 60
1791647162.099449,25.73, 2171, 60
1791647163.100287,25.76, 2171, 60
1791647164.100520,25.77, 2171, 60
1791647165.101348,25.36, 2171, 60
1791647166.101477,25.40, 2171, 60
1791647167.102289,25.48, 2171, 60
1791647168.103022,25.46, 2171, 60
1791647169.103643,25.81, 2171, 60
1791647170.104524,25.68, 2171, 60
1791647171.105127,25.77, 2171, 60
1791647172.105457,25.76, 2171, 60
1791647173.106198,25.76, 2171, 60
1791647174.106278,25.76, 2171, 60
1791647175.106360,26.12, 2171, 60
1791647176.107159,26.05, 2171, 61
1791647177.107970,25.45, 2171, 60
1791647178.108174,25.49, 2171, 60
1791647179.108600,25.50, 2171, 60
1791647180.108642,25.54, 2171, 60
1791647181.109422,25.58, 2171, 60
1791647182.110082,25.60, 2171, 60
1791647183.110764,25.72, 2171, 60
1791647184.111575,25.57, 2171, 60
1791647185.112369,25.77, 2171, 60
1791647186.112862,25.63, 2171, 60
1791647187.113483,25.31, 2171, 60
1791647188.113632,25.37, 2171, 60
1791647189.113712,25.50, 2171, 60
1791647190.113865,25.39, 2171, 60
1791647191.114112,25.55, 2171, 60
1791647192.114341,25.74, 2171, 60
1791647193.114458,25.78, 2171, 60
1791647194.114756,25.82, 2171, 60
1791647195.115206,25.99, 2171, 60
1791647196.115389,25.53, 2171, 60
1791647197.115621,25.42, 2171, 60
1791647198.116092,25.71, 2171, 60
1791647199.116524,25.59, 2171, 60
1791647200.116717,25.63, 2171, 60
1791647201.116952,25.64, 2171, 61
1791647202.117091,25.60, 2171, 61
1791647203.117593,25.57, 2171, 60
1791647204.118104,25.95, 2171, 60
1791647205.118220,25.42, 2171, 60
1791647206.118432,25.74, 2171, 60
1791647207.118600,25.77, 2171, 60
1791647208.118696,25.77, 2171, 60
1791647209.118786,25.74, 2171, 60
1791647210.119015,25.80, 2171, 61
1791647211.119529,26.44, 2171, 61
1791647212.120022,25.41, 2171, 60
1791647213.120167,25.72, 2171, 60
1791647214.120164,25.80, 2171, 60
1791647215.120411,25.77, 2171, 60
1791647216.120727,25.84, 2171, 60
1791647217.120736,25.68, 2171, 61
1791647218.120835,25.40, 2171, 60
1791647219.120963,25.38, 2171, 60
1791647220.121294,25.69, 2171, 61
1791647221.121417,25.83, 2171, 61
1791647222.121544,25.75, 2171, 61
1791647223.121678,25.76, 2171, 61
1791647224.121788,25.58, 2171, 61
1791647225.121934,25.35, 2171, 61
1791647226.122031,25.40, 2171, 61
1791647227.122228,25.61, 2171, 61
1791647228.122371,25.76, 2171, 61
1791647229.122429,25.78, 2171, 61
1791647230.123024,25.87, 2171, 61
1791647231.123115,25.43, 2171, 61
1791647232.123312,25.45, 2171, 61
1791647233.123513,25.43, 2171, 61
1791647234.123731,25.61, 2171, 61
1791647235.124257,25.79, 2171, 61
1791647236.124346,25.82, 2171, 61
1791647237.124460,25.64, 2171, 61
1791647238.124962,25.42, 2171, 61
1791647239.125173,25.46, 2171, 61
1791647240.125643,25.45, 2171, 61
1791647241.125811,25.54, 2171, 61
1791647242.126309,25.84, 2171, 61
1791647243.126856,25.97, 2171, 61
1791647244.126983,25.42, 2171, 61
1791647245.127075,25.41, 2171, 61
1791647246.127511,25.45, 2171, 61
1791647247.127622,25.43, 2171, 61
1791647248.127720,25.68, 2171, 61
1791647249.127959,25.77, 2171, 61
1791647250.128079,25.81, 2171, 61
1791647251.128206,25.77, 2171, 61
1791647252.128405,25.78, 2171, 61
1791647253.128512,25.77, 2171, 61
1791647254.128960,25.88, 2171, 61
1791647255.129448,25.42, 2171, 61
1791647256.129650,25.72, 2171, 61
1791647257.129821,25.75, 2171, 61
1791647258.130238,25.73, 2171, 61
1791647259.130713,25.41, 2171, 61
1791647260.130953,25.43, 2171, 61
1791647261.131404,25.45, 2171, 61
1791647262.131910,25.47, 2171, 61
1791647263.132247,25.67, 2171, 61
1791647264.132323,26.04, 2171, 61
1791647265.132806,25.38, 2171, 61
1791647266.133033,25.40, 2171, 61
1791647267.133266,25.40, 2171, 61
1791647268.133507,25.71, 2171, 61
1791647269.133650,25.44, 2171, 61
1791647270.134130,25.62, 2171, 61
1791647271.134345,25.83, 2171, 61
1791647272.134569,25.78, 2171, 61
1791647273.134760,25.62, 2171, 61
1791647274.134944,25.43, 2171, 61
1791647275.135099,25.42, 2171, 61
1791647276.135500,25.43, 2171, 61
1791647277.135981,25.56, 2171, 61
1791647278.136091,25.79, 2171, 61
1791647279.136598,25.98, 2171, 61
1791647280.137009,25.43, 2171, 61
1791647281.137259,25.49, 2171, 61
1791647282.137515,25.41, 2171, 61
1791647283.137724,25.40, 2171, 61
1791647284.138181,25.82, 2171, 61
1791647285.138286,25.58, 2171, 61
1791647286.138497,25.62, 2171, 61
1791647287.138977,25.63, 2171, 61
1791647288.139427,25.70, 2171, 61
1791647289.139981,25.65, 2171, 61
1791647290.140139,25.46, 2171, 61
1791647291.140584,25.55, 2171, 61
1791647292.141043,25.85, 2171, 61
1791647293.141138,25.39, 2171, 61
1791647294.141488,25.42, 2171, 61
1791647295.141695,25.44, 2171, 61
1791647296.142137,25.54, 2171, 61
1791647297.142358,25.41, 2171, 61
1791647298.142803,25.45, 2171, 61
1791647299.142944,25.73, 2171, 61
1791647300.143057,25.86, 2171, 61
1791647301.143247,25.43, 2171, 61
1791647302.143723,25.43, 2171, 61
1791647303.143983,25.46, 2171, 61
1791647304.144154,25.64, 2171, 61
1791647305.145066,25.48, 2171, 61
1791647306.145864,25.68, 2171, 61
1791647307.146537,25.80, 2171, 61
1791647308.146829,25.83, 2171, 61
1791647309.146899,25.80, 2171, 61
1791647310.147023,26.15, 2171, 61
1791647311.147474,25.42, 2171, 61
1791647312.147595,22.05, 2171, 60
1791647313.148035,22.10, 2171, 59
1791647314.148512,23.17, 2171, 60
1791647315.148640,23.38, 2171, 61
1791647316.149109,23.82, 2171, 60
1791647317.149512,24.04, 2171, 61
1791647318.149983,23.23, 2171, 60
1791647319.150471,24.30, 2171, 60
1791647320.150981,25.57, 2171, 61
1791647321.151516,25.80, 2171, 61
1791647322.151848,25.83, 2171, 61
1791647323.152115,25.83, 2171, 61
1791647324.153230,25.86, 2171, 61
1791647325.153985,25.87, 2171, 61
1791647326.154136,25.65, 2171, 61
1791647327.154233,25.53, 2171, 61
1791647328.155007,25.83, 2171, 61
1791647329.155022,25.80, 2171, 61
1791647330.155983,25.83, 2171, 61
1791647331.156734,25.79, 2171, 61
1791647332.157539,25.84, 2171, 61
1791647333.157740,25.42, 2171, 61
1791647334.157829,25.51, 2171, 61
1791647335.158570,25.79, 2171, 61
1791647336.158673,25.82, 2171, 61
1791647337.159468,25.85, 2171, 61
1791647338.160040,25.67, 2171, 61
1791647339.160101,25.42, 2171, 61
1791647340.160541,25.50, 2171, 61
1791647341.160638,25.54, 2171, 61
1791647342.161331,25.74, 2171, 61
1791647343.162115,25.62, 2171, 61
1791647344.162995,25.44, 2171, 61
1791647345.163618,25.78, 2171, 61
1791647346.164404,25.49, 2171, 61
1791647347.164474,25.44, 2171, 61
1791647348.164728,25.53, 2171, 61
1791647349.165224,25.94, 2171, 61
1791647350.165434,25.68, 2171, 61
1791647351.165907,25.69, 2171, 61
1791647352.166252,25.67, 2171, 61
1791647353.166522,25.65, 2171, 61
1791647354.166996,25.86, 2171, 61
1791647355.167114,25.48, 2171, 61
1791647356.167215,25.72, 2171, 61
1791647357.167711,25.82, 2171, 61
1791647358.167937,25.82, 2171, 61
1791647359.168459,25.80, 2171, 61
1791647360.168674,25.84, 2171, 61
1791647361.168949,26.25, 2171, 61
1791647362.169225,25.75, 2171, 61
1791647363.169324,25.65, 2171, 61
1791647364.169408,25.83, 2171, 61
1791647365.169941,25.88, 2171, 61
1791647366.170099,25.87, 2171, 61
1791647367.170525,25.88, 2171, 61
1791647368.170623,25.79, 2171, 61
1791647369.171107,25.44, 2171, 61
1791647370.171374,25.58, 2171, 61
1791647371.171477,26.06, 2171, 61
1791647372.171609,25.43, 2171, 61
1791647373.171701,25.44, 2171, 61
1791647374.171813,25.46, 2171, 61
1791647375.171955,25.71, 2171, 61
1791647376.172065,25.48, 2171, 61
1791647377.172604,25.60, 2171, 61
1791647378.173119,25.91, 2171, 61
1791647379.173214,25.91, 2171, 61
1791647380.173722,25.92, 2171, 61
1791647381.174231,26.14, 2171, 61
1791647382.174569,25.49, 2171, 61
1791647383.174908,25.52, 2171, 61
1791647384.175180,25.80, 2171, 61
1791647385.175337,25.57, 2171, 61
1791647386.175572,25.70, 2171, 61
1791647387.175664,25.72, 2171, 61
1791647388.176052,25.67, 2171, 61
1791647389.176312,25.67, 2171, 61
1791647390.176432,25.71, 2171, 61
1791647391.176526,26.02, 2171, 61
1791647392.176752,25.74, 2171, 61
1791647393.176995,25.88, 2171, 61
1791647394.177195,26.34, 2171, 61
1791647395.177461,25.69, 2171, 61
1791647396.177903,25.49, 2171, 61
1791647397.178111,25.51, 2171, 61
1791647398.178401,25.56, 2171, 61
1791647399.178590,25.73, 2171, 61
1791647400.178826,25.94, 2171, 61
1791647401.179069,25.84, 2171, 61
1791647402.179341,25.46, 2171, 61
1791647403.179428,25.47, 2171, 61
1791647404.179660,25.55, 2171, 61
1791647405.180046,25.55, 2171, 61
1791647406.180346,25.71, 2171, 61
1791647407.180587,25.82, 2171, 61
1791647408.180815,25.49, 2171, 61
1791647409.181106,25.53, 2171, 61
1791647410.181173,25.50, 2171, 61
1791647411.181448,25.54, 2171, 61
1791647412.181540,25.55, 2171, 61
1791647413.182054,25.60, 2171, 61
1791647414.182512,25.98, 2171, 61
1791647415.182991,25.51, 2171, 61
1791647416.183317,25.57, 2171, 61
1791647417.183512,25.59, 2171, 61
1791647418.183861,25.60, 2171, 61
1791647419.184417,25.60, 2171, 61
1791647420.184903,25.67, 2171, 61
1791647421.185231,25.67, 2171, 61
1791647422.185708,25.57, 2171, 61
1791647423.185838,25.59, 2171, 61
1791647424.186123,25.55, 2171, 61
1791647425.186182,25.55, 2171, 61
1791647426.186419,25.62, 2171, 61
1791647427.187012,25.80, 2171, 61
1791647428.187182,25.83, 2171, 61
1791647429.187500,25.91, 2171, 61
1791647430.187745,25.93, 2171, 61
1791647431.187865,25.97, 2171, 61
1791647432.187972,25.58, 2171, 61
1791647433.188094,25.55, 2171, 61
1791647434.188206,25.63, 2171, 61
1791647435.188319,25.84, 2171, 61
1791647436.188534,25.93, 2171, 61
1791647437.188750,26.09, 2171, 61
1791647438.189090,25.53, 2171, 61
1791647439.189212,25.56, 2171, 61
1791647440.189329,25.57, 2171, 61
1791647441.189346,25.51, 2171, 61
1791647442.189530,25.77, 2171, 61
1791647443.189802,25.73, 2171, 61
1791647444.189916,25.75, 2171, 61
1791647445.190023,25.71, 2171, 61
1791647446.190328,25.70, 2171, 61
1791647447.190832,25.78, 2171, 61
1791647448.191026,25.92, 2171, 61
1791647449.191214,25.71, 2171, 61
1791647450.191401,25.92, 2171, 61
1791647451.191965,25.93, 2171, 61
1791647452.192141,25.77, 2171, 61
1791647453.192347,25.53, 2171, 61
1791647454.192528,25.54, 2171, 61
1791647455.193035,25.57, 2171, 61
1791647456.193232,25.77, 2171, 61
1791647457.193484,25.76, 2171, 61
1791647458.193676,25.80, 2171, 61
1791647459.193697,25.76, 2171, 61
1791647460.194066,25.73, 2171, 61
1791647461.194279,25.73, 2171, 61
1791647462.194683,25.70, 2171, 61
1791647463.195262,25.75, 2171, 61
1791647464.196023,25.92, 2171, 61
1791647465.196106,25.93, 2171, 61
1791647466.196261,25.96, 2171, 61
1791647467.197052,25.81, 2171, 61
1791647468.197187,25.52, 2171, 61
1791647469.197353,25.58, 2171, 61
1791647470.198051,25.62, 2171, 61
1791647471.198236,25.92, 2171, 61
1791647472.198520,25.58, 2171, 61
1791647473.198612,25.61, 2171, 61
1791647474.199096,25.60, 2171, 61
1791647475.199276,25.86, 2171, 61
1791647476.199738,25.54, 2171, 61
1791647477.199967,25.59, 2171, 61
1791647478.200416,25.88, 2171, 61
1791647479.200886,25.52, 2171, 61
1791647480.201084,25.57, 2171, 61
1791647481.201232,25.55, 2171, 61
1791647482.201313,25.55, 2171, 61
1791647483.201531,25.74, 2171, 61
1791647484.201994,25.56, 2171, 61
1791647485.202216,25.80, 2171, 61
1791647486.202679,26.00, 2171, 61
1791647487.203136,25.82, 2171, 61
1791647488.203263,25.53, 2171, 61
1791647489.203480,25.56, 2171, 61
1791647490.203964,25.51, 2171, 61
1791647491.204421,25.60, 2171, 61
1791647492.204626,25.73, 2171, 61
1791647493.205145,25.94, 2171, 61
1791647494.205614,25.95, 2171, 61
1791647495.206102,25.54, 2171, 61
1791647496.206562,25.60, 2171, 61
1791647497.207035,25.60, 2171, 61
1791647498.207485,25.57, 2171, 61
1791647499.207687,26.11, 2171, 62
1791647500.208061,26.01, 2171, 61
1791647501.208283,25.57, 2171, 61
1791647502.208490,25.57, 2171, 62
1791647503.208981,25.57, 2171, 61
1791647504.209181,25.58, 2171, 61
1791647505.209328,25.60, 2171, 61
1791647506.209443,25.70, 2171, 61
1791647507.209675,25.91, 2171, 61
1791647508.209820,26.05, 2171, 61
1791647509.210045,25.58, 2171, 61
1791647510.210488,25.58, 2171, 61
1791647511.210961,25.64, 2171, 61
1791647512.211438,25.62, 2171, 61
1791647513.211891,25.72, 2171, 61
1791647514.212013,25.97, 2171, 62
1791647515.212488,25.86, 2171, 61
1791647516.212955,25.60, 2171, 61
1791647517.213421,25.58, 2171, 61
1791647518.213632,25.59, 2171, 61
1791647519.214099,25.62, 2171, 61
1791647520.214600,25.65, 2171, 61
1791647521.215062,25.91, 2171, 61
1791647522.215337,25.70, 2171, 61
1791647523.215547,25.78, 2171, 61
1791647524.215753,25.82, 2171, 61
1791647525.216219,25.79, 2171, 62
1791647526.216508,25.79, 2171, 61
1791647527.217082,25.82, 2171, 61
1791647528.217241,25.82, 2171, 61
1791647529.217492,25.99, 2171, 61
1791647530.217630,25.94, 2171, 61
1791647531.217729,25.64, 2171, 62
1791647532.217993,25.60, 2171, 62
1791647533.218459,25.63, 2171, 62
1791647534.218696,25.91, 2171, 61
1791647535.219171,25.75, 2171, 61
1791647536.219481,26.06, 2171, 62
1791647537.219975,26.01, 2171, 62
1791647538.220203,26.30, 2171, 62
1791647539.220383,25.61, 2171, 62
1791647540.220593,25.61, 2171, 61
1791647541.221146,25.64, 2171, 61
1791647542.221348,25.76, 2171, 61
1791647543.221786,26.01, 2171, 62
1791647544.222272,26.01, 2171, 62
1791647545.222801,26.65, 2171, 62
1791647546.223030,25.92, 2171, 62
1791647547.223316,25.61, 2171, 62
1791647548.223783,25.63, 2171, 62
1791647549.223988,25.75, 2171, 62
1791647550.224452,26.03, 2171, 62
1791647551.224937,26.10, 2171, 62
1791647552.225156,26.29, 2171, 62
1791647553.225347,25.64, 2171, 62
1791647554.225470,25.63, 2171, 62
1791647555.225854,25.65, 2171, 61
1791647556.226363,25.81, 2171, 62
1791647557.226585,25.74, 2171, 62
1791647558.226869,25.80, 2171, 62
1791647559.227313,25.82, 2171, 62
1791647560.227764,25.82, 2171, 62
1791647561.227855,25.85, 2171, 62
1791647562.228310,25.82, 2171, 62
1791647563.228339,25.98, 2171, 62
1791647564.228547,25.85, 2171, 62
1791647565.228787,26.06, 2171, 62
1791647566.228895,26.05, 2171, 62
1791647567.229003,26.03, 2171, 62
1791647568.229465,26.05, 2171, 62
1791647569.229578,26.23, 2171, 62
1791647570.229672,25.67, 2171, 62
1791647571.229804,25.90, 2171, 62
1791647572.229897,25.95, 2171, 62
1791647573.230016,25.65, 2171, 62
1791647574.230479,25.67, 2171, 62
1791647575.230659,25.60, 2171, 62
1791647576.230755,25.59, 2171, 62
1791647577.231232,25.65, 2171, 62
1791647578.231526,26.13, 2171, 62
1791647579.231737,25.80, 2171, 62
1791647580.232205,25.81, 2171, 62
1791647581.232684,25.84, 2171, 62
1791647582.232859,25.81, 2171, 62
1791647583.233398,26.39, 2171, 62
1791647584.233848,25.65, 2171, 62
1791647585.233968,25.71, 2171, 62
1791647586.234046,26.03, 2171, 62
1791647587.234107,26.04, 2171, 62
1791647588.234198,25.98, 2171, 62
1791647589.234285,26.16, 2171, 62
1791647590.234781,25.61, 2171, 62
1791647591.235263,25.60, 2171, 62
1791647592.235407,25.72, 2171, 62
1791647593.235555,25.98, 2171, 62
1791647594.235758,26.07, 2171, 62
1791647595.236304,26.14, 2171, 62
1791647596.236425,25.61, 2171, 62
1791647597.236548,25.65, 2171, 62
1791647598.237002,25.64, 2171, 62
1791647599.237102,25.69, 2171, 62
1791647600.237218,25.94, 2171, 62
1791647601.237349,26.03, 2171, 62
1791647602.237595,26.03, 2171, 62
1791647603.237680,25.98, 2171, 62
1791647604.238163,25.63, 2171, 62
1791647605.238492,25.66, 2171, 62
1791647606.238592,25.70, 2171, 62
1791647607.238805,25.95, 2171, 62
1791647608.239286,26.05, 2171, 62
1791647609.239422,26.08, 2171, 62
1791647610.239873,25.80, 2171, 62
1791647611.240112,25.68, 2171, 62
1791647612.240322,25.66, 2171, 62
1791647613.240564,25.69, 2171, 62
1791647614.241058,25.87, 2171, 62
1791647615.241489,26.05, 2171, 62
1791647616.241637,24.93, 2171, 62
1791647617.241863,30.70, 2171, 62
1791647618.242362,30.18, 2171, 62
1791647619.242830,30.16, 2171, 62
1791647620.243306,29.92, 2171, 62
1791647621.243421,30.07, 2171, 63
1791647622.243910,30.51, 2171, 63
1791647623.244374,30.27, 2171, 63
1791647624.244645,30.34, 2171, 63
1791647625.245120,30.47, 2171, 63
1791647626.245517,30.29, 2171, 63
1791647627.245529,30.03, 2171, 63
1791647628.245666,30.18, 2171, 63
1791647629.246050,30.10, 2171, 63
1791647630.246221,30.19, 2171, 63
1791647631.246435,30.37, 2171, 63
1791647632.246934,30.23, 2171, 63
1791647633.247391,30.34, 2171, 63
1791647634.247645,30.53, 2171, 63
1791647635.248194,30.17, 2177, 63
1791647636.248520,30.59, 2184, 63
1791647637.248765,30.52, 2184, 63
1791647638.249042,30.59, 2184, 63
1791647639.249257,30.76, 2184, 63
1791647640.249508,30.67, 2184, 63
1791647641.249868,30.60, 2184, 63
1791647642.250411,30.62, 2184, 63
1791647643.250520,30.67, 2184, 63
1791647644.250612,30.77, 2184, 63
1791647645.250782,30.77, 2184, 63
1791647646.250949,30.66, 2184, 63
1791647647.251041,30.66, 2184, 64
1791647648.251299,30.72, 2184, 64
1791647649.251414,30.83, 2184, 64
1791647650.251431,30.60, 2184, 64
1791647651.251554,30.79, 2184, 64
1791647652.251646,30.72, 2184, 64
1791647653.251750,30.65, 2184, 64
1791647654.251986,31.08, 2184, 64
1791647655.252510,30.25, 2184, 64
1791647656.252641,30.69, 2184, 64
1791647657.253153,30.92, 2184, 64
1791647658.253589,30.25, 2184, 64
1791647659.253917,30.65, 2184, 64
1791647660.254105,30.48, 2184, 64
1791647661.254259,30.65, 2184, 64
1791647662.254741,30.74, 2184, 64
1791647663.255214,30.75, 2184, 64
1791647664.255471,30.76, 2184, 64
1791647665.255963,30.92, 2184, 64
1791647666.256450,30.95, 2184, 64
1791647667.256573,30.64, 2184, 64
1791647668.256873,30.96, 2184, 64
1791647669.257285,31.61, 2184, 64
1791647670.257832,31.59, 2184, 64
1791647671.258298,30.76, 2184, 64
1791647672.258490,29.79, 2184, 64
1791647673.258597,29.84, 2184, 64
1791647674.259151,29.91, 2184, 64
1791647675.259640,29.59, 2184, 64
1791647676.259771,28.75, 2184, 64
1791647677.260229,28.61, 2184, 64
1791647678.260334,28.06, 2184, 63
1791647679.260433,27.17, 2184, 63
1791647680.260755,27.68, 2184, 64
1791647681.260956,31.25, 2184, 64
1791647682.261142,30.63, 2184, 64
1791647683.261329,30.79, 2184, 64
1791647684.261603,30.61, 2184, 64
1791647685.262130,30.62, 2184, 64
1791647686.262588,30.82, 2184, 64
1791647687.263050,30.72, 2184, 64
1791647688.263563,30.74, 2184, 64
1791647689.264105,30.64, 2184, 65
1791647690.264527,30.71, 2184, 64
1791647691.264645,30.68, 2184, 64
1791647692.264871,30.70, 2184, 64
1791647693.265361,30.86, 2184, 64
1791647694.265385,30.73, 2184, 64
1791647695.266007,30.83, 2184, 64
1791647696.266500,30.75, 2184, 64
1791647697.266964,30.80, 2184, 64
1791647698.267163,31.04, 2184, 64
1791647699.267277,30.88, 2184, 64
1791647700.267431,30.64, 2184, 64
1791647701.268326,30.68, 2184, 65
1791647702.268981,30.58, 2184, 64
1791647703.269767,30.65, 2184, 64
1791647704.270430,30.62, 2184, 64
1791647705.270645,30.79, 2184, 64
1791647706.271330,30.80, 2184, 65
1791647707.272056,30.88, 2184, 64
1791647708.272818,30.97, 2184, 64
1791647709.273389,30.94, 2184, 64
1791647710.273918,30.89, 2184, 64
1791647711.274789,30.31, 2184, 64
1791647712.275578,30.74, 2184, 64
1791647713.275635,30.93, 2184, 65
1791647714.276081,31.06, 2184, 65
1791647715.277039,30.90, 2184, 64
1791647716.277665,30.73, 2184, 65
1791647717.278418,30.75, 2184, 65
1791647718.278680,30.90, 2184, 65
1791647719.278847,31.09, 2184, 65
1791647720.279691,30.93, 2184, 65
1791647721.280046,30.84, 2184, 64
1791647722.280672,31.03, 2184, 65
1791647723.281334,31.08, 2184, 65
1791647724.281425,30.43, 2184, 64
1791647725.282304,30.79, 2184, 65
1791647726.283075,30.73, 2184, 65
1791647727.283561,30.62, 2184, 64
1791647728.283598,30.90, 2184, 64
1791647729.284052,30.95, 2184, 64
1791647730.284173,30.68, 2184, 64
1791647731.285099,30.88, 2184, 65
1791647732.285680,30.92, 2184, 65
1791647733.286443,30.92, 2184, 65
1791647734.287113,30.96, 2184, 65
1791647735.287793,31.10, 2184, 64
1791647736.288405,29.98, 2184, 64
1791647737.288821,30.02, 2184, 64
1791647738.289046,30.03, 2184, 64
1791647739.289512,29.94, 2184, 65
1791647740.289651,29.90, 2184, 65
1791647741.289755,28.89, 2184, 64
1791647742.289971,28.80, 2184, 64
1791647743.290093,28.78, 2184, 64
1791647744.290592,27.23, 2184, 64
1791647745.291048,28.90, 2184, 65
1791647746.291525,31.04, 2184, 65
1791647747.292014,30.89, 2184, 65
1791647748.292222,30.79, 2184, 65
1791647749.292329,30.65, 2184, 65
1791647750.292779,30.82, 2184, 65
1791647751.293004,30.98, 2184, 65
1791647752.293492,30.89, 2184, 65
1791647753.293591,30.85, 2184, 65
1791647754.294112,30.94, 2184, 65
1791647755.294333,30.87, 2184, 65
1791647756.294557,30.82, 2184, 65
1791647757.295044,30.64, 2184, 65
1791647758.295500,30.83, 2184, 65
1791647759.295850,30.84, 2184, 65
1791647760.296287,30.80, 2184, 65
1791647761.296525,30.79, 2184, 65
1791647762.296821,30.86, 2184, 65
1791647763.296911,30.83, 2184, 65
1791647764.297432,31.20, 2184, 65
1791647765.297915,30.70, 2184, 65
1791647766.298063,30.73, 2184, 65
1791647767.298310,30.68, 2184, 65
1791647768.298528,30.86, 2184, 65
1791647769.298744,30.93, 2184, 65
1791647770.298982,30.78, 2184, 65
1791647771.299425,30.99, 2184, 65
1791647772.299544,30.92, 2184, 65
1791647773.299723,30.97, 2184, 65
1791647774.299938,30.87, 2184, 65
1791647775.300535,30.69, 2184, 65
1791647776.300662,30.74, 2184, 65
1791647777.301239,31.05, 2184, 65
1791647778.301502,30.73, 2184, 65
1791647779.301509,30.57, 2184, 65
1791647780.302104,30.76, 2184, 65
1791647781.302537,31.01, 2184, 65
1791647782.303016,30.90, 2184, 65
1791647783.303473,31.01, 2184, 65
1791647784.303957,30.86, 2184, 65
1791647785.304457,30.98, 2184, 65
1791647786.304972,31.07, 2184, 65
1791647787.305431,31.08, 2184, 65
1791647788.305554,31.04, 2184, 65
1791647789.306062,30.71, 2184, 65
1791647790.306355,30.89, 2184, 65
1791647791.306630,30.82, 2184, 65
1791647792.306730,30.80, 2184, 65
1791647793.307215,30.86, 2184, 65
1791647794.307697,30.84, 2184, 65
1791647795.308194,30.65, 2184, 65
1791647796.308432,30.98, 2184, 65
1791647797.308913,31.58, 2184, 65
1791647798.309404,31.74, 2184, 65
1791647799.309878,31.76, 2184, 65
1791647800.310080,31.65, 2184, 65
1791647801.310556,30.26, 2184, 65
1791647802.311057,30.06, 2184, 65
1791647803.311497,30.04, 2184, 65
1791647804.311671,29.62, 2184, 65
1791647805.311939,28.92, 2184, 65
1791647806.312398,28.79, 2184, 65
1791647807.312594,28.04, 2184, 65
1791647808.312737,19.17, 2177, 62
1791647809.313729,12.03, 2177, 61
1791647810.314484,12.35, 2177, 61
1791647811.315058,12.24, 2177, 60
1791647812.315854,11.94, 2177, 60
1791647813.316007,11.58, 2177, 59
1791647814.316802,7.92, 305, 58
1791647815.317598,6.84, 305, 58
1791647816.318406,6.79, 305, 58
1791647817.318545,5.81, 305, 58
1791647818.318742,5.83, 208, 57
1791647819.318867,5.84, 305, 57
1791647820.319447,5.80, 208, 56
1791647821.320317,5.82, 305, 56
1791647822.320697,5.82, 305, 55
1791647823.321602,5.89, 305, 55
1791647824.322412,5.76, 305, 55
1791647825.323254,5.71, 208, 55
1791647826.324044,5.67, 305, 54
1791647827.324872,5.63, 208, 54
1791647828.325007,5.71, 305, 54
1791647829.325108,5.73, 305, 53
1791647830.325099,5.80, 305, 53
1791647831.325980,5.74, 305, 53
1791647832.326639,5.69, 208, 53
1791647833.326759,5.68, 299, 53
1791647834.327564,5.60, 208, 52
1791647835.327559,5.58, 305, 52
1791647836.327665,5.60, 318, 52
1791647837.327776,5.71, 305, 52
1791647838.328313,5.71, 305, 52
1791647839.328764,5.58, 305, 52
1791647840.329664,5.56, 208, 51
1791647841.330064,5.57, 305, 51
1791647842.330917,5.56, 208, 51
1791647843.331580,5.61, 208, 51
1791647844.332280,5.68, 305, 51
1791647845.332903,5.68, 305, 51
1791647846.333683,5.57, 305, 50
1791647847.334439,5.55, 208, 50
1791647848.335751,5.53, 305, 50
1791647849.335279,5.49, 208, 50
1791647850.336146,5.52, 305, 50
1791647851.336182,5.61, 305, 50
1791647852.336271,5.66, 305, 50
1791647853.336492,5.49, 305, 49
1791647854.336660,5.48, 208, 49
1791647855.336936,5.51, 305, 49
1791647856.337098,5.71, 305, 49
1791647857.337220,5.73, 305, 49
1791647858.337409,5.57, 305, 49
1791647859.337419,5.59, 305, 49
1791647860.337513,5.48, 305, 49
1791647861.337612,5.46, 208, 49
1791647862.337707,5.47, 305, 49
1791647863.337801,5.42, 208, 49
1791647864.338091,5.45, 305, 49
1791647865.338801,5.51, 305, 48
1791647866.339558,5.57, 305, 48
1791647867.340320,5.44, 305, 48
1791647868.340963,5.43, 208, 48
1791647869.341039,5.45, 305, 48
1791647870.341944,5.41, 208, 48
1791647871.341939,5.42, 305, 48
1791647872.342153,5.51, 305, 48
1791647873.342270,5.68, 305, 48
1791647874.342687,5.42, 305, 48
1791647875.342764,5.41, 208, 48
1791647876.343735,5.44, 305, 48
1791647877.343709,5.41, 208, 48
1791647878.344463,5.42, 305, 48
1791647879.345267,5.41, 318, 47
1791647880.345496,5.51, 305, 47
1791647881.346840,5.51, 305, 47
1791647882.346800,5.50, 305, 47
1791647883.347239,5.22, 208, 47
1791647884.348291,5.24, 305, 47
1791647885.349506,5.23, 208, 47
1791647886.349937,5.29, 208, 47
1791647887.350001,5.50, 305, 47
1791647888.350482,5.50, 305, 47
1791647889.350678,5.41, 305, 47
1791647890.351151,5.39, 208, 47
1791647891.351651,5.38, 305, 47
1791647892.352121,5.37, 208, 47
1791647893.352774,5.28, 305, 47
1791647894.353292,5.26, 305, 46
1791647895.353415,5.30, 305, 46
1791647896.354303,5.19, 299, 46
1791647897.355121,5.17, 208, 46
1791647898.355540,5.20, 305, 46
1791647899.356358,5.14, 208, 46
1791647900.356956,5.16, 273, 46
1791647901.357963,5.24, 305, 46
1791647902.357863,5.24, 305, 46
1791647903.358378,5.22, 305, 46
1791647904.358657,5.29, 208, 45
1791647905.359110,5.31, 305, 45
1791647906.359683,5.29, 208, 45
1791647907.360114,5.32, 208, 45
1791647908.360346,5.43, 305, 45
1791647909.360538,5.43, 305, 45
1791647910.360966,5.32, 305, 45
1791647911.361176,5.26, 208, 45
1791647912.362072,5.22, 305, 45
1791647913.362381,6.91, 546, 46
1791647914.362171,10.13, 2177, 46
1791647915.362369,10.10, 2177, 46
1791647916.362587,10.16, 2177, 46
1791647917.362799,10.24, 2177, 46
1791647918.363278,10.66, 2177, 46
1791647919.363529,10.71, 2177, 46
1791647920.363983,10.73, 2177, 46
1791647921.364460,10.66, 2177, 46
1791647922.364653,10.66, 2177, 46
1791647923.365144,10.69, 2177, 46
1791647924.365540,10.67, 2177, 46
1791647925.365637,10.66, 2177, 46
1791647926.365752,10.47, 2177, 46
1791647927.365840,10.40, 2177, 46
1791647928.365949,10.11, 2177, 46
1791647929.366063,10.11, 2177, 46
1791647930.366398,10.22, 2177, 46
1791647931.366869,10.69, 2177, 46
1791647932.367134,10.10, 2177, 46
1791647933.367344,10.17, 2177, 46
1791647934.367484,10.32, 2177, 46
1791647935.367695,10.12, 2177, 46
1791647936.367810,10.22, 2177, 46
1791647937.367931,10.34, 2177, 46
1791647938.368230,10.13, 2177, 46
1791647939.368343,10.19, 2177, 46
1791647940.368948,10.49, 2177, 46
1791647941.369137,10.12, 2177, 46
1791647942.369259,10.10, 2177, 46
1791647943.369602,10.20, 2177, 46
1791647944.369590,10.20, 2177, 46
1791647945.370364,10.41, 2177, 46
1791647946.370354,10.12, 2177, 46
1791647947.370483,10.18, 2177, 46
1791647948.370804,10.43, 2177, 46
1791647949.370810,10.10, 2177, 46
1791647950.370911,10.18, 2177, 46
1791647951.371241,10.28, 2177, 46
1791647952.371744,10.11, 2177, 46
1791647953.371980,10.14, 2177, 46
1791647954.371982,10.18, 2177, 46
1791647955.372426,10.36, 2177, 46
1791647956.372625,11.12, 2177, 46
1791647957.372879,11.60, 2177, 46
1791647958.373007,10.67, 2177, 46
1791647959.373207,10.35, 2177, 46
1791647960.373305,11.46, 2177, 47
1791647961.373517,11.88, 2177, 46
1791647962.373627,10.13, 2177, 46
1791647963.373953,10.13, 2177, 46
1791647964.374056,10.12, 2177, 46
1791647965.374277,10.11, 2177, 46
1791647966.374561,10.05, 2177, 46
1791647967.374685,10.75, 2177, 46
1791647968.374893,13.99, 2177, 50
1791647969.375092,22.74, 2177, 47
1791647970.375413,20.49, 2177, 48
1791647971.375949,22.06, 2177, 48
1791647972.376186,22.14, 2177, 49
1791647973.376353,22.25, 2177, 49
1791647974.376640,22.47, 2177, 49
1791647975.377246,28.12, 2177, 48
1791647976.377357,23.03, 2177, 49
1791647977.377504,18.00, 2177, 48
1791647978.377685,11.70, 2177, 48
1791647979.377819,13.53, 2177, 48
1791647980.378343,10.25, 2177, 47
1791647981.378516,11.17, 2177, 47
1791647982.378843,10.20, 2177, 47
1791647983.378974,10.19, 2177, 47
1791647984.379459,10.19, 2177, 47
1791647985.379978,10.20, 2177, 47
1791647986.380370,50.43, 2171, 58
1791647987.380586,62.24, 2171, 54
1791647988.380745,65.12, 2171, 59
1791647989.380831,67.19, 2171, 61
1791647990.381009,32.48, 2177, 57
1791647991.381104,66.74, 2177, 61
1791647992.381286,68.58, 2177, 62
1791647993.381634,63.53, 2184, 63
1791647994.381789,66.63, 2177, 62
1791647995.382187,68.87, 2177, 63
1791647996.382575,62.95, 2177, 58
1791647997.383028,59.44, 2177, 54
1791647998.383046,10.80, 2177, 52
1791647999.383808,15.24, 2177, 55
1791648000.384468,37.79, 2171, 56
1791648001.384493,22.72, 2177, 52
1791648002.385235,10.69, 2177, 51
1791648003.385468,14.52, 2177, 53
1791648004.386015,26.39, 2177, 55
1791648005.386709,35.69, 2177, 56
1791648006.387270,33.55, 2177, 53
1791648007.387277,35.88, 2177, 56
1791648008.387489,14.06, 2177, 51
1791648009.388084,12.26, 2177, 51
1791648010.388183,13.49, 2177, 51
1791648011.388368,12.83, 2177, 51
1791648012.388597,12.45, 2177, 50
1791648013.389085,12.93, 2177, 51
1791648014.389555,12.59, 2177, 50
1791648015.389673,12.43, 2177, 50
1791648016.390154,11.77, 2177, 50
1791648017.390500,11.32, 2177, 50
1791648018.390974,12.82, 2177, 50
1791648019.391121,12.30, 2177, 49
1791648020.391523,10.43, 2177, 49
1791648021.392013,10.53, 2177, 49
1791648022.392103,12.13, 2177, 49
1791648023.392210,29.96, 2177, 54
1791648024.392435,37.11, 2177, 54
1791648025.392722,36.69, 2177, 54
1791648026.392711,33.88, 2177, 51
1791648027.392883,10.77, 2177, 50
1791648028.393004,10.51, 2177, 49
1791648029.393568,12.52, 2177, 50
1791648030.394022,13.23, 2177, 50
1791648031.394123,12.64, 2177, 49
1791648032.394573,12.60, 2177, 49
1791648033.394790,12.62, 2177, 49
1791648034.395243,12.66, 2177, 49
1791648035.395441,12.21, 2177, 49
1791648036.395545,11.55, 2177, 49
1791648037.395678,11.62, 2177, 49
1791648038.396007,12.69, 2177, 49
1791648039.396681,12.12, 2177, 49
1791648040.397232,11.52, 2177, 49
1791648041.397442,13.04, 2177, 49
1791648042.397648,14.85, 2177, 49
1791648043.398104,11.66, 2177, 48
1791648044.398584,10.32, 2177, 48
1791648045.399265,10.33, 2177, 48
1791648046.399667,10.26, 2177, 48
1791648047.400091,10.26, 2177, 48
1791648048.400465,10.27, 2177, 48
1791648049.400647,10.26, 2177, 48
1791648050.401222,10.29, 2177, 48
1791648051.401829,10.22, 2177, 48
1791648052.402381,10.21, 2177, 47
1791648053.402833,10.20, 2177, 47
1791648054.403428,10.19, 2177, 47
1791648055.403993,10.19, 2177, 47
1791648056.404389,10.17, 2177, 47
1791648057.405027,10.16, 2177, 47
1791648058.405583,10.17, 2177, 47
1791648059.406046,10.14, 2177, 47
1791648060.406090,10.14, 2177, 47
1791648061.406099,10.17, 2177, 47
1791648062.406154,10.23, 2177, 47
1791648063.406444,10.12, 2177, 47
1791648064.406872,9.98, 2177, 47
1791648065.406989,9.92, 2177, 46
1791648066.407132,9.92, 2177, 46
1791648067.407694,9.90, 2177, 46
1791648068.408250,9.87, 2177, 46
1791648069.408270,9.85, 2177, 46
1791648070.408390,9.83, 2177, 46
1791648071.409023,9.82, 2177, 46
1791648072.409069,9.83, 2177, 46
1791648073.409246,9.81, 2177, 46
1791648074.409893,9.81, 2177, 46
1791648075.410440,9.81, 2177, 45
1791648076.410688,9.83, 2177, 45
1791648077.411308,9.77, 2177, 45
1791648078.411323,9.80, 2177, 45
1791648079.411481,9.83, 2177, 45
1791648080.411946,11.98, 2177, 45
1791648081.412117,9.90, 2177, 45
1791648082.412543,9.84, 2177, 45
1791648083.412630,9.82, 2177, 45
1791648084.413085,9.81, 2177, 45
1791648085.413522,9.79, 2177, 45
1791648086.413958,9.82, 2177, 45
1791648087.414384,9.82, 2177, 45
1791648088.414571,9.84, 2177, 45
1791648089.415012,9.82, 2177, 45
1791648090.415455,9.80, 2177, 45
1791648091.415557,9.82, 2177, 45
1791648092.415994,9.81, 2177, 45
1791648093.416414,9.77, 2177, 45
1791648094.416854,9.80, 2177, 44
1791648095.417483,9.81, 2177, 44
1791648096.417385,9.79, 2177, 44
1791648097.417823,9.77, 2177, 44
1791648098.418256,9.80, 2177, 44
1791648099.418436,9.77, 2177, 44
1791648100.418873,9.79, 2177, 44
1791648101.419303,9.74, 2177, 44
1791648102.419741,9.74, 2177, 44
1791648103.419941,9.75, 2177, 44
1791648104.420127,9.73, 2177, 44
1791648105.420368,9.70, 2177, 44
1791648106.420457,9.70, 2177, 44
1791648107.420655,9.66, 2177, 44
1791648108.420844,9.69, 2177, 44
1791648109.421042,9.67, 2177, 44
1791648110.421240,9.66, 2184, 44
1791648111.421435,9.66, 2184, 44
1791648112.421631,9.69, 2184, 44
1791648113.421819,9.67, 2184, 44
1791648114.422017,9.68, 2184, 44
1791648115.422278,9.68, 2184, 44
1791648116.422292,9.67, 2184, 44
1791648117.422489,9.62, 2184, 44
1791648118.422671,9.64, 2184, 44
1791648119.422851,9.63, 2184, 44
1791648120.422948,9.62, 2184, 44
1791648121.422954,9.63, 2184, 44
1791648122.423148,9.61, 2184, 43
1791648123.423232,9.61, 2184, 43
1791648124.423362,9.62, 2184, 43
1791648125.423470,9.61, 2184, 43
1791648126.424107,9.58, 2184, 43
1791648127.424617,9.60, 2184, 43
1791648128.424652,9.58, 2184, 43
1791648129.425291,9.57, 2184, 43
1791648130.425756,9.57, 2184, 43
1791648131.426290,9.62, 2184, 43
1791648132.426310,9.60, 2184, 43
1791648133.426978,9.60, 2184, 43
1791648134.427357,9.58, 2184, 43
1791648135.427782,9.58, 2184, 43
1791648136.428203,9.62, 2184, 43
1791648137.428796,9.62, 2184, 43
1791648138.429318,9.62, 2184, 43
1791648139.429754,9.61, 2184, 43
1791648140.430395,9.59, 2184, 43
1791648141.430963,9.58, 2184, 43
1791648142.431227,9.58, 2184, 43
1791648143.431758,9.58, 2184, 43
1791648144.432200,9.58, 2184, 43
1791648145.432329,9.58, 2184, 43
1791648146.432880,9.58, 2184, 43
1791648147.432985,9.58, 2184, 43
1791648148.433567,9.54, 2184, 43
1791648149.434139,9.54, 2184, 43
1791648150.434507,9.55, 2184, 43
1791648151.435083,9.56, 2184, 43
1791648152.435660,9.55, 2184, 43
1791648153.436065,9.56, 2184, 43
1791648154.436689,9.51, 2184, 43
1791648155.437256,9.49, 2184, 43
1791648156.437713,9.48, 2184, 43
1791648157.438501,9.51, 2184, 43
1791648158.439114,9.53, 2184, 43
1791648159.439653,9.56, 2184, 42
1791648160.440131,9.56, 2184, 42
1791648161.440725,9.52, 2184, 42
1791648162.441290,9.56, 2184, 42
1791648163.441694,9.54, 2184, 42
1791648164.442359,9.62, 2184, 42
1791648165.442843,9.55, 2184, 42
1791648166.443337,9.51, 2184, 42
1791648167.443994,9.51, 2184, 42
1791648168.444365,9.51, 2184, 42
1791648169.444612,9.47, 2184, 42
1791648170.445274,9.48, 2184, 42
1791648171.445714,9.53, 2184, 42
1791648172.445781,9.49, 2184, 42
1791648173.446459,9.51, 2184, 42
1791648174.447080,9.52, 2184, 42
1791648175.447599,9.55, 2184, 42
1791648176.448066,9.52, 2184, 42
1791648177.448662,9.49, 2184, 42
1791648178.449188,9.50, 2184, 42
1791648179.449674,9.53, 2184, 42
1791648180.449786,9.53, 2184, 42
1791648181.450452,9.49, 2184, 42
1791648182.450845,9.51, 2184, 42
1791648183.451285,9.47, 2184, 42
1791648184.451719,9.48, 2184, 42
1791648185.452245,9.45, 2184, 42
1791648186.452687,9.48, 2184, 42
1791648187.453118,9.49, 2184, 42
1791648188.453734,9.54, 2184, 42
1791648189.454564,9.55, 2184, 42
1791648190.454786,9.53, 2184, 42
1791648191.454886,9.54, 2184, 42
1791648192.455531,9.54, 2184, 42
1791648193.455965,9.52, 2184, 42
1791648194.456152,9.49, 2184, 42
1791648195.456671,9.49, 2184, 42
1791648196.457225,9.49, 2184, 42
1791648197.457499,9.48, 2184, 42
1791648198.458012,9.47, 2184, 42
1791648199.458143,9.51, 2184, 42
1791648200.458782,9.60, 2184, 42
1791648201.459295,13.10, 2184, 44
1791648202.459712,31.27, 2177, 47
1791648203.460059,24.27, 2177, 45
1791648204.460482,23.69, 2177, 46
1791648205.460980,23.75, 2177, 46
1791648206.461431,23.77, 2177, 47
1791648207.461738,23.85, 2177, 47
1791648208.462208,23.95, 2177, 47
1791648209.462568,32.77, 2177, 48
1791648210.462675,23.92, 2177, 48
1791648211.462702,23.95, 2177, 48
1791648212.462986,23.99, 2177, 48
1791648213.463568,23.96, 2177, 49
1791648214.464048,32.78, 2177, 49
1791648215.464360,24.16, 2177, 49
1791648216.464814,24.42, 2177, 49
1791648217.465299,24.42, 2177, 49
1791648218.465521,24.46, 2177, 50
1791648219.465971,24.49, 2177, 50
1791648220.466608,30.19, 2177, 52
1791648221.466673,27.57, 2177, 50
1791648222.467164,24.24, 2177, 50
1791648223.467510,24.47, 2177, 51
1791648224.467607,24.55, 2177, 51
1791648225.468089,24.59, 2177, 51
1791648226.468356,24.60, 2177, 51
1791648227.468800,20.06, 2177, 49
1791648228.468894,15.39, 2177, 51
1791648229.469317,32.00, 2171, 53
1791648230.469954,37.05, 2171, 54
1791648231.470444,39.18, 2171, 54
1791648232.470617,36.40, 2171, 55
1791648233.470911,39.38, 2171, 55
1791648234.471018,34.75, 2171, 55
1791648235.471133,29.21, 2171, 53
1791648236.471255,29.08, 2171, 54
1791648237.471502,29.72, 2171, 54
1791648238.472016,29.65, 2171, 54
1791648239.472537,29.10, 2171, 54
1791648240.472747,29.22, 2171, 54
1791648241.473274,26.49, 2171, 54
1791648242.473412,26.89, 2171, 54
1791648243.473524,27.08, 2171, 54
1791648244.474026,26.91, 2171, 54
1791648245.474130,25.77, 2171, 54
1791648246.474382,33.74, 2171, 56
1791648247.474520,36.90, 2171, 57
1791648248.474607,37.95, 2171, 57
1791648249.474946,39.72, 2171, 57
1791648250.475303,36.54, 2171, 57
1791648251.475316,36.92, 2171, 56
1791648252.475508,29.91, 2171, 56
1791648253.475976,29.86, 2171, 56
1791648254.476228,29.92, 2171, 56
1791648255.476693,29.74, 2171, 56
1791648256.477179,29.72, 2171, 56
1791648257.477501,29.56, 2171, 56
1791648258.477601,29.98, 2171, 56
1791648259.478021,30.09, 2171, 56
1791648260.478628,29.47, 2171, 57
1791648261.478847,29.40, 2171, 56
1791648262.479343,29.26, 2171, 56
1791648263.479610,28.14, 2171, 56
1791648264.480085,27.15, 2171, 56
1791648265.480368,30.04, 2171, 59
1791648266.480704,36.82, 2171, 58
1791648267.480803,40.03, 2171, 59
1791648268.481107,36.85, 2171, 59
1791648269.481278,40.14, 2171, 59
1791648270.481442,36.34, 2171, 59
1791648271.481862,30.66, 2171, 58
1791648272.482326,30.06, 2171, 58
1791648273.482578,30.28, 2171, 58
1791648274.483028,30.10, 2171, 58
1791648275.483501,30.06, 2171, 58
1791648276.483999,30.35, 2171, 58
1791648277.484189,29.18, 2171, 58
1791648278.484693,27.98, 2171, 57
1791648279.485067,27.51, 2171, 58
1791648280.485518,27.41, 2171, 57
1791648281.486009,26.30, 2171, 57
1791648282.486163,28.75, 2171, 59
1791648283.486467,39.86, 2171, 60
1791648284.486994,36.58, 2171, 60
1791648285.487531,39.95, 2171, 60
1791648286.488150,37.31, 2171, 60
1791648287.488320,39.74, 2171, 60
1791648288.488430,31.03, 2171, 59
1791648289.488894,30.31, 2171, 59
1791648290.488987,30.24, 2171, 59
1791648291.489206,30.34, 2171, 59
1791648292.489343,30.04, 2171, 59
1791648293.489562,29.98, 2171, 59
1791648294.490013,29.94, 2171, 59
1791648295.490281,29.97, 2171, 59
1791648296.490428,29.98, 2171, 59
1791648297.491166,30.36, 2171, 59
1791648298.491444,30.19, 2171, 59
1791648299.491693,29.54, 2171, 59
1791648300.491816,27.68, 2171, 59
1791648301.491807,23.07, 2171, 57
1791648302.492122,14.96, 2171, 57
1791648303.492310,33.86, 2171, 60
1791648304.492469,25.29, 2171, 58
1791648305.492534,25.04, 2171, 58
1791648306.492671,25.07, 2171, 58
1791648307.492781,25.15, 2171, 58
1791648308.492859,30.34, 2171, 60
1791648309.493016,29.26, 2171, 58
1791648310.493088,25.37, 2171, 58
1791648311.493200,25.41, 2171, 58
1791648312.493328,25.41, 2171, 58
1791648313.493538,29.89, 2171, 60
1791648314.493610,29.93, 2171, 58
1791648315.493732,25.21, 2171, 58
1791648316.493841,25.46, 2171, 58
1791648317.494306,25.52, 2171, 58
1791648318.494526,25.52, 2171, 58
1791648319.495099,30.80, 2171, 60
1791648320.495210,28.50, 2171, 58
1791648321.495432,25.22, 2171, 58
1791648322.495608,25.23, 2171, 58
1791648323.495719,25.44, 2171, 58
1791648324.496086,25.56, 2171, 59
1791648325.496267,16.28, 2177, 56
1791648326.496984,22.02, 2171, 59
1791648327.497344,37.67, 2171, 61
1791648328.497510,40.28, 2171, 61
1791648329.497799,37.51, 2171, 61
1791648330.497949,40.31, 2171, 61
1791648331.498282,36.96, 2171, 61
1791648332.498349,33.53, 2171, 60
1791648333.498474,30.08, 2171, 60
1791648334.498658,28.91, 2171, 60
1791648335.498775,28.60, 2171, 59
1791648336.498875,28.36, 2171, 60
1791648337.498984,28.45, 2171, 60
1791648338.499213,28.48, 2171, 60
1791648339.499310,28.52, 2171, 60
1791648340.499530,27.99, 2171, 60
1791648341.499633,27.68, 2171, 60
1791648342.499981,37.09, 2171, 61
1791648343.500155,37.99, 2171, 61
1791648344.500281,40.42, 2171, 61
1791648345.500366,37.43, 2171, 64
1791648346.500667,40.58, 2184, 62
1791648347.500764,34.03, 2171, 60
1791648348.501278,30.15, 2171, 61
1791648349.501398,29.91, 2171, 61
1791648350.501593,29.92, 2171, 61
1791648351.502057,29.95, 2171, 61
1791648352.502584,29.92, 2171, 61
1791648353.503048,29.95, 2171, 61
1791648354.503253,29.97, 2171, 61
1791648355.503524,30.08, 2171, 61
1791648356.504020,30.07, 2171, 61
1791648357.504511,30.08, 2171, 61
1791648358.504777,30.12, 2171, 61
1791648359.505234,28.73, 2171, 60
1791648360.505805,31.25, 2171, 62
1791648361.506022,37.66, 2171, 63
1791648362.506168,40.82, 2184, 63
1791648363.506513,37.72, 2177, 63
1791648364.506651,41.16, 2184, 63
1791648365.507053,37.04, 2171, 63
1791648366.507092,31.86, 2171, 61
1791648367.507326,30.37, 2171, 61
1791648368.507581,30.49, 2171, 61
1791648369.508043,30.26, 2171, 61
1791648370.508527,30.85, 2171, 62
1791648371.508974,30.96, 2171, 62
1791648372.509506,30.44, 2171, 61
1791648373.509541,30.27, 2171, 61
1791648374.510082,30.31, 2171, 61
1791648375.510523,30.42, 2171, 62
1791648376.510783,28.78, 2171, 61
1791648377.511413,36.31, 2184, 63
1791648378.511860,38.18, 2171, 63
1791648379.512228,40.98, 2184, 63
1791648380.512267,38.33, 2177, 63
1791648381.512739,41.12, 2184, 63
1791648382.513243,35.63, 2177, 62
1791648383.513365,30.63, 2171, 62
1791648384.513612,30.78, 2171, 62
1791648385.514039,30.87, 2171, 62
1791648386.514485,30.79, 2171, 62
1791648387.514975,30.85, 2171, 62
1791648388.515429,30.91, 2171, 62
1791648389.515897,30.90, 2171, 62
1791648390.516402,30.84, 2171, 62
1791648391.516584,30.71, 2171, 62
1791648392.516814,30.71, 2171, 62
1791648393.517292,30.61, 2171, 62
1791648394.517758,29.59, 2171, 62
1791648395.518290,23.78, 2171, 59
1791648396.518533,25.56, 2171, 61
1791648397.518938,25.52, 2171, 61
1791648398.519397,25.57, 2171, 61
1791648399.519604,25.51, 2171, 61
1791648400.519814,25.65, 2171, 61
1791648401.520269,25.51, 2171, 61
1791648402.520753,25.73, 2171, 61
1791648403.521234,25.88, 2171, 61
1791648404.521706,25.86, 2171, 61
1791648405.522194,25.85, 2171, 61
1791648406.522496,25.89, 2171, 61
1791648407.522966,25.82, 2171, 61
1791648408.523371,25.51, 2171, 61
1791648409.523513,25.75, 2171, 61
1791648410.523753,26.01, 2171, 61
1791648411.524212,25.53, 2171, 61
1791648412.524312,25.50, 2171, 61
1791648413.524857,25.47, 2171, 61
1791648414.525269,25.49, 2171, 61
1791648415.525383,25.45, 2171, 61
1791648416.525629,25.69, 2171, 61
1791648417.525800,25.88, 2171, 61
1791648418.526195,25.42, 2171, 61
1791648419.526366,25.45, 2171, 61
1791648420.526758,25.47, 2171, 61
1791648421.526999,25.61, 2171, 61
1791648422.527482,25.36, 2171, 61
1791648423.527957,25.54, 2171, 61
1791648424.528469,25.84, 2171, 61
1791648425.528915,25.39, 2171, 61
1791648426.529124,25.44, 2171, 61
1791648427.529599,25.46, 2171, 61
1791648428.529711,25.47, 2171, 61
1791648429.529856,25.43, 2171, 61
1791648430.529983,25.55, 2171, 61
1791648431.530488,25.76, 2171, 61
1791648432.530951,25.48, 2171, 61
1791648433.531160,25.45, 2171, 61
1791648434.531650,25.48, 2171, 61
1791648435.531791,25.74, 2171, 61
1791648436.531853,25.41, 2171, 61
1791648437.532091,25.45, 2171, 61
1791648438.532221,25.72, 2171, 61
1791648439.532424,25.80, 2171, 61
1791648440.532956,25.93, 2171, 61
1791648441.533394,25.38, 2171, 60
1791648442.533903,25.45, 2171, 61
1791648443.534353,25.45, 2171, 61
1791648444.534483,25.65, 2171, 61
1791648445.534958,25.46, 2171, 61
1791648446.535122,25.51, 2171, 61
1791648447.535333,25.53, 2171, 61
1791648448.535831,25.63, 2171, 60
1791648449.536024,25.44, 2171, 60
1791648450.536110,25.45, 2171, 61
1791648451.536591,25.51, 2171, 60
1791648452.537112,25.69, 2171, 61
1791648453.537589,25.58, 2171, 60
1791648454.537794,25.47, 2171, 61
1791648455.537955,25.48, 2171, 61
1791648456.538437,25.66, 2171, 60
1791648457.538885,25.42, 2171, 60
1791648458.539120,25.38, 2171, 61
1791648459.539540,25.61, 2171, 61
1791648460.539727,25.86, 2171, 61
1791648461.540219,25.81, 2171, 61
1791648462.540774,25.94, 2171, 61
1791648463.540802,25.45, 2171, 61
1791648464.540829,25.50, 2171, 61
1791648465.541140,25.43, 2171, 61
1791648466.541501,25.62, 2171, 61
1791648467.541863,26.19, 2171, 61
1791648468.541931,25.64, 2171, 61
1791648469.542118,25.46, 2171, 61
1791648470.542376,25.42, 2171, 61
1791648471.542515,25.44, 2171, 61
1791648472.543018,25.43, 2171, 61
1791648473.543229,25.57, 2171, 61
1791648474.543330,25.81, 2171, 61
1791648475.543538,25.59, 2171, 61
1791648476.544017,25.42, 2171, 61
1791648477.544269,25.47, 2171, 61
1791648478.544736,25.44, 2171, 61
1791648479.545199,25.44, 2171, 61
1791648480.545484,25.54, 2171, 61
1791648481.545678,25.72, 2171, 61
1791648482.546250,25.53, 2171, 61
1791648483.546754,25.63, 2171, 61
1791648484.546961,25.67, 2171, 61
1791648485.547182,25.67, 2171, 61
1791648486.547360,25.71, 2171, 61
1791648487.547593,25.50, 2171, 61
1791648488.547971,25.74, 2171, 61
1791648489.548182,25.89, 2171, 61
1791648490.548333,25.50, 2171, 61
1791648491.548639,25.50, 2171, 61
1791648492.548601,25.50, 2171, 61
1791648493.548691,25.73, 2171, 61
1791648494.549181,25.41, 2171, 61
1791648495.549460,25.72, 2171, 61
1791648496.549598,25.85, 2171, 61
1791648497.550077,25.84, 2171, 61
1791648498.550044,25.95, 2171, 61
1791648499.550209,25.48, 2171, 61
1791648500.550512,25.47, 2171, 61
1791648501.551276,25.42, 2171, 61
1791648502.551744,25.69, 2171, 61
1791648503.551783,25.86, 2171, 61
1791648504.552262,25.84, 2171, 61
1791648505.552475,26.25, 2171, 61
1791648506.552429,25.72, 2171, 61
1791648507.552638,25.46, 2171, 61
1791648508.552901,25.45, 2171, 61
1791648509.553094,25.63, 2171, 61
1791648510.553238,25.86, 2171, 61
1791648511.553757,25.86, 2171, 61
1791648512.553984,25.87, 2171, 61
1791648513.553994,25.41, 2171, 61
1791648514.554395,25.43, 2171, 61
1791648515.554750,25.64, 2171, 61
1791648516.554689,25.52, 2171, 61
1791648517.554918,25.75, 2171, 61
1791648518.555695,25.78, 2171, 61
1791648519.555584,25.76, 2171, 61
1791648520.555803,25.87, 2171, 61
1791648521.556297,25.89, 2171, 61
1791648522.556214,25.45, 2171, 61
1791648523.556679,25.52, 2171, 61
1791648524.556644,25.82, 2171, 61
1791648525.556890,25.88, 2171, 61
1791648526.557106,25.87, 2171, 61
1791648527.557793,26.09, 2171, 61
1791648528.557991,25.47, 2171, 61
1791648529.557836,25.49, 2171, 61
1791648530.558344,25.78, 2171, 61
1791648531.558554,25.55, 2171, 61
1791648532.558932,25.64, 2171, 61
1791648533.558782,25.66, 2171, 61
1791648534.559265,25.70, 2171, 61
1791648535.559472,25.67, 2171, 61
1791648536.559453,25.66, 2171, 61
1791648537.560138,26.00, 2171, 61
1791648538.560140,25.69, 2171, 61
1791648539.560618,25.84, 2171, 61
1791648540.560840,25.82, 2171, 61
1791648541.561062,22.69, 2177, 59
1791648542.561369,22.09, 2171, 59
1791648543.561296,22.59, 2171, 60
1791648544.561649,24.20, 2171, 60
1791648545.561815,23.66, 2171, 60
1791648546.562062,23.24, 2171, 60
1791648547.562273,23.52, 2171, 60
1791648548.562461,23.91, 2171, 60
1791648549.562759,25.81, 2171, 60
1791648550.562892,25.97, 2171, 60
1791648551.563024,25.45, 2171, 60
1791648552.563225,25.54, 2171, 60
1791648553.563415,25.84, 2171, 61
1791648554.563601,25.80, 2171, 60
1791648555.563725,25.82, 2171, 61
1791648556.563980,25.99, 2171, 61
1791648557.564123,25.39, 2171, 61
1791648558.564298,25.44, 2171, 60
1791648559.564767,25.52, 2171, 61
1791648560.565216,25.76, 2171, 61
1791648561.565690,25.81, 2171, 61
1791648562.565800,25.83, 2171, 61
1791648563.566019,25.89, 2171, 61
1791648564.566230,25.44, 2171, 61
1791648565.566695,25.42, 2171, 61
1791648566.566898,25.50, 2171, 61
1791648567.567100,25.73, 2171, 61
1791648568.567262,25.83, 2171, 61
1791648569.567471,25.84, 2171, 61
1791648570.567973,25.85, 2171, 61
1791648571.568123,25.45, 2171, 61
1791648572.568269,25.44, 2171, 61
1791648573.568450,25.51, 2171, 61
1791648574.568650,25.72, 2171, 61
1791648575.569007,25.89, 2171, 61
1791648576.569520,25.92, 2171, 61
1791648577.569673,25.71, 2171, 61
1791648578.569894,25.47, 2171, 61
1791648579.570381,25.51, 2171, 61
1791648580.570626,25.51, 2171, 61
1791648581.570840,25.76, 2171, 61
1791648582.571054,25.64, 2171, 61
1791648583.571473,25.66, 2171, 61
1791648584.571701,25.66, 2171, 61
1791648585.571899,25.74, 2171, 61
1791648586.571984,25.66, 2171, 61
1791648587.572250,25.70, 2171, 61
1791648588.572471,25.66, 2171, 61
1791648589.572681,25.67, 2171, 61
1791648590.573229,25.67, 2171, 61
1791648591.573334,25.77, 2171, 61
1791648592.573458,25.53, 2171, 61
1791648593.573690,25.49, 2171, 61
1791648594.573868,25.54, 2171, 61
1791648595.574355,25.62, 2171, 61
1791648596.574794,25.78, 2171, 61
1791648597.575286,25.86, 2171, 61
1791648598.575415,25.89, 2171, 61
1791648599.575517,25.47, 2171, 61
1791648600.576020,25.50, 2171, 61
1791648601.576255,25.40, 2171, 61
1791648602.576626,25.75, 2171, 61
1791648603.576722,25.81, 2171, 61
1791648604.576832,25.82, 2171, 61
1791648605.577041,25.99, 2171, 61
1791648606.577258,25.45, 2171, 61
1791648607.577470,25.52, 2171, 61
1791648608.577587,25.55, 2171, 61
1791648609.577689,25.62, 2171, 61
1791648610.577813,25.84, 2171, 61
1791648611.577908,25.90, 2171, 61
1791648612.578047,25.81, 2171, 61
1791648613.578170,25.55, 2171, 61
1791648614.578340,25.53, 2171, 61
1791648615.578478,25.54, 2171, 61
1791648616.578604,25.56, 2171, 61
1791648617.578714,25.86, 2171, 61
1791648618.578849,25.65, 2171, 61
1791648619.578984,25.68, 2171, 61
1791648620.579311,25.72, 2171, 61
1791648621.579196,25.77, 2171, 61
1791648622.579338,25.53, 2171, 61
1791648623.579573,25.56, 2171, 61
1791648624.580110,25.80, 2171, 61
1791648625.580586,25.81, 2171, 61
1791648626.580766,25.44, 2171, 61
1791648627.581118,25.55, 2171, 61
1791648628.581290,25.67, 2171, 61
1791648629.581869,25.51, 2171, 61
1791648630.581742,25.54, 2171, 61
1791648631.582421,25.68, 2171, 61
1791648632.582378,25.88, 2171, 61
1791648633.582849,25.77, 2171, 61
1791648634.583064,25.53, 2171, 61
1791648635.583280,25.58, 2171, 61
1791648636.583263,25.77, 2171, 61
1791648637.583718,25.47, 2171, 61
1791648638.583728,25.65, 2171, 61
1791648639.583894,26.24, 2171, 62
1791648640.584164,25.52, 2171, 61
1791648641.584274,25.57, 2171, 61
1791648642.584550,25.58, 2171, 61
1791648643.584717,25.54, 2171, 61
1791648644.584843,26.32, 2171, 61
1791648645.585255,25.64, 2171, 61
1791648646.585415,25.90, 2171, 61
1791648647.585533,25.88, 2171, 61
1791648648.585635,25.88, 2171, 61
1791648649.585724,25.88, 2171, 61
1791648650.585847,25.96, 2171, 61
1791648651.585990,25.92, 2171, 61
1791648652.586486,25.92, 2171, 61
1791648653.586484,25.73, 2171, 61
1791648654.586652,25.53, 2171, 61
1791648655.586887,25.55, 2171, 61
1791648656.587346,25.47, 2171, 61
1791648657.587453,25.52, 2171, 61
1791648658.587674,25.54, 2171, 61
1791648659.587985,25.77, 2171, 61
1791648660.588157,25.72, 2171, 61
1791648661.588459,25.79, 2171, 61
1791648662.588980,25.82, 2171, 62
1791648663.588974,25.87, 2171, 62
1791648664.589586,25.90, 2171, 61
1791648665.589778,26.03, 2171, 62
1791648666.589914,25.48, 2171, 61
1791648667.590042,25.74, 2171, 61
1791648668.590211,25.90, 2171, 61
1791648669.590400,25.87, 2171, 62
1791648670.590541,25.78, 2171, 61
1791648671.590754,25.52, 2171, 61
1791648672.590987,25.67, 2171, 61
1791648673.591308,25.76, 2171, 61
1791648674.591759,25.75, 2171, 61
1791648675.591901,25.90, 2171, 62
1791648676.592135,26.08, 2171, 62
1791648677.592822,25.53, 2171, 61
1791648678.593036,25.58, 2171, 61
1791648679.592895,25.56, 2171, 61
1791648680.593100,25.59, 2171, 61
1791648681.593328,25.89, 2171, 61
1791648682.593501,25.68, 2171, 61
1791648683.593914,25.69, 2171, 61
1791648684.594381,25.69, 2171, 61
1791648685.594265,25.73, 2171, 61
1791648686.594836,25.76, 2171, 61
1791648687.594717,26.38, 2171, 61
1791648688.594869,25.86, 2171, 61
1791648689.595225,25.59, 2171, 62
1791648690.595198,25.58, 2171, 61
1791648691.595434,25.66, 2171, 61
1791648692.595758,25.71, 2171, 61
1791648693.595953,25.75, 2171, 61
1791648694.596414,25.91, 2171, 61
1791648695.596636,25.71, 2171, 61
1791648696.596835,25.85, 2171, 61
1791648697.597464,25.93, 2171, 61
1791648698.597276,25.84, 2171, 61
1791648699.597356,25.49, 2171, 61
1791648700.597472,25.48, 2171, 61
1791648701.597967,25.53, 2171, 61
1791648702.598235,25.54, 2171, 61
1791648703.598354,25.80, 2171, 61
1791648704.598294,25.90, 2171, 61
1791648705.598761,25.79, 2171, 61
1791648706.598983,25.57, 2171, 61
1791648707.598724,25.52, 2171, 61
1791648708.599175,25.54, 2171, 61
1791648709.599133,25.54, 2171, 61
1791648710.599490,25.81, 2171, 61
1791648711.599685,25.87, 2171, 61
1791648712.599851,25.53, 2171, 61
1791648713.600075,25.90, 2171, 62
1791648714.599951,25.56, 2171, 61
1791648715.600379,25.55, 2171, 61
1791648716.600489,25.58, 2171, 62
1791648717.600228,25.72, 2171, 61
1791648718.600345,25.90, 2171, 61
1791648719.600440,25.91, 2171, 61
1791648720.600789,26.05, 2171, 61
1791648721.600900,25.51, 2171, 61
1791648722.601363,25.47, 2171, 61
1791648723.601724,25.60, 2171, 61
1791648724.601654,25.69, 2171, 62
1791648725.601890,25.97, 2171, 62
1791648726.602096,26.00, 2171, 62
1791648727.602312,26.32, 2171, 61
1791648728.602488,25.53, 2171, 62
1791648729.602722,25.54, 2171, 61
1791648730.602944,25.61, 2171, 61
1791648731.603385,25.70, 2171, 62
1791648732.603583,25.94, 2171, 62
1791648733.603547,26.27, 2171, 62
1791648734.604052,25.62, 2171, 61
1791648735.603989,25.55, 2171, 62
1791648736.604282,25.56, 2171, 61
1791648737.604760,25.61, 2171, 62
1791648738.604669,25.63, 2171, 62
1791648739.605075,25.91, 2171, 62
1791648740.605330,25.73, 2171, 62
1791648741.605550,25.56, 2171, 61
1791648742.605729,25.59, 2171, 61
1791648743.605702,25.60, 2171, 62
1791648744.606214,25.60, 2171, 61
1791648745.606144,25.60, 2171, 62
1791648746.606347,25.80, 2171, 62
1791648747.606366,25.96, 2171, 62
1791648748.606954,25.52, 2171, 61
1791648749.607052,25.53, 2171, 62
1791648750.607484,25.58, 2171, 61
1791648751.607707,25.53, 2171, 61
1791648752.608203,25.59, 2171, 62
1791648753.608488,25.78, 2171, 62
1791648754.608610,25.72, 2171, 62
1791648755.608799,25.49, 2171, 62
1791648756.608965,25.53, 2171, 62
1791648757.609214,25.55, 2171, 61
1791648758.609484,25.56, 2171, 62
1791648759.609683,25.53, 2171, 62
1791648760.609912,25.73, 2171, 62
1791648761.610006,25.68, 2171, 62
1791648762.610230,25.57, 2171, 62
1791648763.610446,25.59, 2171, 62
1791648764.610553,25.52, 2171, 62
1791648765.610674,25.58, 2171, 62
1791648766.610785,25.46, 2171, 62
1791648767.610976,25.64, 2171, 62
1791648768.611091,25.86, 2171, 62
1791648769.611297,25.88, 2171, 62
1791648770.611583,25.85, 2171, 62
1791648771.611788,25.88, 2171, 62
1791648772.612570,25.39, 2171, 62
1791648773.612475,25.50, 2171, 62
1791648774.612967,25.55, 2171, 62
1791648775.612883,25.79, 2171, 62
1791648776.613088,25.46, 2171, 62
1791648777.613177,25.48, 2171, 62
1791648778.613754,25.51, 2171, 62
1791648779.614177,25.49, 2171, 62
1791648780.614143,25.53, 2171, 62
1791648781.614229,25.51, 2171, 62
1791648782.614440,25.88, 2171, 62
1791648783.614934,25.52, 2171, 62
1791648784.614789,25.51, 2171, 62
1791648785.615256,25.63, 2171, 62
1791648786.615411,25.70, 2171, 62
1791648787.615649,25.57, 2171, 62
1791648788.615851,25.62, 2171, 62
1791648789.615889,26.01, 2171, 62
1791648790.616080,25.58, 2171, 62
1791648791.616294,25.27, 2171, 62
1791648792.616182,25.33, 2171, 62
1791648793.616756,25.35, 2171, 62
1791648794.616696,25.29, 2171, 62
1791648795.617089,25.36, 2171, 62
1791648796.617297,25.58, 2171, 62
1791648797.617124,25.25, 2171, 62
1791648798.617583,25.28, 2171, 62
1791648799.617563,25.28, 2171, 62
1791648800.618054,25.32, 2171, 62
1791648801.618144,25.63, 2171, 62
1791648802.618272,25.54, 2171, 62
1791648803.618522,25.79, 2171, 62
1791648804.618350,26.02, 2171, 62
1791648805.618870,25.99, 2171, 62
1791648806.619063,25.78, 2171, 62
1791648807.619280,25.33, 2171, 62
1791648808.619484,25.49, 2171, 62
1791648809.619742,25.69, 2171, 62
1791648810.619707,25.14, 2171, 62
1791648811.620181,25.89, 2171, 62
1791648812.620435,25.66, 2171, 62
1791648813.620757,25.57, 2171, 62
1791648814.620935,25.26, 2171, 62
1791648815.621138,25.28, 2171, 62
1791648816.621355,25.33, 2171, 62
1791648817.621497,25.88, 2171, 62
1791648818.621972,25.44, 2171, 62
1791648819.622168,25.41, 2171, 62
1791648820.622070,25.82, 2171, 62
1791648821.622740,25.99, 2171, 62
1791648822.623001,25.56, 2171, 62
1791648823.623326,25.58, 2171, 62
1791648824.623821,25.59, 2171, 62
1791648825.624005,25.93, 2171, 62
1791648826.624210,25.66, 2171, 62
1791648827.624102,25.85, 2171, 62
1791648828.624556,24.99, 2171, 62
1791648829.624410,25.35, 2171, 61
1791648830.624888,25.44, 2171, 62
1791648831.625077,25.43, 2171, 62
1791648832.625057,25.51, 2171, 62
1791648833.625496,26.19, 2171, 62
1791648834.625690,25.27, 2171, 62
1791648835.625933,25.52, 2171, 62
1791648836.626106,25.28, 2171, 62
1791648837.626755,25.57, 2171, 62
1791648838.626961,25.56, 2171, 62
1791648839.627171,25.84, 2171, 62
1791648840.627128,25.96, 2171, 62
1791648841.627615,25.97, 2171, 62
1791648842.627473,25.50, 2171, 62
1791648843.627818,25.59, 2171, 62
1791648844.628002,25.67, 2171, 62
1791648845.628462,25.61, 2171, 62
1791648846.628775,25.79, 2171, 62
1791648847.629236,26.03, 2171, 62
1791648848.629303,24.48, 2177, 62
1791648849.629754,22.47, 2171, 62
1791648850.630278,21.95, 2171, 61
1791648851.630491,23.27, 2171, 60
1791648852.630945,23.80, 2171, 61
1791648853.631149,23.43, 2171, 61
1791648854.631321,23.59, 2171, 61
1791648855.631547,23.63, 2171, 61
1791648856.631974,25.49, 2171, 62
1791648857.632413,25.56, 2171, 62
1791648858.632610,25.54, 2171, 62
1791648859.633097,25.53, 2171, 61
1791648860.633566,25.48, 2171, 61
1791648861.634023,25.72, 2171, 62
1791648862.634219,25.76, 2171, 62
1791648863.634412,25.72, 2171, 62
1791648864.634897,25.71, 2171, 62
1791648865.635098,26.06, 2171, 62
1791648866.635573,25.59, 2171, 62
1791648867.635656,25.65, 2171, 62
1791648868.635857,25.93, 2171, 62
1791648869.636343,25.94, 2171, 62
1791648870.636788,25.97, 2171, 62
1791648871.637322,26.45, 2171, 62
1791648872.637755,25.89, 2171, 62
1791648873.637882,25.54, 2171, 62
1791648874.638049,25.58, 2171, 62
1791648875.638258,25.84, 2171, 62
1791648876.638296,25.99, 2171, 62
1791648877.638525,26.02, 2171, 62
1791648878.638996,26.17, 2171, 62
1791648879.639113,25.49, 2171, 62
1791648880.639392,25.54, 2171, 62
1791648881.639568,25.61, 2171, 62
1791648882.640160,25.89, 2171, 62
1791648883.640441,25.71, 2171, 62
1791648884.640638,25.74, 2171, 62
1791648885.640784,25.78, 2171, 62
1791648886.640876,25.82, 2171, 62
1791648887.641053,25.75, 2171, 62
1791648888.641261,25.67, 2171, 62
1791648889.641851,25.79, 2171, 62
1791648890.641867,26.00, 2171, 62
1791648891.642334,26.01, 2171, 62
1791648892.642970,25.96, 2171, 62
1791648893.643157,25.87, 2171, 62
1791648894.643101,25.63, 2171, 62
1791648895.643532,25.79, 2171, 62
1791648896.643809,25.73, 2171, 62
1791648897.644106,26.01, 2171, 62
1791648898.643899,25.99, 2171, 62
1791648899.644717,26.00, 2171, 62
1791648900.645068,26.02, 2171, 62
1791648901.645279,26.25, 2171, 62
1791648902.645302,25.64, 2171, 62
1791648903.645585,25.74, 2171, 62
1791648904.646112,26.02, 2171, 62
1791648905.646063,26.05, 2171, 62
1791648906.646755,26.06, 2171, 62
1791648907.646982,26.37, 2171, 62
1791648908.646884,25.64, 2171, 62
1791648909.647353,25.68, 2171, 62
1791648910.647343,25.70, 2171, 62
1791648911.647551,25.92, 2171, 62
1791648912.647630,26.02, 2171, 62
1791648913.647779,26.02, 2171, 62
1791648914.648012,26.08, 2171, 62
1791648915.648031,25.62, 2171, 62
1791648916.648783,25.68, 2171, 62
1791648917.648977,25.79, 2171, 62
1791648918.649175,25.97, 2171, 62
1791648919.649370,26.07, 2171, 62
1791648920.649911,26.15, 2171, 62
1791648921.650134,25.64, 2171, 62
1791648922.650382,25.65, 2171, 62
1791648923.650567,25.67, 2171, 62
1791648924.650817,25.70, 2171, 62
1791648925.651022,25.92, 2171, 62
1791648926.651322,26.07, 2171, 62
1791648927.651593,25.88, 2171, 62
1791648928.651789,25.67, 2171, 62
1791648929.652007,25.67, 2171, 62
1791648930.652231,25.70, 2171, 62
1791648931.652708,25.68, 2171, 62
1791648932.652916,25.87, 2171, 62
1791648933.653080,26.08, 2171, 62
1791648934.653272,25.91, 2171, 62
1791648935.653127,25.68, 2171, 62
1791648936.653718,25.67, 2171, 62
1791648937.653841,25.65, 2171, 62
1791648938.653859,25.67, 2171, 62
1791648939.654360,25.84, 2171, 62
1791648940.654255,25.01, 2171, 62
1791648941.654423,30.76, 2184, 63
1791648942.654940,30.53, 2184, 63
1791648943.655108,30.54, 2184, 63
1791648944.655345,30.48, 2184, 63
1791648945.655555,30.40, 2184, 63
1791648946.655777,30.58, 2184, 63
1791648947.655988,30.59, 2184, 63
1791648948.656217,30.43, 2184, 63
1791648949.656183,30.73, 2184, 63
1791648950.656741,30.56, 2184, 63
1791648951.656851,30.47, 2184, 63
1791648952.656994,30.45, 2184, 63
1791648953.657163,30.70, 2184, 63
1791648954.657358,30.56, 2184, 63
1791648955.657317,30.60, 2184, 63
1791648956.657585,30.55, 2184, 64
1791648957.657957,30.68, 2184, 64
1791648958.658225,30.59, 2184, 63
1791648959.658318,30.89, 2184, 64
1791648960.658367,29.98, 2184, 64
1791648961.658200,30.36, 2184, 63
1791648962.658369,30.44, 2184, 64
1791648963.658838,30.70, 2184, 64
1791648964.658620,30.26, 2184, 64
1791648965.658735,30.67, 2184, 64
1791648966.658849,30.67, 2184, 64
1791648967.659053,30.66, 2184, 64
1791648968.659174,30.80, 2184, 64
1791648969.659269,30.82, 2184, 64
1791648970.659373,30.80, 2184, 64
1791648971.659517,30.81, 2184, 64
1791648972.659636,30.81, 2184, 64
1791648973.659733,30.85, 2184, 64
1791648974.659936,30.71, 2184, 64
1791648975.660035,30.58, 2184, 64
1791648976.660150,30.95, 2184, 64
1791648977.660538,30.49, 2184, 64
1791648978.660754,30.62, 2184, 64
1791648979.660848,30.70, 2184, 64
1791648980.660985,30.88, 2184, 64
1791648981.661218,30.97, 2184, 64
1791648982.661358,30.85, 2184, 64
1791648983.661492,30.91, 2184, 64
1791648984.661707,31.09, 2184, 64
1791648985.662200,30.54, 2184, 64
1791648986.662362,30.65, 2184, 64
1791648987.662626,30.61, 2184, 64
1791648988.662866,30.73, 2184, 64
1791648989.662778,30.83, 2184, 64
1791648990.663277,30.88, 2184, 64
1791648991.663658,30.91, 2184, 65
1791648992.663632,30.75, 2184, 64
1791648993.663731,30.64, 2184, 64
1791648994.664249,30.87, 2184, 65
1791648995.664720,31.58, 2184, 64
1791648996.665182,31.62, 2184, 65
1791648997.665665,31.74, 2184, 65
1791648998.666189,31.76, 2184, 65
1791648999.666606,31.26, 2184, 65
1791649000.667017,29.98, 2184, 64
1791649001.667485,29.91, 2184, 64
1791649002.667858,29.10, 2184, 64
1791649003.668372,28.78, 2184, 64
1791649004.668583,28.77, 2184, 64
1791649005.668805,28.75, 2184, 64
1791649006.669637,26.90, 2184, 64
1791649007.669812,30.58, 2184, 65
1791649008.669951,30.85, 2184, 65
1791649009.670141,30.83, 2184, 64
1791649010.670257,30.79, 2184, 64
1791649011.670315,30.91, 2184, 64
1791649012.670772,31.06, 2184, 64
1791649013.670770,30.94, 2184, 64
1791649014.670955,30.89, 2184, 64
1791649015.671527,30.96, 2184, 65
1791649016.671425,30.89, 2184, 65
1791649017.671800,30.73, 2184, 65
1791649018.671999,30.77, 2184, 64
1791649019.672267,30.84, 2184, 65
1791649020.672491,30.73, 2184, 65
1791649021.672252,30.83, 2184, 65
1791649022.672696,30.69, 2184, 65
1791649023.672821,30.67, 2184, 65
1791649024.673190,30.74, 2184, 65
1791649025.673377,30.83, 2184, 65
1791649026.673209,30.90, 2184, 65
1791649027.673700,30.84, 2184, 65
1791649028.673932,30.79, 2184, 65
1791649029.673787,31.01, 2184, 65
1791649030.674367,30.97, 2184, 65
1791649031.674378,30.92, 2184, 65
1791649032.674841,30.95, 2184, 65
1791649033.675091,31.00, 2184, 65
1791649034.675302,30.88, 2184, 65
1791649035.675528,31.03, 2184, 65
1791649036.675771,30.88, 2184, 65
1791649037.676170,30.83, 2184, 65
1791649038.676356,30.91, 2184, 65
1791649039.676424,30.76, 2184, 65
1791649040.676588,30.84, 2184, 65
1791649041.676810,30.88, 2184, 65
1791649042.677274,30.64, 2184, 65
1791649043.677360,30.91, 2184, 65
1791649044.677591,31.05, 2184, 65
1791649045.677833,31.06, 2184, 65
1791649046.677774,31.01, 2184, 65
1791649047.678480,31.03, 2184, 65
1791649048.678996,31.09, 2184, 65
1791649049.679479,31.20, 2184, 65
1791649050.679961,30.58, 2184, 65
1791649051.680141,30.84, 2184, 65
1791649052.680599,30.78, 2184, 65
1791649053.680706,30.75, 2184, 65
1791649054.681177,30.93, 2184, 65
1791649055.681304,31.08, 2184, 65
1791649056.681426,31.03, 2184, 65
1791649057.681894,31.04, 2184, 65
1791649058.682402,30.75, 2184, 65
1791649059.682885,31.38, 2184, 65
1791649060.683375,31.11, 2184, 65
1791649061.683611,31.17, 2184, 65
1791649062.683769,30.60, 2184, 65
1791649063.684308,30.12, 2184, 65
1791649064.684786,30.09, 2184, 65
1791649065.685249,30.18, 2184, 65
1791649066.685512,29.95, 2184, 65
1791649067.685704,29.84, 2184, 65
1791649068.685929,28.86, 2184, 65
1791649069.686407,26.74, 2184, 64
1791649070.686548,28.73, 2184, 65
1791649071.686654,31.08, 2184, 65
1791649072.687204,30.88, 2184, 65
1791649073.687247,30.84, 2184, 65
1791649074.687359,30.75, 2184, 65
1791649075.687866,30.76, 2184, 65
1791649076.687994,31.05, 2184, 65
1791649077.688179,31.10, 2184, 65
1791649078.688417,31.04, 2184, 65
1791649079.688630,31.00, 2184, 65
1791649080.689135,30.89, 2184, 65
1791649081.689173,30.79, 2184, 65
1791649082.689529,30.73, 2184, 65
1791649083.689751,30.72, 2184, 65
1791649084.690227,30.87, 2184, 65
1791649085.690705,30.94, 2184, 65
1791649086.691191,30.74, 2184, 65
1791649087.691681,30.85, 2184, 65
1791649088.692169,30.96, 2184, 65
1791649089.692688,30.89, 2184, 65
1791649090.693187,30.99, 2184, 65
1791649091.693635,30.68, 2184, 65
1791649092.694156,30.74, 2184, 65
1791649093.694458,30.95, 2184, 65
1791649094.694985,30.85, 2184, 65
1791649095.695145,30.53, 2184, 65
1791649096.695675,31.08, 2184, 65
1791649097.696141,30.92, 2184, 65
1791649098.696365,31.00, 2184, 65
1791649099.696570,31.04, 2184, 65
1791649100.696805,30.97, 2184, 65
1791649101.696990,30.92, 2184, 65
1791649102.697174,30.88, 2184, 65
1791649103.697280,30.93, 2184, 65
1791649104.697419,30.50, 2184, 65
1791649105.697869,30.84, 2184, 65
1791649106.698113,31.02, 2184, 65
1791649107.698301,31.11, 2184, 65
1791649108.698584,30.78, 2184, 65
1791649109.698801,30.89, 2184, 65
1791649110.699017,31.20, 2184, 65
1791649111.699502,30.99, 2184, 65
1791649112.699997,31.11, 2184, 65
1791649113.700467,31.07, 2184, 65
1791649114.700975,31.20, 2184, 65
1791649115.701455,30.48, 2184, 65
1791649116.701700,30.96, 2184, 65
1791649117.702216,30.89, 2184, 65
1791649118.702657,30.94, 2184, 65
1791649119.703133,31.10, 2184, 65
1791649120.703613,30.92, 2184, 65
1791649121.704123,30.95, 2184, 65
1791649122.704371,30.70, 2184, 65
1791649123.704471,30.91, 2184, 65
1791649124.704667,30.88, 2184, 65
1791649125.704918,31.68, 2184, 65
1791649126.705111,31.50, 2184, 65
1791649127.705526,30.08, 2184, 65
1791649128.705989,30.06, 2184, 65
1791649129.706478,29.93, 2184, 65
1791649130.706960,29.66, 2184, 65
1791649131.707446,29.05, 2184, 65
1791649132.707951,28.82, 2184, 65
1791649133.708388,28.80, 2184, 65
1791649134.708591,27.42, 2184, 65
1791649135.709018,23.28, 2184, 62
1791649136.709255,12.06, 2177, 62
1791649137.709892,12.38, 2177, 61
1791649138.710669,12.26, 2177, 61
1791649139.710766,11.97, 2177, 60
1791649140.711830,9.80, 331, 59
1791649141.712400,6.91, 305, 59
1791649142.713265,6.89, 305, 58
1791649143.714081,6.14, 305, 58
1791649144.714104,6.04, 208, 57
1791649145.714912,5.88, 305, 57
1791649146.714993,5.96, 208, 57
1791649147.715765,6.02, 305, 56
1791649148.716569,5.93, 305, 56
1791649149.717385,5.80, 305, 56
1791649150.718262,5.81, 208, 55
1791649151.718195,5.79, 305, 55
1791649152.718392,5.78, 208, 55
1791649153.719318,5.96, 305, 55
1791649154.719685,5.88, 208, 54
1791649155.720118,5.94, 305, 54
1791649156.720211,5.94, 305, 54
1791649157.720327,5.79, 305, 54
1791649158.720517,5.89, 208, 54
1791649159.720528,5.83, 305, 53
1791649160.720622,5.85, 305, 53
1791649161.720972,5.85, 208, 53
1791649162.721025,5.91, 305, 53
1791649163.721238,5.85, 305, 53
1791649164.721256,5.86, 305, 53
1791649165.721451,5.75, 305, 52
1791649166.721527,5.78, 208, 52
1791649167.721534,5.74, 208, 52
1791649168.721719,5.66, 305, 52
1791649169.721740,5.89, 312, 52
1791649170.721838,5.88, 305, 52
1791649171.721961,5.70, 305, 51
1791649172.722051,5.68, 208, 51
1791649173.722145,5.72, 305, 51
1791649174.722236,5.70, 208, 51
1791649175.722315,5.72, 208, 51
1791649176.722402,5.73, 208, 51
1791649177.722485,5.78, 305, 51
1791649178.722574,5.66, 305, 51
1791649179.722671,5.64, 208, 50
1791649180.723886,5.68, 208, 50
1791649181.723752,5.67, 305, 50
1791649182.723680,5.60, 208, 50
1791649183.723891,5.65, 305, 50
1791649184.723983,5.71, 305, 50
1791649185.724082,5.75, 318, 50
1791649186.724199,5.82, 305, 50
1791649187.724371,5.68, 305, 50
1791649188.724375,5.64, 208, 50
1791649189.724466,5.61, 305, 50
1791649190.724555,5.63, 266, 49
1791649191.724645,5.73, 305, 49
1791649192.724730,5.63, 305, 49
1791649193.724998,5.60, 208, 49
1791649194.725427,5.60, 305, 49
1791649195.725281,5.54, 208, 49
1791649196.726311,5.52, 305, 49
1791649197.726010,5.45, 208, 49
1791649198.726821,5.56, 305, 49
1791649199.726724,5.56, 305, 49
1791649200.727744,5.48, 305, 48
1791649201.727445,5.46, 208, 48
1791649202.727556,5.55, 208, 48
1791649203.728020,5.56, 305, 48
1791649204.728224,5.50, 208, 48
1791649205.728359,5.57, 305, 48
1791649206.728820,5.57, 305, 48
1791649207.728964,5.47, 305, 48
1791649208.729216,5.42, 208, 48
1791649209.729441,5.43, 305, 48
1791649210.729683,5.47, 208, 48
1791649211.730547,5.49, 305, 48
1791649212.731239,5.37, 305, 48
1791649213.731998,5.41, 305, 48
1791649214.733297,5.28, 305, 48
1791649215.734095,5.27, 208, 47
1791649216.734487,5.27, 305, 47
1791649217.734498,5.37, 208, 47
1791649218.735376,5.44, 305, 47
1791649219.735551,5.47, 305, 47
1791649220.736015,5.52, 305, 47
1791649221.736494,5.41, 305, 47
1791649222.737146,5.37, 208, 47
1791649223.738035,5.33, 305, 47
1791649224.738883,5.25, 208, 47
1791649225.739127,5.25, 305, 47
1791649226.739727,5.28, 305, 46
1791649227.739757,5.34, 305, 46
1791649228.740754,5.23, 305, 46
1791649229.741549,5.21, 208, 46
1791649230.742375,5.21, 305, 46
1791649231.743146,5.17, 208, 46
1791649232.743198,5.22, 305, 46
1791649233.744048,5.21, 266, 46
1791649234.744886,5.30, 305, 46
1791649235.745350,5.20, 305, 46
1791649236.746054,5.16, 208, 46
1791649237.746633,5.17, 305, 45
1791649238.747452,5.15, 208, 45
1791649239.748047,5.17, 305, 45
1791649240.748310,5.16, 208, 45
1791649241.749246,5.28, 305, 45
1791649242.749307,5.28, 305, 45
1791649243.749539,5.23, 305, 45
1791649244.749903,7.76, 208, 46
1791649245.750395,10.12, 2177, 46
1791649246.750595,10.11, 2177, 46
1791649247.750794,10.14, 2177, 46
1791649248.751028,10.27, 2177, 46
1791649249.751218,10.62, 2177, 46
1791649250.751428,10.72, 2177, 46
1791649251.751638,10.76, 2177, 46
1791649252.752186,10.67, 2177, 46
1791649253.752141,10.67, 2177, 46
1791649254.752343,10.67, 2177, 46
1791649255.752636,10.67, 2177, 46
1791649256.752813,10.67, 2177, 46
1791649257.753007,10.60, 2177, 46
1791649258.753376,10.41, 2177, 46
1791649259.753639,10.12, 2177, 46
1791649260.754073,10.12, 2177, 46
1791649261.754269,10.17, 2177, 46
1791649262.754248,10.81, 2177, 46
1791649263.754475,10.13, 2177, 46
1791649264.754550,10.18, 2177, 46
1791649265.754647,10.33, 2177, 46
1791649266.754755,10.15, 2177, 46
1791649267.754946,10.16, 2177, 46
1791649268.755431,10.31, 2177, 46
1791649269.755536,10.14, 2177, 46
1791649270.756020,10.18, 2177, 46
1791649271.756214,10.46, 2177, 46
1791649272.756419,10.15, 2177, 46
1791649273.756151,10.13, 2177, 46
1791649274.756336,10.18, 2177, 46
1791649275.756736,10.19, 2177, 46
1791649276.757176,10.43, 2177, 46
1791649277.757007,10.14, 2177, 46
1791649278.757361,10.19, 2177, 46
1791649279.757433,10.44, 2177, 46
1791649280.757622,10.12, 2177, 46
1791649281.757846,10.19, 2177, 46
1791649282.758171,10.32, 2177, 46
1791649283.758117,10.12, 2177, 46
1791649284.758343,10.15, 2177, 46
1791649285.759388,10.19, 2177, 46
1791649286.760014,10.19, 2177, 46
1791649287.760194,11.05, 2177, 46
1791649288.760398,11.73, 2177, 46
1791649289.760700,10.94, 2177, 46
1791649290.760918,10.34, 2177, 46
1791649291.761096,12.03, 2177, 47
1791649292.761745,11.50, 2177, 46
1791649293.761653,10.15, 2177, 46
1791649294.762213,10.10, 2177, 46
1791649295.762142,10.10, 2177, 46
1791649296.762340,10.10, 2177, 46
1791649297.762801,10.09, 2177, 46
1791649298.762794,10.71, 2177, 46
1791649299.763587,18.28, 2177, 50
1791649300.763636,20.36, 2177, 48
1791649301.764061,20.88, 2177, 48
1791649302.764226,21.99, 2177, 49
1791649303.764352,22.05, 2177, 49
1791649304.764614,22.20, 2177, 49
1791649305.764751,23.81, 2177, 51
1791649306.765132,25.25, 2177, 48
1791649307.765220,23.65, 2177, 49
1791649308.765445,17.73, 2177, 48
1791649309.765543,11.74, 2177, 48
1791649310.765356,13.33, 2177, 48
1791649311.765586,10.30, 2177, 47
1791649312.765802,11.13, 2177, 47
1791649313.766041,10.24, 2177, 47
1791649314.766519,10.23, 2177, 47
1791649315.766441,10.21, 2177, 47
1791649316.766633,10.21, 2177, 47
1791649317.766795,59.67, 2171, 57
1791649318.767091,66.59, 2171, 60
1791649319.767228,64.95, 2171, 56
1791649320.767677,63.40, 2171, 60
1791649321.767938,67.97, 2171, 61
1791649322.767875,66.22, 2177, 58
1791649323.767978,65.05, 2177, 60
1791649324.768238,68.70, 2177, 63
1791649325.768205,66.26, 2177, 59
1791649326.768730,64.54, 2177, 62
1791649327.768894,68.93, 2177, 64
1791649328.768867,45.26, 2177, 53
1791649329.768967,10.77, 2177, 52
1791649330.769320,20.93, 2171, 57
1791649331.769437,37.56, 2171, 56
1791649332.769639,17.11, 2177, 52
1791649333.769649,10.72, 2177, 51
1791649334.769747,15.83, 2177, 51
1791649335.770190,29.29, 2177, 55
1791649336.770388,35.29, 2177, 56
1791649337.770392,33.54, 2177, 55
1791649338.770695,35.23, 2177, 53
1791649339.771278,10.68, 2177, 51
1791649340.771530,12.95, 2177, 51
1791649341.771634,13.40, 2177, 51
1791649342.771591,12.82, 2177, 51
1791649343.771825,13.14, 2177, 51
1791649344.771810,12.72, 2177, 50
1791649345.772355,12.84, 2177, 50
1791649346.772579,12.36, 2177, 50
1791649347.772835,11.57, 2177, 50
1791649348.773040,11.27, 2177, 50
1791649349.773126,13.50, 2177, 50
1791649350.773376,11.53, 2177, 49
1791649351.773317,10.49, 2177, 49
1791649352.773847,10.84, 2177, 49
1791649353.773764,14.79, 2177, 51
1791649354.774147,36.04, 2177, 53
1791649355.774323,37.38, 2177, 54
1791649356.774422,37.00, 2177, 55
1791649357.774641,25.35, 2177, 50
1791649358.774853,10.50, 2177, 50
1791649359.775049,11.47, 2177, 50
1791649360.775736,12.78, 2177, 50
1791649361.775905,13.14, 2177, 50
1791649362.775835,12.43, 2177, 49
1791649363.776010,12.06, 2177, 49
1791649364.776497,12.87, 2177, 50
1791649365.776949,12.29, 2177, 49
1791649366.776966,12.03, 2177, 49
1791649367.777220,11.55, 2177, 49
1791649368.777704,11.16, 2177, 49
1791649369.777885,12.70, 2177, 49
1791649370.778068,12.27, 2177, 49
1791649371.778171,11.87, 2177, 49
1791649372.778296,12.55, 2177, 49
1791649373.778596,12.31, 2177, 50
1791649374.778676,15.64, 2177, 48
1791649375.779216,10.29, 2177, 48
1791649376.779225,10.31, 2177, 48
1791649377.779892,10.31, 2177, 48
1791649378.780670,10.28, 2177, 48
1791649379.781306,10.26, 2177, 48
1791649380.781887,10.26, 2177, 48
1791649381.781984,10.29, 2177, 48
1791649382.782202,10.28, 2177, 48
1791649383.782485,10.26, 2177, 48
1791649384.783141,10.24, 2177, 47
1791649385.783646,10.22, 2177, 47
1791649386.784182,10.21, 2177, 47
1791649387.784783,10.21, 2177, 47
1791649388.784915,10.20, 2177, 47
1791649389.785565,10.20, 2177, 47
1791649390.786087,10.19, 2177, 47
1791649391.786573,10.19, 2177, 47
1791649392.787234,10.17, 2177, 47
1791649393.788024,10.16, 2177, 47
1791649394.788289,10.16, 2177, 47
1791649395.788978,10.08, 2177, 47
1791649396.789590,9.98, 2177, 47
1791649397.790123,9.96, 2177, 46
1791649398.790130,9.94, 2177, 46
1791649399.790615,9.93, 2177, 46
1791649400.791260,9.95, 2177, 46
1791649401.791861,9.94, 2177, 46
1791649402.792113,9.93, 2177, 46
1791649403.792905,9.91, 2177, 46
1791649404.793685,9.89, 2177, 46
1791649405.794484,9.84, 2177, 46
1791649406.795228,9.86, 2177, 46
1791649407.796038,9.85, 2177, 46
1791649408.796002,9.83, 2177, 45
1791649409.796223,9.81, 2177, 45
1791649410.796408,11.92, 2177, 46
1791649411.796603,9.93, 2177, 45
1791649412.796790,9.78, 2177, 45
1791649413.796786,9.81, 2177, 45
1791649414.796989,9.78, 2177, 45
1791649415.797267,9.77, 2177, 45
1791649416.797385,9.76, 2177, 45
1791649417.797575,9.77, 2177, 45
1791649418.797762,9.81, 2177, 45
1791649419.797967,9.78, 2177, 45
1791649420.798152,9.77, 2177, 45
1791649421.798428,9.74, 2177, 45
1791649422.798603,9.74, 2177, 45
1791649423.798785,9.72, 2177, 45
1791649424.798975,9.71, 2177, 45
1791649425.799156,9.67, 2177, 45
1791649426.799339,9.70, 2177, 45
1791649427.799427,9.67, 2177, 44
1791649428.799436,9.71, 2177, 44
1791649429.799620,9.74, 2177, 44
1791649430.799883,9.68, 2177, 44
1791649431.799976,9.68, 2177, 44
1791649432.799981,9.67, 2177, 44
1791649433.800072,9.64, 2177, 44
1791649434.800293,9.68, 2177, 44
1791649435.800390,9.71, 2177, 44
1791649436.800498,9.68, 2177, 44
1791649437.800589,9.64, 2177, 44
1791649438.800774,9.66, 2177, 44
1791649439.801128,9.68, 2177, 44
1791649440.801987,9.69, 2177, 44
1791649441.801974,9.70, 2177, 44
1791649442.802158,9.71, 2177, 44
1791649443.802317,9.68, 2177, 44
1791649444.802514,9.68, 2177, 44
1791649445.802810,9.66, 2177, 44
1791649446.802832,9.68, 2177, 44
1791649447.803350,9.66, 2177, 44
1791649448.803431,9.67, 2177, 44
1791649449.803617,9.66, 2177, 44
1791649450.803793,9.65, 2177, 44
1791649451.803973,9.65, 2177, 44
1791649452.804156,9.64, 2177, 44
1791649453.804346,9.65, 2177, 44
1791649454.804525,9.66, 2177, 43
1791649455.804693,9.63, 2177, 43
1791649456.805044,9.59, 2177, 43
1791649457.805665,9.56, 2177, 43
1791649458.806242,9.55, 2177, 43
1791649459.806696,9.57, 2177, 43
1791649460.807129,9.58, 2177, 43
1791649461.807487,9.59, 2177, 43
1791649462.808093,9.58, 2177, 43
1791649463.808220,9.57, 2177, 43
1791649464.808419,9.59, 2177, 43
1791649465.808960,9.59, 2177, 43
1791649466.809577,9.59, 2177, 43
1791649467.809729,9.57, 2177, 43
1791649468.810123,9.56, 2184, 43
1791649469.810659,9.50, 2184, 43
1791649470.811230,9.49, 2184, 43
1791649471.811981,9.50, 2184, 43
1791649472.812174,9.51, 2184, 43
1791649473.812277,9.53, 2184, 43
1791649474.812539,9.54, 2184, 43
1791649475.813139,9.60, 2184, 43
1791649476.813755,9.54, 2184, 43
1791649477.814105,9.53, 2184, 43
1791649478.814351,9.57, 2184, 43
1791649479.814941,9.53, 2184, 43
1791649480.815554,9.57, 2184, 43
1791649481.816105,9.56, 2184, 43
1791649482.816537,9.54, 2184, 43
1791649483.817195,9.50, 2184, 43
1791649484.817756,9.52, 2184, 43
1791649485.818208,9.52, 2184, 43
1791649486.818843,9.51, 2184, 43
1791649487.818975,9.53, 2184, 43
1791649488.819617,9.56, 2184, 43
1791649489.820188,9.56, 2184, 43
1791649490.820664,9.54, 2184, 43
1791649491.821274,9.53, 2184, 43
1791649492.821850,9.55, 2184, 43
1791649493.822248,9.53, 2184, 43
1791649494.822563,9.51, 2184, 43
1791649495.823001,9.54, 2184, 42
1791649496.823617,9.53, 2184, 42
1791649497.824152,9.53, 2184, 42
1791649498.824597,9.52, 2184, 42
1791649499.824683,9.48, 2184, 42
1791649500.825244,9.50, 2184, 42
1791649501.826323,9.51, 2184, 42
1791649502.825873,9.55, 2184, 42
1791649503.825947,9.54, 2184, 42
1791649504.826116,9.52, 2184, 42
1791649505.826612,9.50, 2184, 42
1791649506.826486,9.52, 2184, 42
1791649507.826723,9.50, 2184, 42
1791649508.826809,9.51, 2184, 42
1791649509.826968,9.48, 2184, 42
1791649510.827564,9.50, 2184, 42
1791649511.827962,9.50, 2184, 42
1791649512.828553,9.46, 2184, 42
1791649513.829119,9.51, 2184, 42
1791649514.829471,9.51, 2184, 42
1791649515.830079,9.50, 2184, 42
1791649516.830627,9.50, 2184, 42
1791649517.831071,9.50, 2184, 42
1791649518.831956,9.50, 2184, 42
1791649519.832550,9.49, 2184, 42
1791649520.832570,9.55, 2184, 42
1791649521.833094,9.52, 2184, 42
1791649522.832641,9.50, 2184, 42
1791649523.833405,9.50, 2184, 42
1791649524.832934,9.52, 2184, 42
1791649525.833812,9.49, 2184, 42
1791649526.834199,9.47, 2184, 42
1791649527.834691,9.47, 2184, 42
1791649528.835080,9.50, 2184, 42
1791649529.835787,9.52, 2184, 42
1791649530.835300,9.54, 2184, 42
1791649531.835762,9.67, 2184, 42
1791649532.836340,18.63, 2177, 44
1791649533.836494,32.56, 2177, 45
1791649534.836977,23.93, 2177, 46
1791649535.837449,24.12, 2177, 46
1791649536.837935,24.12, 2177, 46
1791649537.838090,24.16, 2177, 47
1791649538.838412,24.13, 2177, 47
1791649539.839002,32.95, 2177, 48
1791649540.839404,23.91, 2177, 48
1791649541.839510,24.05, 2177, 48
1791649542.839972,24.32, 2177, 48
1791649543.840499,27.40, 2177, 50
1791649544.840670,29.77, 2177, 49
1791649545.840863,24.05, 2177, 49
1791649546.841255,24.04, 2177, 49
1791649547.841462,32.79, 2177, 51
1791649548.841687,24.56, 2177, 50
1791649549.842156,24.45, 2177, 50
1791649550.842465,24.48, 2177, 50
1791649551.842935,24.55, 2177, 50
1791649552.843372,24.53, 2177, 50
1791649553.843477,24.58, 2177, 51
1791649554.843989,12.57, 2177, 49
1791649555.844744,28.94, 2177, 53
1791649556.844911,37.02, 2171, 53
1791649557.845208,39.31, 2171, 53
1791649558.845751,36.31, 2171, 54
1791649559.846019,39.45, 2171, 54
1791649560.846236,35.62, 2171, 54
1791649561.846673,29.99, 2177, 53
1791649562.847164,29.43, 2177, 53
1791649563.847257,29.44, 2177, 53
1791649564.847568,29.49, 2177, 53
1791649565.848029,29.38, 2177, 53
1791649566.848508,29.69, 2177, 54
1791649567.848965,29.63, 2171, 54
1791649568.849441,28.26, 2171, 54
1791649569.849956,27.77, 2171, 54
1791649570.850378,27.80, 2171, 54
1791649571.850801,27.05, 2171, 54
1791649572.851049,29.82, 2171, 55
1791649573.851383,37.84, 2171, 56
1791649574.852180,38.03, 2171, 56
1791649575.852215,38.03, 2171, 55
1791649576.852551,38.13, 2171, 57
1791649577.852739,38.20, 2171, 57
1791649578.853177,29.59, 2171, 56
1791649579.853651,29.85, 2171, 56
1791649580.854086,29.92, 2171, 56
1791649581.854498,29.86, 2171, 56
1791649582.854993,29.59, 2171, 56
1791649583.855441,29.42, 2171, 56
1791649584.855582,29.88, 2171, 56
1791649585.856030,29.89, 2171, 56
1791649586.856230,29.99, 2171, 56
1791649587.856710,30.03, 2171, 56
1791649588.857201,30.06, 2171, 56
1791649589.857358,29.68, 2171, 57
1791649590.857582,29.27, 2171, 56
1791649591.858146,27.81, 2171, 55
1791649592.858804,37.15, 2171, 59
1791649593.858973,40.23, 2171, 59
1791649594.859281,37.18, 2171, 59
1791649595.859707,40.10, 2171, 59
1791649596.859842,36.93, 2171, 59
1791649597.860275,33.84, 2171, 57
1791649598.860493,29.83, 2171, 58
1791649599.860955,30.07, 2171, 58
1791649600.861395,30.32, 2171, 58
1791649601.861893,30.22, 2171, 58
1791649602.862078,30.02, 2171, 58
1791649603.862392,30.11, 2171, 58
1791649604.862780,30.31, 2171, 58
1791649605.862732,29.51, 2171, 58
1791649606.863205,28.66, 2171, 58
1791649607.863322,28.62, 2171, 58
1791649608.863271,28.43, 2171, 58
1791649609.863882,26.83, 2171, 57
1791649610.864077,37.13, 2171, 59
1791649611.864396,40.09, 2171, 60
1791649612.864690,37.50, 2171, 60
1791649613.865033,40.15, 2171, 60
1791649614.865233,37.02, 2171, 60
1791649615.865072,34.39, 2171, 59
1791649616.865548,30.21, 2171, 59
1791649617.865657,30.21, 2171, 59
1791649618.865874,30.39, 2171, 59
1791649619.866363,30.33, 2171, 59
1791649620.866572,30.30, 2171, 59
1791649621.866697,29.96, 2171, 59
1791649622.866789,29.94, 2171, 59
1791649623.866977,29.97, 2171, 59
1791649624.867462,29.99, 2171, 59
1791649625.867668,29.85, 2171, 59
1791649626.868186,30.26, 2171, 59
1791649627.868673,29.44, 2171, 59
1791649628.869127,28.06, 2171, 59
1791649629.869636,19.81, 2177, 56
1791649630.870211,18.18, 2171, 58
1791649631.870325,33.93, 2171, 58
1791649632.870586,30.35, 2171, 60
1791649633.870677,29.34, 2171, 58
1791649634.870883,25.28, 2171, 58
1791649635.870990,25.57, 2171, 58
1791649636.871086,25.60, 2171, 58
1791649637.871186,29.02, 2171, 60
1791649638.871481,30.96, 2171, 58
1791649639.871961,25.18, 2171, 58
1791649640.872336,25.20, 2171, 58
1791649641.872888,25.35, 2171, 58
1791649642.872835,25.54, 2171, 58
1791649643.873453,29.95, 2171, 60
1791649644.873253,30.02, 2171, 58
1791649645.873752,25.32, 2171, 58
1791649646.873971,25.33, 2171, 58
1791649647.874214,25.30, 2171, 58
1791649648.874196,20.13, 2177, 56
1791649649.874809,18.31, 2171, 58
1791649650.875679,34.26, 2171, 60
1791649651.875710,38.16, 2171, 61
1791649652.876231,38.39, 2171, 59
1791649653.876490,38.97, 2171, 61
1791649654.876447,38.78, 2171, 61
1791649655.877456,35.93, 2171, 60
1791649656.877192,30.59, 2171, 60
1791649657.878222,29.13, 2171, 59
1791649658.877985,28.88, 2171, 59
1791649659.878221,28.65, 2171, 59
1791649660.878828,28.54, 2171, 59
1791649661.878430,28.46, 2171, 59
1791649662.878528,28.50, 2171, 59
1791649663.878675,28.32, 2171, 59
1791649664.878789,27.29, 2171, 59
1791649665.878874,31.28, 2171, 62
1791649666.878944,38.12, 2171, 60
1791649667.879131,39.65, 2171, 61
1791649668.879204,38.09, 2171, 60
1791649669.879392,40.08, 2171, 61
1791649670.879549,37.89, 2171, 60
1791649671.880148,30.72, 2171, 60
1791649672.880329,29.95, 2171, 60
1791649673.880644,29.90, 2171, 60
1791649674.880614,29.72, 2171, 60
1791649675.881101,29.75, 2171, 60
1791649676.881333,29.70, 2171, 60
1791649677.881308,29.79, 2171, 60
1791649678.881764,29.90, 2171, 61
1791649679.881780,29.87, 2171, 61
1791649680.882245,29.82, 2171, 61
1791649681.882280,29.84, 2171, 61
1791649682.882516,29.96, 2171, 61
1791649683.883037,27.21, 2171, 60
1791649684.883031,37.88, 2177, 63
1791649685.883150,38.04, 2171, 62
1791649686.883506,39.46, 2177, 63
1791649687.884407,40.91, 2184, 62
1791649688.884312,37.56, 2184, 63
1791649689.885596,35.30, 2171, 61
1791649690.885977,30.35, 2171, 61
1791649691.886642,30.71, 2171, 61
1791649692.886988,30.79, 2171, 61
1791649693.887232,30.63, 2171, 61
1791649694.888332,30.24, 2171, 61
1791649695.888110,30.18, 2171, 61
1791649696.889173,30.27, 2171, 61
1791649697.889873,30.21, 2171, 61
1791649698.890366,30.21, 2171, 61
1791649699.890374,30.18, 2171, 61
1791649700.891107,28.58, 2171, 61
1791649701.891148,38.99, 2184, 63
1791649702.891416,39.13, 2184, 61
1791649703.891838,38.98, 2184, 63
1791649704.891731,40.38, 2184, 61
1791649705.892379,38.24, 2184, 64
1791649706.892644,34.55, 2171, 62
1791649707.892788,30.66, 2171, 62
1791649708.893032,30.51, 2171, 62
1791649709.892951,30.40, 2171, 62
1791649710.893219,30.37, 2171, 62
1791649711.893685,30.17, 2171, 62
1791649712.893539,30.15, 2171, 62
1791649713.893775,30.28, 2171, 62
1791649714.894208,30.27, 2171, 62
1791649715.894218,30.15, 2171, 62
1791649716.894691,30.24, 2171, 62
1791649717.894914,30.26, 2171, 62
1791649718.895095,28.31, 2171, 61
1791649719.895291,23.13, 2171, 61
1791649720.895482,25.58, 2171, 61
1791649721.895514,25.82, 2171, 61
1791649722.895966,25.88, 2171, 61
1791649723.896083,25.93, 2171, 61
1791649724.896358,25.44, 2171, 61
1791649725.896298,25.51, 2171, 61
1791649726.896784,25.51, 2171, 61
1791649727.896976,25.57, 2171, 60
1791649728.897198,25.84, 2171, 61
1791649729.897331,25.88, 2171, 61
1791649730.897373,25.99, 2171, 60
1791649731.897877,25.51, 2171, 60
1791649732.897818,25.50, 2171, 60
1791649733.898098,25.50, 2171, 60
1791649734.898271,25.56, 2171, 60
1791649735.898714,25.53, 2171, 60
1791649736.898965,25.60, 2171, 60
1791649737.899188,25.65, 2171, 60
1791649738.899337,25.64, 2171, 60
1791649739.899313,25.60, 2171, 60
1791649740.899678,26.02, 2171, 60
1791649741.899882,25.36, 2171, 60
1791649742.900068,25.62, 2171, 60
1791649743.900344,25.77, 2171, 61
1791649744.900807,25.89, 2171, 60
1791649745.900717,25.42, 2171, 60
1791649746.901201,25.38, 2171, 60
1791649747.901033,25.43, 2171, 60
1791649748.901683,25.58, 2171, 60
1791649749.901933,25.59, 2171, 60
1791649750.902130,25.77, 2171, 60
1791649751.902179,25.77, 2171, 60
1791649752.902623,25.77, 2171, 60
1791649753.902562,25.79, 2171, 60
1791649754.903155,25.72, 2171, 60
1791649755.903749,25.58, 2171, 60
1791649756.903680,25.60, 2171, 60
1791649757.903862,25.78, 2171, 61
1791649758.904315,25.79, 2171, 61
1791649759.904345,26.06, 2171, 60
1791649760.904827,25.38, 2171, 60
1791649761.904936,25.38, 2171, 60
1791649762.905119,25.44, 2171, 60
1791649763.905266,25.53, 2171, 60
1791649764.905327,25.71, 2171, 60
1791649765.905678,25.79, 2171, 60
1791649766.905881,25.45, 2171, 60
1791649767.906293,25.45, 2171, 60
1791649768.906490,25.48, 2171, 60
1791649769.906789,25.76, 2171, 60
1791649770.907038,25.04, 2171, 60
1791649771.906987,21.84, 2171, 60
1791649772.907404,22.04, 2171, 59
1791649773.907776,21.99, 2171, 60
1791649774.907671,23.06, 2171, 60
1791649775.908144,23.35, 2171, 60
1791649776.908289,22.22, 2171, 59
1791649777.908252,23.07, 2171, 60
1791649778.908636,24.78, 2171, 60
1791649779.908875,25.57, 2171, 60
1791649780.908830,25.38, 2171, 60
1791649781.909230,25.44, 2171, 60
1791649782.909115,25.62, 2171, 60
1791649783.909557,25.37, 2171, 60
1791649784.909501,25.42, 2171, 60
1791649785.909946,25.63, 2171, 60
1791649786.909840,25.77, 2171, 60
1791649787.910588,25.74, 2171, 60
1791649788.910893,25.77, 2171, 60
1791649789.910595,25.81, 2171, 60
1791649790.911210,25.77, 2171, 60
1791649791.911434,25.39, 2171, 60
1791649792.911319,25.59, 2171, 60
1791649793.911500,25.82, 2171, 60
1791649794.911712,25.83, 2171, 60
1791649795.912196,25.80, 2171, 60
1791649796.912520,26.13, 2171, 60
1791649797.912342,25.64, 2171, 60
1791649798.912822,25.37, 2171, 60
1791649799.912753,25.51, 2171, 60
1791649800.913538,25.79, 2171, 60
1791649801.913507,25.75, 2171, 60
1791649802.913990,25.74, 2171, 60
1791649803.913976,25.93, 2171, 61
1791649804.914437,25.62, 2171, 60
1791649805.914642,25.40, 2171, 61
1791649806.914975,25.55, 2171, 60
1791649807.915165,25.79, 2171, 61
1791649808.915424,25.75, 2171, 60
1791649809.915360,25.82, 2171, 60
1791649810.915837,25.59, 2171, 61
1791649811.915646,25.40, 2171, 60
1791649812.915966,25.44, 2171, 60
1791649813.916138,25.53, 2171, 60
1791649814.916678,25.81, 2171, 61
1791649815.916613,25.70, 2171, 60
1791649816.916816,25.48, 2171, 60
1791649817.916914,25.80, 2171, 60
1791649818.917019,25.46, 2171, 61
1791649819.917372,25.51, 2171, 61
1791649820.917482,25.51, 2171, 61
1791649821.917979,25.85, 2171, 61
1791649822.918404,25.47, 2171, 61
1791649823.918865,25.52, 2171, 61
1791649824.919292,25.51, 2171, 61
1791649825.919519,25.52, 2171, 61
1791649826.920005,25.88, 2171, 61
1791649827.920469,25.55, 2171, 61
1791649828.920732,25.73, 2171, 61
1791649829.921171,25.86, 2171, 61
1791649830.921358,25.91, 2171, 61
1791649831.921552,25.90, 2171, 61
1791649832.922070,26.18, 2171, 61
1791649833.922553,25.83, 2171, 61
1791649834.922769,25.49, 2171, 61
1791649835.923244,25.71, 2171, 61
1791649836.923626,25.88, 2171, 61
1791649837.924113,25.91, 2171, 61
1791649838.924506,25.96, 2171, 61
1791649839.925003,26.15, 2171, 61
1791649840.925454,25.49, 2171, 61
1791649841.925903,25.51, 2171, 61
1791649842.926389,25.73, 2171, 61
1791649843.926881,25.61, 2171, 61
1791649844.927345,25.68, 2171, 61
1791649845.927812,25.70, 2171, 61
1791649846.928011,25.34, 2171, 61
1791649847.928460,25.51, 2171, 61
1791649848.928679,25.54, 2171, 61
1791649849.928892,25.62, 2171, 61
1791649850.929011,25.89, 2171, 61
1791649851.929244,25.91, 2171, 61
1791649852.929556,26.01, 2171, 61
1791649853.929774,25.73, 2171, 61
1791649854.929905,25.52, 2171, 61
1791649855.930112,25.84, 2171, 62
1791649856.930221,25.60, 2171, 61
1791649857.930348,25.84, 2171, 61
1791649858.930842,25.92, 2171, 61
1791649859.931050,25.90, 2171, 61
1791649860.931182,25.92, 2171, 61
1791649861.931014,25.87, 2171, 61
1791649862.931442,25.51, 2171, 61
1791649863.931870,25.59, 2171, 61
1791649864.932083,25.79, 2171, 61
1791649865.931932,25.90, 2171, 61
1791649866.932189,25.94, 2171, 61
1791649867.932234,25.94, 2171, 61
1791649868.932486,26.47, 2171, 61
1791649869.932515,25.53, 2171, 61
1791649870.932540,25.60, 2171, 61
1791649871.932628,25.80, 2171, 61
1791649872.932718,25.93, 2171, 61
1791649873.932815,25.94, 2171, 61
1791649874.932917,25.94, 2171, 61
1791649875.933031,25.96, 2171, 61
1791649876.933126,25.49, 2171, 61
1791649877.933223,25.53, 2171, 61
1791649878.933318,25.80, 2171, 61
1791649879.933425,25.95, 2171, 61
1791649880.933535,25.94, 2171, 61
1791649881.933638,25.87, 2171, 61
1791649882.933825,25.53, 2171, 61
1791649883.934025,25.53, 2171, 61
1791649884.934266,25.57, 2171, 61
1791649885.934664,25.70, 2171, 61
1791649886.934608,25.93, 2171, 61
1791649887.934791,25.98, 2171, 61
1791649888.935254,25.76, 2171, 61
1791649889.935459,25.57, 2171, 61
1791649890.935710,25.56, 2171, 61
1791649891.936226,25.58, 2171, 61
1791649892.936103,25.65, 2171, 61
1791649893.936319,25.91, 2171, 61
1791649894.936827,25.71, 2171, 61
1791649895.936765,25.53, 2171, 61
1791649896.937268,25.58, 2171, 61
1791649897.937472,25.51, 2171, 61
1791649898.937749,25.56, 2171, 61
1791649899.937989,25.64, 2171, 61
1791649900.937976,26.03, 2171, 61
1791649901.938338,25.53, 2171, 61
1791649902.938732,25.52, 2171, 61
1791649903.938819,25.58, 2171, 61
1791649904.938812,25.53, 2171, 61
1791649905.939262,25.72, 2171, 61
1791649906.939220,25.60, 2171, 61
1791649907.939437,25.81, 2171, 61
1791649908.939909,25.91, 2171, 61
1791649909.940116,25.93, 2171, 61
1791649910.940150,25.94, 2171, 61
1791649911.940594,26.09, 2171, 61
1791649912.940449,25.53, 2171, 61
1791649913.940661,25.62, 2171, 61
1791649914.941149,25.78, 2171, 61
1791649915.941329,25.36, 2171, 61
1791649916.941757,25.51, 2171, 61
1791649917.941965,25.53, 2171, 61
1791649918.942148,25.57, 2171, 61
1791649919.942364,25.59, 2171, 61
1791649920.942571,25.57, 2171, 61
1791649921.942467,25.74, 2171, 61
1791649922.942663,26.03, 2171, 61
1791649923.943112,25.58, 2171, 61
1791649924.943657,25.47, 2171, 61
1791649925.943529,25.54, 2171, 61
1791649926.944013,25.75, 2171, 61
1791649927.944253,25.55, 2171, 61
1791649928.944348,25.69, 2171, 61
1791649929.944632,25.94, 2171, 61
1791649930.944809,25.95, 2171, 61
1791649931.945073,25.95, 2171, 61
1791649932.945236,25.98, 2171, 61
1791649933.945318,25.40, 2171, 61
1791649934.945392,25.60, 2171, 61
1791649935.945779,25.70, 2171, 61
1791649936.945553,25.94, 2171, 61
1791649937.946048,25.97, 2171, 61
1791649938.946326,25.84, 2171, 61
1791649939.946742,25.58, 2171, 61
1791649940.946945,25.61, 2171, 61
1791649941.947127,25.60, 2171, 61
1791649942.947358,25.79, 2171, 62
1791649943.947559,25.68, 2171, 61
1791649944.947767,25.78, 2171, 61
1791649945.947876,25.81, 2171, 61
1791649946.948207,25.95, 2171, 61
1791649947.948425,25.59, 2171, 61
1791649948.948905,25.63, 2171, 61
1791649949.949139,25.86, 2171, 61
1791649950.949116,25.69, 2171, 61
1791649951.949292,25.75, 2171, 61
1791649952.949396,25.75, 2171, 61
1791649953.949919,25.79, 2171, 61
1791649954.949824,25.85, 2171, 61
1791649955.950206,25.52, 2171, 61
1791649956.950006,25.67, 2171, 61
1791649957.950489,25.87, 2171, 62
1791649958.950694,25.77, 2171, 61
1791649959.950911,25.59, 2171, 61
1791649960.950748,25.61, 2171, 61
1791649961.950979,25.59, 2171, 62
1791649962.951338,25.64, 2171, 61
1791649963.951541,25.67, 2171, 61
1791649964.951508,25.84, 2171, 61
1791649965.951887,26.14, 2171, 61
1791649966.952003,25.55, 2171, 61
1791649967.952362,25.58, 2171, 61
1791649968.952330,25.58, 2171, 62
1791649969.952791,25.60, 2171, 61
1791649970.952743,25.61, 2171, 61
1791649971.953129,26.36, 2171, 61
1791649972.953373,25.77, 2171, 61
1791649973.953646,25.88, 2171, 62
1791649974.953840,25.58, 2171, 61
1791649975.954071,25.55, 2171, 61
1791649976.954301,25.60, 2171, 61
1791649977.954741,25.60, 2171, 61
1791649978.954716,25.76, 2171, 61
1791649979.955221,25.95, 2171, 62
1791649980.955363,25.87, 2171, 61
1791649981.955355,25.52, 2171, 61
1791649982.955559,25.57, 2171, 62
1791649983.955725,25.61, 2171, 61
1791649984.956296,25.57, 2171, 61
1791649985.956134,25.69, 2171, 61
1791649986.956597,25.79, 2171, 61
1791649987.956790,25.55, 2171, 61
1791649988.957006,25.63, 2171, 61
1791649989.956881,25.64, 2171, 61
1791649990.957034,25.64, 2171, 61
1791649991.957181,25.83, 2171, 61
1791649992.957779,25.66, 2171, 61
1791649993.957738,25.88, 2171, 62
1791649994.958229,25.94, 2171, 61
1791649995.958781,25.62, 2171, 61
1791649996.958997,25.59, 2171, 61
1791649997.959242,25.60, 2171, 61
1791649998.959460,25.90, 2171, 61
1791649999.959756,25.63, 2171, 61
1791650000.959950,25.83, 2171, 61
1791650001.960146,25.97, 2171, 62
1791650002.960398,26.25, 2171, 62
1791650003.960281,25.57, 2171, 61
1791650004.960765,25.59, 2171, 61
1791650005.960639,25.58, 2171, 61
1791650006.960948,25.60, 2171, 61
1791650007.961412,25.84, 2171, 61
1791650008.961671,25.98, 2171, 61
1791650009.962161,26.46, 2171, 62
1791650010.962583,25.82, 2171, 61
1791650011.963037,25.56, 2171, 61
1791650012.963163,25.56, 2171, 61
1791650013.963261,25.59, 2171, 61
1791650014.963467,25.80, 2171, 61
1791650015.963689,26.01, 2171, 61
1791650016.963904,26.01, 2171, 61
1791650017.964343,25.60, 2171, 61
1791650018.964565,25.56, 2171, 61
1791650019.965027,25.75, 2171, 61
1791650020.965136,25.56, 2171, 61
1791650021.965474,25.71, 2171, 61
1791650022.965677,25.93, 2171, 62
1791650023.966134,25.98, 2171, 61
1791650024.966287,25.62, 2171, 61
1791650025.966716,25.65, 2171, 61
1791650026.967179,25.68, 2171, 61
1791650027.967468,25.66, 2171, 61
1791650028.967685,25.78, 2171, 61
1791650029.967896,26.09, 2171, 61
1791650030.968096,25.64, 2171, 62
1791650031.968322,25.88, 2171, 61
1791650032.968514,25.77, 2171, 62
1791650033.968969,25.62, 2171, 61
1791650034.969207,25.65, 2171, 61
1791650035.969308,25.63, 2171, 61
1791650036.969799,25.86, 2171, 62
1791650037.970090,26.01, 2171, 62
1791650038.970013,26.17, 2171, 62
1791650039.970505,25.58, 2171, 61
1791650040.970693,25.61, 2171, 61
1791650041.970459,25.62, 2171, 61
1791650042.971005,25.63, 2171, 61
1791650043.971515,25.88, 2171, 62
1791650044.971520,26.42, 2171, 62
1791650045.972101,25.65, 2171, 61
1791650046.972341,25.64, 2171, 62
1791650047.972487,25.68, 2171, 62
1791650048.972952,25.67, 2171, 61
1791650049.973461,25.66, 2171, 62
1791650050.973975,25.96, 2171, 61
1791650051.974050,25.76, 2171, 62
1791650052.974270,25.76, 2171, 62
1791650053.974396,25.73, 2171, 62
1791650054.974792,25.75, 2171, 62
1791650055.975146,25.88, 2171, 62
1791650056.975692,25.94, 2171, 62
1791650057.975793,25.72, 2171, 62
1791650058.976301,25.98, 2171, 62
1791650059.976525,25.99, 2171, 62
1791650060.976722,25.99, 2171, 62
1791650061.976955,26.03, 2171, 62
1791650062.977109,26.06, 2171, 62
1791650063.977342,25.92, 2171, 62
1791650064.977822,25.72, 2171, 62
1791650065.978070,25.97, 2171, 62
1791650066.978270,26.03, 2171, 62
1791650067.978481,26.05, 2171, 62
1791650068.978586,26.03, 2171, 62
1791650069.978779,26.14, 2171, 62
1791650070.978983,25.61, 2171, 62
1791650071.979098,25.73, 2171, 62
1791650072.979308,25.98, 2171, 62
1791650073.979411,26.06, 2171, 62
1791650074.979662,26.07, 2171, 62
1791650075.979895,26.10, 2171, 62
1791650076.980206,25.99, 2171, 62
1791650077.980520,25.68, 2171, 62
1791650078.980951,23.54, 2171, 61
1791650079.981076,22.70, 2171, 60
1791650080.981302,22.62, 2171, 61
1791650081.981494,23.51, 2171, 61
1791650082.981977,23.78, 2171, 61
1791650083.982133,23.06, 2171, 61
1791650084.982325,22.78, 2171, 61
1791650085.982800,24.05, 2171, 61
1791650086.982992,25.82, 2171, 61
1791650087.983202,25.95, 2171, 61
1791650088.983417,26.01, 2171, 61
1791650089.983528,25.59, 2171, 61
1791650090.983617,25.59, 2171, 61
1791650091.984116,25.62, 2171, 61
1791650092.984244,25.76, 2171, 61
1791650093.984494,25.78, 2171, 61
1791650094.984955,25.90, 2171, 62
1791650095.985090,25.94, 2171, 62
1791650096.985199,25.90, 2171, 62
1791650097.985315,25.95, 2171, 62
1791650098.985553,26.00, 2171, 62
1791650099.985744,25.97, 2171, 62
1791650100.985976,25.73, 2171, 62
1791650101.986178,25.90, 2171, 62
1791650102.986411,26.07, 2171, 62
1791650103.986533,25.70, 2171, 62
1791650104.986760,25.57, 2171, 62
1791650105.986968,25.59, 2171, 62
1791650106.987207,25.58, 2171, 62
1791650107.987493,25.87, 2171, 62
1791650108.987713,25.95, 2171, 62
1791650109.987952,25.94, 2171, 62
1791650110.988415,25.88, 2171, 62
1791650111.988612,25.92, 2171, 62
1791650112.989080,25.97, 2171, 62
1791650113.989325,25.92, 2171, 62
1791650114.989552,25.71, 2171, 62
1791650115.989688,25.90, 2171, 62
1791650116.989867,25.98, 2171, 62
1791650117.990008,26.04, 2171, 62
1791650118.990636,25.98, 2171, 62
1791650119.991451,25.64, 2171, 62
1791650120.991543,25.63, 2171, 62
1791650121.991852,25.62, 2171, 62
1791650122.991960,25.86, 2171, 62
1791650123.992448,25.82, 2171, 62
1791650124.992744,25.60, 2171, 62
1791650125.993176,25.63, 2171, 62
1791650126.994049,25.63, 2171, 62
1791650127.994054,25.91, 2171, 62
1791650128.994887,25.57, 2171, 62
1791650129.995637,25.82, 2171, 62
1791650130.996351,25.92, 2171, 62
1791650131.996479,25.55, 2171, 62
1791650132.997242,25.58, 2171, 62
1791650133.997276,25.60, 2171, 62
1791650134.997368,25.80, 2171, 61
1791650135.997488,25.63, 2171, 62
1791650136.997569,25.78, 2171, 62
1791650137.998355,25.98, 2171, 62
1791650138.999055,26.03, 2171, 62
1791650139.998998,25.57, 2171, 62
1791650140.999524,25.58, 2171, 62
1791650142.000313,25.59, 2171, 62
1791650143.000457,25.63, 2171, 62
1791650144.001221,25.78, 2171, 62
1791650145.001421,26.06, 2171, 62
1791650146.001540,26.40, 2171, 62
1791650147.002224,25.59, 2171, 62
1791650148.002848,25.58, 2171, 62
1791650149.002914,25.62, 2171, 62
1791650150.003039,25.65, 2171, 62
1791650151.003968,25.75, 2171, 62
1791650152.004384,26.00, 2171, 62
1791650153.004863,26.55, 2171, 62
1791650154.004988,25.67, 2171, 62
1791650155.005653,25.78, 2171, 62
1791650156.005745,25.59, 2171, 61
1791650157.006643,25.61, 2171, 62
1791650158.006690,25.69, 2171, 62
1791650159.007004,25.91, 2171, 62
1791650160.007616,26.02, 2171, 62
1791650161.007739,26.22, 2171, 62
1791650162.008642,25.48, 2171, 62
1791650163.009452,25.59, 2171, 62
1791650164.009483,25.60, 2171, 62
1791650165.009620,25.67, 2171, 62
1791650166.010522,25.89, 2171, 62
1791650167.011229,26.11, 2171, 62
1791650168.011884,25.56, 2171, 62
1791650169.011981,25.60, 2171, 62
1791650170.012796,25.61, 2171, 62
1791650171.013383,25.64, 2171, 62
1791650172.013630,25.86, 2171, 62
1791650173.013767,25.88, 2171, 62
1791650174.013881,26.06, 2171, 62
1791650175.014788,26.00, 2171, 62
1791650176.015608,25.70, 2171, 62
1791650177.015727,25.66, 2171, 62
1791650178.016594,25.66, 2171, 62
1791650179.016807,25.90, 2171, 62
1791650180.017272,25.86, 2171, 62
1791650181.017475,26.03, 2171, 62
1791650182.018291,26.02, 2171, 62
1791650183.018583,26.35, 2171, 62
1791650184.018658,25.58, 2171, 62
1791650185.019324,25.60, 2171, 62
1791650186.019954,25.69, 2171, 62
1791650187.020613,25.80, 2171, 62
1791650188.021352,26.08, 2171, 62
1791650189.021527,26.55, 2171, 62
1791650190.021705,25.91, 2171, 62
1791650191.022721,25.64, 2171, 62
1791650192.022692,25.63, 2171, 62
1791650193.023468,25.67, 2171, 62
1791650194.023491,25.79, 2171, 62
1791650195.023708,26.01, 2171, 62
1791650196.023825,26.09, 2171, 62
1791650197.024125,25.58, 2171, 62
1791650198.024206,25.62, 2171, 62
1791650199.024319,25.83, 2171, 62
1791650200.024916,25.59, 2171, 62
1791650201.025662,25.68, 2171, 62
1791650202.025957,25.90, 2171, 62
1791650203.026044,25.92, 2171, 62
1791650204.026226,25.61, 2171, 62
1791650205.026567,25.61, 2171, 62
1791650206.026967,25.60, 2171, 62
1791650207.027795,25.63, 2171, 62
1791650208.027949,25.68, 2171, 62
1791650209.028779,26.08, 2171, 62
1791650210.028902,25.64, 2171, 62
1791650211.029813,25.62, 2171, 62
1791650212.030564,25.94, 2171, 62
1791650213.030589,25.57, 2171, 62
1791650214.030718,25.66, 2171, 62
1791650215.030805,25.69, 2171, 62
1791650216.031681,25.86, 2171, 62
1791650217.031756,26.01, 2171, 62
1791650218.032086,26.22, 2171, 62
1791650219.032199,25.58, 2171, 62
1791650220.032413,25.61, 2171, 62
1791650221.032523,25.63, 2171, 62
1791650222.032682,25.55, 2171, 62
1791650223.032815,25.79, 2171, 62
1791650224.032949,25.95, 2171, 62
1791650225.033114,26.36, 2171, 62
1791650226.033218,25.54, 2171, 62
1791650227.033300,25.55, 2171, 62
1791650228.034178,25.57, 2171, 62
1791650229.034345,25.61, 2171, 62
1791650230.035061,25.75, 2171, 62
1791650231.035672,26.00, 2171, 62
1791650232.035752,26.14, 2171, 62
1791650233.035860,25.66, 2171, 62
1791650234.035992,25.62, 2171, 62
1791650235.036873,25.61, 2171, 62
1791650236.036899,25.60, 2171, 62
1791650237.037797,25.73, 2171, 62
1791650238.037980,26.08, 2171, 62
1791650239.038160,25.58, 2171, 62
1791650240.038312,25.58, 2171, 62
1791650241.038579,25.61, 2171, 62
1791650242.038730,25.62, 2171, 62
1791650243.039313,25.58, 2171, 62
1791650244.039466,25.63, 2171, 62
1791650245.039677,25.84, 2171, 62
1791650246.040617,25.56, 2171, 62
1791650247.040414,25.58, 2171, 62
1791650248.041759,25.59, 2171, 62
1791650249.041417,25.63, 2171, 62
1791650250.042512,25.57, 2171, 62
1791650251.042071,25.68, 2171, 62
1791650252.043437,25.70, 2171, 62
1791650253.043119,25.76, 2171, 62
1791650254.043246,25.76, 2171, 62
1791650255.043430,25.70, 2171, 62
1791650256.044606,25.74, 2171, 62
1791650257.044266,25.78, 2171, 62
1791650258.045246,25.07, 2171, 61
1791650259.044978,29.21, 2184, 62
1791650260.045736,30.61, 2184, 62
1791650261.045504,30.35, 2184, 62
1791650262.045740,30.52, 2184, 63
1791650263.046394,30.37, 2184, 63
1791650264.047278,30.47, 2184, 63
1791650265.047815,30.33, 2184, 63
1791650266.048448,30.48, 2184, 63
1791650267.048775,30.62, 2184, 63
1791650268.048790,30.64, 2184, 63
1791650269.049387,30.48, 2184, 63
1791650270.049729,30.18, 2184, 63
1791650271.050201,30.66, 2184, 63
1791650272.050410,30.30, 2184, 63
1791650273.051049,30.48, 2184, 63
1791650274.051875,30.52, 2184, 63
1791650275.052661,30.60, 2184, 63
1791650276.053574,30.78, 2184, 63
1791650277.054025,30.44, 2184, 63
1791650278.054809,30.39, 2184, 63
1791650279.055616,30.57, 2184, 63
1791650280.056451,30.71, 2184, 64
1791650281.056595,30.52, 2184, 63
1791650282.057420,30.57, 2184, 63
1791650283.058217,30.56, 2184, 63
1791650284.058974,30.61, 2184, 63
1791650285.059800,30.56, 2184, 63
1791650286.060376,30.48, 2184, 63
1791650287.061322,30.49, 2184, 64
1791650288.061815,30.53, 2184, 64
1791650289.062484,30.57, 2184, 64
1791650290.063191,30.45, 2184, 64
1791650291.063974,30.59, 2184, 64
1791650292.064278,30.68, 2184, 64
1791650293.064712,30.53, 2184, 64
1791650294.065372,30.53, 2184, 64
1791650295.065549,30.18, 2184, 64
1791650296.066067,30.86, 2184, 64
1791650297.066504,30.58, 2184, 64
1791650298.067013,30.61, 2184, 64
1791650299.067487,30.71, 2184, 64
1791650300.068012,30.64, 2184, 64
1791650301.068178,30.68, 2184, 64
1791650302.068369,31.06, 2184, 64
1791650303.068848,30.81, 2184, 64
1791650304.068984,30.78, 2184, 64
1791650305.069229,30.15, 2184, 64
1791650306.069467,30.68, 2184, 64
1791650307.069581,30.68, 2184, 64
1791650308.069686,30.70, 2184, 64
1791650309.069706,30.67, 2184, 64
1791650310.069804,30.72, 2184, 64
1791650311.070018,30.73, 2184, 64
1791650312.070140,30.59, 2184, 64
1791650313.070268,30.67, 2184, 64
1791650314.070366,30.80, 2184, 64
1791650315.070604,30.46, 2184, 64
1791650316.071102,31.19, 2184, 64
1791650317.071416,30.50, 2184, 64
1791650318.071518,29.88, 2184, 64
1791650319.072103,29.91, 2184, 64
1791650320.072197,29.89, 2184, 64
1791650321.072508,29.74, 2184, 64
1791650322.073004,29.51, 2184, 64
1791650323.073517,29.42, 2184, 64
1791650324.073595,28.82, 2184, 64
1791650325.074056,28.58, 2184, 64
1791650326.074549,28.44, 2184, 64
1791650327.075056,29.17, 2184, 64
1791650328.075570,30.72, 2184, 64
1791650329.075695,30.70, 2184, 64
1791650330.075805,30.80, 2184, 64
1791650331.076233,30.66, 2184, 64
1791650332.076438,30.83, 2184, 64
1791650333.076664,30.80, 2184, 64
1791650334.076954,30.70, 2184, 64
1791650335.077440,30.83, 2184, 64
1791650336.077781,30.93, 2184, 65
1791650337.078227,30.63, 2184, 64
1791650338.078553,30.73, 2184, 64
1791650339.078971,30.62, 2184, 65
1791650340.079219,30.52, 2184, 64
1791650341.079704,30.75, 2184, 65
1791650342.079831,30.60, 2184, 65
1791650343.080343,30.79, 2184, 65
1791650344.080534,30.73, 2184, 65
1791650345.080997,31.04, 2184, 65
1791650346.081325,30.36, 2184, 65
1791650347.081570,30.69, 2184, 65
1791650348.081852,30.73, 2184, 65
1791650349.082074,30.60, 2184, 65
1791650350.082258,30.71, 2184, 65
1791650351.082409,30.72, 2184, 65
1791650352.082854,30.78, 2184, 65
1791650353.083429,30.86, 2184, 65
1791650354.083614,30.85, 2184, 65
1791650355.083823,30.73, 2184, 65
1791650356.084300,30.74, 2184, 65
1791650357.084586,30.79, 2184, 65
1791650358.084780,30.77, 2184, 65
1791650359.084982,30.83, 2184, 65
1791650360.085156,30.96, 2184, 65
1791650361.085538,30.59, 2184, 65
1791650362.086032,30.86, 2184, 65
1791650363.086438,30.58, 2184, 65
1791650364.086764,30.65, 2184, 65
1791650365.086931,30.76, 2184, 65
1791650366.087366,30.87, 2184, 65
1791650367.087496,31.04, 2184, 65
1791650368.087609,31.17, 2184, 65
1791650369.087982,31.05, 2184, 65
1791650370.088273,30.90, 2184, 65
1791650371.088593,31.04, 2184, 65
1791650372.088833,30.46, 2184, 65
1791650373.089028,30.69, 2184, 65
1791650374.089332,30.96, 2184, 65
1791650375.089589,30.97, 2184, 65
1791650376.089810,30.96, 2184, 65
1791650377.090047,30.78, 2184, 65
1791650378.090521,30.76, 2184, 65
1791650379.090776,30.71, 2184, 65
1791650380.090889,31.50, 2184, 65
1791650381.091317,31.75, 2184, 65
1791650382.091328,31.79, 2184, 65
1791650383.091867,31.76, 2184, 65
1791650384.092400,31.58, 2184, 65
1791650385.092856,31.47, 2184, 65
1791650386.092974,30.96, 2184, 65
1791650387.093458,28.61, 2184, 65
1791650388.093575,28.22, 2184, 64
1791650389.094070,26.71, 2184, 63
1791650390.094260,26.12, 2184, 64
1791650391.094504,25.85, 2184, 64
1791650392.094660,26.12, 2184, 64
1791650393.094918,25.25, 2184, 64
1791650394.095467,29.62, 2184, 65
1791650395.095954,30.95, 2184, 65
1791650396.096397,30.92, 2184, 65
1791650397.096865,30.80, 2184, 65
1791650398.097314,30.81, 2184, 65
1791650399.097589,30.75, 2184, 65
1791650400.097683,30.77, 2184, 65
1791650401.098059,30.74, 2184, 65
1791650402.098291,30.86, 2184, 65
1791650403.098506,30.96, 2184, 65
1791650404.098602,30.83, 2184, 65
1791650405.099061,30.67, 2184, 65
1791650406.099497,30.75, 2184, 65
1791650407.099964,30.68, 2184, 65
1791650408.100123,30.78, 2184, 65
1791650409.100567,30.88, 2184, 65
1791650410.101490,31.12, 2184, 65
1791650411.101570,30.74, 2184, 65
1791650412.102530,30.56, 2184, 65
1791650413.102653,30.75, 2184, 65
1791650414.103419,30.76, 2184, 65
1791650415.104286,30.82, 2184, 65
1791650416.105146,30.79, 2184, 65
1791650417.105661,30.85, 2184, 65
1791650418.106359,30.91, 2184, 65
1791650419.107061,30.79, 2184, 65
1791650420.107876,30.86, 2184, 65
1791650421.108529,30.76, 2184, 65
1791650422.108844,30.82, 2184, 65
1791650423.109549,30.90, 2184, 65
1791650424.110341,30.56, 2184, 65
1791650425.111238,30.82, 2184, 65
1791650426.111680,30.92, 2184, 65
1791650427.112550,30.92, 2184, 65
1791650428.113164,30.86, 2184, 65
1791650429.113322,30.81, 2184, 65
1791650430.114242,30.89, 2184, 65
1791650431.114961,30.97, 2184, 65
1791650432.114972,30.94, 2184, 65
1791650433.115883,31.23, 2184, 65
1791650434.116721,30.86, 2184, 65
1791650435.117308,30.40, 2184, 65
1791650436.118010,30.85, 2184, 65
1791650437.118127,30.73, 2184, 65
1791650438.119068,30.83, 2184, 65
1791650439.119491,30.96, 2184, 65
1791650440.119881,31.03, 2184, 65
1791650441.120025,31.11, 2184, 65
1791650442.120267,30.78, 2184, 65
1791650443.120503,30.77, 2184, 65
1791650444.120728,30.73, 2184, 65
1791650445.121248,31.28, 2184, 65
1791650446.121533,31.48, 2184, 65
1791650447.121725,31.23, 2184, 65
1791650448.122261,31.24, 2184, 65
1791650449.122511,30.02, 2184, 65
1791650450.123054,29.94, 2184, 65
1791650451.123565,29.96, 2184, 65
1791650452.124090,29.71, 2184, 65
1791650453.124286,28.82, 2184, 65
1791650454.124573,28.81, 2184, 65
1791650455.125074,28.61, 2184, 64
