1791641100.991016,9.84, 2190, 44
1791641101.991221,9.86, 2190, 44
1791641102.991782,9.97, 2190, 44
1791641103.991864,10.22, 2190, 44
1791641104.992078,10.28, 2190, 44
1791641105.992771,9.97, 2190, 44
1791641106.993170,9.35, 2190, 44
1791641107.993447,6.15, 305, 44
1791641108.993740,6.14, 305, 44
1791641109.994415,6.14, 305, 44
1791641110.994978,5.70, 305, 44
1791641111.996011,5.54, 305, 43
1791641112.996182,5.50, 305, 43
1791641113.996842,5.50, 305, 43
1791641114.997402,5.43, 305, 43
1791641115.997354,5.39, 208, 43
1791641116.998211,5.41, 305, 43
1791641117.998615,5.42, 208, 43
1791641118.999240,5.44, 286, 43
1791641119.999877,5.54, 305, 43
1791641121.000260,5.54, 305, 43
1791641122.000891,5.42, 305, 43
1791641123.000937,5.41, 208, 43
1791641124.001469,5.43, 305, 43
1791641125.001344,5.48, 208, 43
1791641126.001541,5.50, 221, 43
1791641127.001534,5.62, 305, 43
1791641128.001829,5.62, 305, 43
1791641129.001829,5.51, 305, 43
1791641130.003164,5.48, 208, 43
1791641131.003250,5.50, 305, 43
1791641132.003672,5.47, 208, 43
1791641133.003637,5.46, 208, 43
1791641134.003942,5.65, 305, 43
1791641135.004142,5.65, 305, 43
1791641136.004140,5.56, 305, 43
1791641137.004410,5.53, 208, 43
1791641138.004595,5.57, 305, 43
1791641139.004783,5.57, 208, 43
1791641140.004992,5.58, 305, 43
1791641141.005494,5.61, 305, 43
1791641142.006060,5.69, 305, 43
1791641143.006688,5.69, 305, 44
1791641144.007113,5.52, 305, 43
1791641145.007679,5.51, 208, 43
1791641146.008278,5.53, 305, 43
1791641147.008652,5.51, 208, 43
1791641148.009399,5.58, 305, 43
1791641149.008908,5.69, 312, 43
1791641150.009135,5.72, 312, 44
1791641151.009659,5.72, 312, 44
1791641152.010174,5.57, 305, 44
1791641153.010388,5.56, 208, 44
1791641154.010978,5.58, 305, 44
1791641155.011102,5.59, 305, 44
1791641156.011772,5.69, 305, 44
1791641157.012245,5.69, 305, 44
1791641158.012842,5.58, 305, 44
1791641159.013426,5.56, 208, 44
1791641160.013828,5.57, 305, 44
1791641161.014833,5.52, 208, 44
1791641162.015303,5.59, 286, 44
1791641163.015905,5.70, 305, 44
1791641164.015940,5.70, 305, 44
1791641165.016587,5.56, 305, 44
1791641166.016594,7.25, 2190, 44
1791641167.017169,10.23, 2190, 45
1791641168.017409,10.46, 2190, 45
1791641169.017833,10.41, 2190, 45
1791641170.017817,10.40, 2190, 45
1791641171.018180,10.41, 2190, 45
1791641172.018392,10.42, 2190, 45
1791641173.018493,10.40, 2190, 45
1791641174.018971,10.40, 2190, 45
1791641175.019242,10.42, 2190, 45
1791641176.019467,10.42, 2190, 45
1791641177.019941,10.43, 2190, 45
1791641178.020079,10.43, 2190, 45
1791641179.021116,10.19, 2190, 45
1791641180.020693,9.91, 2190, 45
1791641181.021092,9.90, 2190, 45
1791641182.021309,10.02, 2190, 45
1791641183.022578,9.94, 2190, 45
1791641184.022664,10.03, 2190, 45
1791641185.022772,9.91, 2190, 45
1791641186.022968,9.90, 2190, 45
1791641187.023170,9.90, 2190, 45
1791641188.023407,9.91, 2190, 45
1791641189.023605,9.90, 2190, 45
1791641190.023699,9.91, 2190, 45
1791641191.023924,9.92, 2190, 45
1791641192.023980,9.92, 2190, 45
1791641193.024178,9.94, 2190, 45
1791641194.024409,9.92, 2190, 45
1791641195.024600,9.93, 2190, 45
1791641196.024799,9.94, 2190, 45
1791641197.025022,9.93, 2190, 45
1791641198.025230,9.93, 2190, 45
1791641199.025315,9.94, 2190, 45
1791641200.025541,9.95, 2190, 45
1791641201.025662,9.94, 2190, 45
1791641202.025636,9.97, 2190, 45
1791641203.025875,9.96, 2190, 46
1791641204.025987,9.98, 2190, 46
1791641205.026036,9.98, 2190, 46
1791641206.026241,9.98, 2190, 46
1791641207.026573,9.98, 2190, 46
1791641208.026647,10.01, 2190, 46
1791641209.027018,10.00, 2190, 46
1791641210.027129,10.00, 2190, 46
1791641211.027419,10.01, 2190, 46
1791641212.027745,10.00, 2190, 46
1791641213.027849,10.01, 2190, 46
1791641214.028381,10.59, 2190, 46
1791641215.028543,12.81, 2190, 46
1791641216.029127,11.95, 2190, 46
1791641217.029884,10.18, 2190, 46
1791641218.030093,10.43, 2190, 46
1791641219.030906,15.10, 2177, 47
1791641220.031217,10.05, 2190, 46
1791641221.031428,9.99, 2190, 46
1791641222.032020,10.00, 2190, 46
1791641223.032987,9.99, 2190, 46
1791641224.032645,9.99, 2190, 46
1791641225.032660,10.98, 2190, 46
1791641226.033160,25.92, 2190, 50
1791641227.033290,20.89, 2190, 48
1791641228.034062,17.38, 2190, 48
1791641229.033841,18.21, 2190, 48
1791641230.033984,18.47, 2190, 49
1791641231.034144,32.94, 2184, 52
1791641232.034532,26.74, 2190, 54
1791641233.034672,23.49, 2184, 49
1791641234.034885,13.64, 2190, 48
1791641235.035095,10.18, 2190, 48
1791641236.035317,10.13, 2190, 48
1791641237.035529,10.13, 2190, 48
1791641238.035619,10.14, 2190, 48
1791641239.035753,24.50, 2190, 57
1791641240.035920,57.25, 2184, 53
1791641241.036824,61.48, 2184, 60
1791641242.036304,62.53, 2177, 61
1791641243.036459,58.27, 2184, 58
1791641244.036956,63.04, 2177, 61
1791641245.037066,62.09, 2177, 57
1791641246.037253,59.64, 2177, 61
1791641247.037436,63.25, 2177, 62
1791641248.037614,60.32, 2177, 57
1791641249.038179,60.64, 2177, 62
1791641250.038233,63.42, 2177, 63
1791641251.038239,16.73, 2190, 52
1791641252.038447,11.39, 2190, 54
1791641253.038913,33.89, 2177, 56
1791641254.039052,36.31, 2184, 54
1791641255.039308,13.11, 2190, 52
1791641256.040099,12.54, 2184, 53
1791641257.040435,24.25, 2184, 56
1791641258.040832,34.33, 2184, 56
1791641259.041644,34.72, 2184, 56
1791641260.041861,33.34, 2184, 56
1791641261.041993,31.57, 2184, 57
1791641262.042172,30.20, 2184, 53
1791641263.042353,10.80, 2190, 52
1791641264.042558,12.16, 2190, 52
1791641265.042772,12.68, 2190, 52
1791641266.042989,12.58, 2190, 52
1791641267.043187,11.92, 2190, 51
1791641268.043395,11.53, 2190, 52
1791641269.043603,12.84, 2190, 51
1791641270.043723,12.30, 2190, 51
1791641271.043800,15.27, 2190, 52
1791641272.043899,12.39, 2190, 51
1791641273.044022,10.41, 2190, 51
1791641274.044098,10.38, 2190, 51
1791641275.044193,10.39, 2190, 50
1791641276.044295,10.39, 2190, 50
1791641277.045006,10.39, 2190, 50
1791641278.045143,10.35, 2190, 50
1791641279.045349,10.36, 2190, 50
1791641280.045831,10.35, 2190, 50
1791641281.046172,10.36, 2190, 50
1791641282.046403,10.36, 2190, 50
1791641283.046799,10.32, 2190, 50
1791641284.047045,10.31, 2190, 50
1791641285.047227,10.33, 2190, 50
1791641286.048182,10.30, 2190, 50
1791641287.048219,10.27, 2190, 50
1791641288.048256,10.25, 2190, 49
1791641289.048352,10.26, 2190, 49
1791641290.048467,12.80, 2190, 49
1791641291.049644,10.27, 2190, 49
1791641292.050208,10.25, 2190, 49
1791641293.050603,10.25, 2190, 49
1791641294.051203,10.21, 2190, 49
1791641295.051883,10.20, 2190, 49
1791641296.052437,10.19, 2190, 49
1791641297.052918,10.20, 2190, 49
1791641298.053737,10.19, 2190, 49
1791641299.054381,10.18, 2190, 48
1791641300.055215,10.18, 2190, 48
1791641301.055791,10.12, 2190, 48
1791641302.056035,10.13, 2190, 48
1791641303.056689,10.13, 2190, 48
1791641304.057556,10.10, 2190, 48
1791641305.057806,10.10, 2190, 48
1791641306.058801,10.10, 2190, 48
1791641307.059110,10.11, 2190, 48
1791641308.059191,10.11, 2190, 48
1791641309.059297,10.09, 2190, 48
1791641310.059396,10.11, 2190, 48
1791641311.059464,10.10, 2190, 48
1791641312.059547,10.09, 2190, 48
1791641313.059636,10.10, 2190, 48
1791641314.059726,10.08, 2190, 47
1791641315.060153,10.09, 2190, 47
1791641316.060138,10.07, 2190, 47
1791641317.060601,10.06, 2190, 47
1791641318.060899,10.06, 2190, 47
1791641319.060951,10.08, 2190, 47
1791641320.061380,10.06, 2190, 47
1791641321.061462,10.04, 2190, 47
1791641322.061637,10.05, 2190, 47
1791641323.062449,10.05, 2190, 47
1791641324.062916,10.05, 2190, 47
1791641325.062899,10.06, 2190, 47
1791641326.063918,10.05, 2190, 47
1791641327.063872,10.03, 2190, 47
1791641328.064487,10.03, 2190, 47
1791641329.065759,10.03, 2190, 47
1791641330.066119,10.02, 2190, 47
1791641331.066296,10.02, 2190, 47
1791641332.066907,10.02, 2190, 47
1791641333.067559,10.03, 2190, 47
1791641334.067824,10.04, 2190, 47
1791641335.068481,10.03, 2190, 47
1791641336.069440,10.02, 2190, 47
1791641337.070172,10.01, 2190, 46
1791641338.070764,10.02, 2190, 46
1791641339.071206,10.02, 2190, 46
1791641340.071822,10.01, 2190, 46
1791641341.072452,10.00, 2190, 46
1791641342.072843,9.99, 2190, 46
1791641343.073410,10.02, 2190, 46
1791641344.074036,9.99, 2190, 46
1791641345.074289,10.00, 2190, 46
1791641346.075214,9.99, 2190, 46
1791641347.075469,10.00, 2190, 46
1791641348.075950,9.99, 2190, 46
1791641349.076432,9.98, 2190, 46
1791641350.077116,9.99, 2190, 46
1791641351.077560,9.97, 2190, 46
1791641352.077926,9.99, 2190, 46
1791641353.078981,9.98, 2190, 46
1791641354.079575,9.98, 2190, 46
1791641355.080018,9.99, 2190, 46
1791641356.080492,9.97, 2190, 46
1791641357.081238,9.97, 2190, 46
1791641358.081673,9.97, 2190, 46
1791641359.082091,9.96, 2190, 46
1791641360.082434,9.96, 2190, 46
1791641361.083595,9.97, 2190, 46
1791641362.084030,9.97, 2190, 46
1791641363.085110,9.96, 2190, 46
1791641364.085270,9.95, 2190, 46
1791641365.086319,9.95, 2190, 46
1791641366.086280,9.95, 2190, 46
1791641367.086873,9.96, 2190, 46
1791641368.087271,9.95, 2190, 46
1791641369.087879,9.94, 2190, 46
1791641370.088572,9.94, 2190, 46
1791641371.089187,9.94, 2190, 46
1791641372.089422,9.94, 2190, 46
1791641373.090040,9.94, 2190, 46
1791641374.091168,9.93, 2190, 46
1791641375.092169,9.94, 2190, 46
1791641376.092735,9.95, 2190, 46
1791641377.093662,9.94, 2190, 46
1791641378.094428,9.94, 2190, 46
1791641379.094712,9.92, 2190, 46
1791641380.095342,9.93, 2190, 46
1791641381.095388,9.93, 2190, 46
1791641382.095454,9.93, 2190, 46
1791641383.095913,9.94, 2190, 46
1791641384.096501,9.93, 2190, 45
1791641385.096935,9.93, 2190, 46
1791641386.098180,9.92, 2190, 45
1791641387.098411,9.92, 2190, 45
1791641388.099047,9.92, 2190, 45
1791641389.099239,9.92, 2190, 45
1791641390.099929,9.90, 2190, 45
1791641391.100520,9.90, 2190, 45
1791641392.101469,9.90, 2190, 45
1791641393.101866,9.91, 2190, 45
1791641394.102742,9.91, 2190, 45
1791641395.103511,9.90, 2190, 45
1791641396.103840,9.90, 2190, 45
1791641397.104279,9.90, 2190, 45
1791641398.106119,9.91, 2190, 45
1791641399.105814,9.92, 2190, 45
1791641400.105960,9.90, 2190, 45
1791641401.106605,9.91, 2190, 45
1791641402.106793,9.91, 2190, 45
1791641403.107777,9.93, 2190, 45
1791641404.107899,9.92, 2190, 45
1791641405.108503,9.91, 2190, 45
1791641406.109439,9.90, 2190, 45
1791641407.109989,9.91, 2190, 45
1791641408.110221,9.91, 2190, 45
1791641409.110657,9.90, 2190, 45
1791641410.111267,9.89, 2190, 45
1791641411.111416,9.87, 2190, 45
1791641412.112041,9.88, 2190, 45
1791641413.113362,9.89, 2190, 45
1791641414.113069,9.89, 2190, 45
1791641415.113694,9.89, 2190, 45
1791641416.114339,9.90, 2190, 45
1791641417.115257,9.89, 2190, 45
1791641418.114866,9.89, 2190, 45
1791641419.115056,9.90, 2190, 45
1791641420.115256,9.90, 2190, 45
1791641421.115462,9.90, 2190, 45
1791641422.115871,9.89, 2190, 45
1791641423.116057,9.89, 2190, 45
1791641424.116233,9.89, 2190, 45
1791641425.116414,9.89, 2190, 45
1791641426.116665,9.89, 2190, 45
1791641427.116735,9.90, 2190, 45
1791641428.116964,9.88, 2190, 45
1791641429.117141,9.89, 2190, 45
1791641430.117364,9.90, 2190, 45
1791641431.118119,9.89, 2190, 45
1791641432.118425,9.89, 2190, 45
1791641433.119609,9.88, 2190, 45
1791641434.119560,9.88, 2190, 45
1791641435.120121,9.88, 2190, 45
1791641436.120907,9.89, 2190, 45
1791641437.120751,9.88, 2190, 45
1791641438.122318,9.88, 2190, 45
1791641439.122932,9.88, 2190, 45
1791641440.123507,9.89, 2190, 45
1791641441.124110,9.88, 2190, 45
1791641442.124748,9.88, 2190, 45
1791641443.125322,9.88, 2190, 45
1791641444.126406,9.87, 2190, 45
1791641445.126506,9.86, 2190, 45
1791641446.127403,9.86, 2190, 45
1791641447.128171,9.88, 2190, 45
1791641448.128129,9.88, 2190, 45
1791641449.128765,9.88, 2190, 45
1791641450.128826,9.87, 2190, 45
1791641451.128975,14.81, 2184, 47
1791641452.129527,23.09, 2184, 50
1791641453.130427,31.08, 2190, 48
1791641454.130540,22.04, 2190, 48
1791641455.131497,22.06, 2190, 48
1791641456.131102,22.18, 2190, 49
1791641457.131992,29.84, 2184, 51
1791641458.132293,26.38, 2190, 49
1791641459.133009,22.18, 2190, 50
1791641460.133067,22.16, 2190, 50
1791641461.133723,22.12, 2190, 50
1791641462.133323,23.15, 2184, 51
1791641463.133836,32.98, 2184, 50
1791641464.134166,22.53, 2190, 51
1791641465.134393,22.53, 2190, 51
1791641466.134638,22.54, 2190, 51
1791641467.134878,22.50, 2190, 51
1791641468.135689,22.50, 2190, 51
1791641469.135347,22.53, 2190, 51
1791641470.136032,21.58, 2190, 50
1791641471.136188,35.43, 2177, 54
1791641472.136420,22.52, 2190, 52
1791641473.136794,22.46, 2190, 52
1791641474.137297,22.43, 2190, 52
1791641475.137488,22.45, 2190, 52
1791641476.137955,22.45, 2190, 52
1791641477.138197,22.48, 2190, 53
1791641478.138428,22.57, 2190, 53
1791641479.138705,22.55, 2190, 53
1791641480.138985,18.92, 2190, 51
1791641481.139323,10.35, 2190, 50
1791641482.139277,20.97, 2190, 52
1791641483.139926,29.84, 2177, 56
1791641484.140666,29.10, 2177, 58
1791641485.141220,38.54, 2177, 56
1791641486.141224,38.54, 2177, 56
1791641487.141457,28.70, 2177, 59
1791641488.141711,38.54, 2177, 57
1791641489.141896,38.77, 2177, 57
1791641490.142319,32.52, 2177, 57
1791641491.142357,30.29, 2184, 55
1791641492.142819,25.79, 2184, 55
1791641493.142983,25.73, 2184, 55
1791641494.143239,25.74, 2184, 55
1791641495.143497,25.94, 2184, 55
1791641496.144331,25.79, 2184, 55
1791641497.144252,26.04, 2184, 56
1791641498.144842,25.84, 2184, 56
1791641499.145192,25.83, 2184, 56
1791641500.145433,25.76, 2184, 56
1791641501.146021,25.49, 2184, 56
1791641502.146033,25.63, 2184, 56
1791641503.146241,25.19, 2184, 56
1791641504.146540,25.22, 2184, 56
1791641505.147285,24.93, 2184, 56
1791641506.147474,24.16, 2184, 56
1791641507.147583,24.04, 2184, 56
1791641508.147851,24.14, 2184, 56
1791641509.148134,23.98, 2184, 56
1791641510.148394,23.96, 2184, 56
1791641511.148821,23.52, 2184, 56
1791641512.149520,22.60, 2184, 57
1791641513.150253,38.78, 2177, 60
1791641514.150123,39.47, 2177, 59
1791641515.150500,29.85, 2177, 59
1791641516.150743,39.08, 2177, 59
1791641517.151026,39.16, 2177, 60
1791641518.151407,30.75, 2177, 60
1791641519.151820,39.06, 2177, 60
1791641520.152060,31.51, 2184, 58
1791641521.152218,26.28, 2184, 58
1791641522.152316,26.17, 2184, 58
1791641523.152712,26.11, 2184, 58
1791641524.153030,26.22, 2184, 58
1791641525.153233,25.89, 2184, 59
1791641526.153346,26.02, 2184, 58
1791641527.153458,26.03, 2184, 58
1791641528.153605,25.91, 2184, 58
1791641529.153918,25.87, 2184, 58
1791641530.154101,25.63, 2184, 59
1791641531.154336,25.53, 2184, 58
1791641532.154573,25.36, 2184, 58
1791641533.154731,25.35, 2184, 59
1791641534.155045,25.18, 2184, 58
1791641535.155473,25.29, 2184, 59
1791641536.155487,25.26, 2184, 59
1791641537.155708,25.27, 2184, 59
1791641538.155977,25.32, 2184, 59
1791641539.156291,25.33, 2184, 59
1791641540.157029,25.10, 2184, 59
1791641541.157070,24.47, 2184, 59
1791641542.157251,23.87, 2184, 59
1791641543.157461,26.80, 2177, 61
1791641544.157472,31.23, 2184, 60
1791641545.158163,39.18, 2177, 61
1791641546.158516,39.76, 2177, 62
1791641547.158662,30.91, 2177, 61
1791641548.158781,39.40, 2177, 62
1791641549.158968,39.48, 2177, 62
1791641550.159166,33.29, 2177, 63
1791641551.159272,32.54, 2184, 60
1791641552.159382,26.62, 2184, 60
1791641553.159558,26.49, 2184, 60
1791641554.159786,26.68, 2184, 60
1791641555.160161,26.46, 2184, 60
1791641556.160390,26.16, 2184, 60
1791641557.160622,26.02, 2184, 60
1791641558.160834,25.96, 2184, 60
1791641559.160972,25.99, 2184, 60
1791641560.161609,26.12, 2184, 61
1791641561.161247,26.06, 2184, 60
1791641562.161474,25.67, 2184, 60
1791641563.161725,25.65, 2184, 60
1791641564.161985,25.47, 2184, 61
1791641565.162282,25.57, 2184, 60
1791641566.162548,25.35, 2184, 60
1791641567.162836,25.28, 2184, 60
1791641568.163026,25.00, 2184, 60
1791641569.163226,24.64, 2184, 60
1791641570.163498,24.64, 2184, 60
1791641571.163770,24.45, 2184, 60
1791641572.163764,24.23, 2184, 60
1791641573.164466,24.02, 2184, 60
1791641574.164855,27.50, 2177, 63
1791641575.165032,30.71, 2184, 62
1791641576.165037,39.59, 2177, 63
1791641577.166091,39.71, 2171, 64
1791641578.166297,34.97, 2177, 63
1791641579.166439,39.49, 2177, 64
1791641580.166829,40.00, 2171, 64
1791641581.166909,33.37, 2171, 64
1791641582.167300,31.67, 2184, 62
1791641583.167608,26.58, 2184, 62
1791641584.167780,26.74, 2184, 62
1791641585.168052,26.64, 2184, 62
1791641586.168223,26.61, 2184, 62
1791641587.168387,26.57, 2184, 62
1791641588.168616,26.55, 2184, 62
1791641589.168756,26.34, 2184, 63
1791641590.169004,26.26, 2184, 62
1791641591.169233,26.14, 2184, 62
1791641592.169468,26.10, 2184, 62
1791641593.169735,26.09, 2184, 63
1791641594.170009,25.98, 2184, 62
1791641595.170231,26.09, 2184, 62
1791641596.170517,26.08, 2184, 62
1791641597.170681,26.11, 2184, 62
1791641598.170888,25.38, 2184, 62
1791641599.171092,25.35, 2184, 62
1791641600.171393,25.22, 2184, 62
1791641601.171597,25.18, 2184, 63
1791641602.171717,25.48, 2184, 62
1791641603.171747,25.05, 2184, 63
1791641604.171858,24.46, 2184, 62
1791641605.171920,17.85, 2184, 60
1791641606.172110,11.49, 2184, 60
1791641607.172587,24.90, 2184, 63
1791641608.172826,35.15, 2171, 62
1791641609.172981,24.15, 2184, 64
1791641610.173336,35.41, 2171, 63
1791641611.173408,23.45, 2177, 62
1791641612.173518,23.43, 2184, 62
1791641613.173514,23.40, 2184, 62
1791641614.174007,23.53, 2184, 62
1791641615.174141,23.80, 2184, 62
1791641616.174404,23.68, 2184, 62
1791641617.174495,32.32, 2171, 65
1791641618.174781,28.49, 2177, 62
1791641619.174804,23.71, 2184, 62
1791641620.174885,23.73, 2184, 62
1791641621.175041,23.93, 2184, 62
1791641622.175265,23.90, 2184, 62
1791641623.175617,23.87, 2184, 63
1791641624.175807,23.67, 2184, 63
1791641625.175984,27.77, 2171, 65
1791641626.176276,31.68, 2177, 63
1791641627.176562,23.60, 2184, 63
1791641628.177000,23.61, 2184, 63
1791641629.177028,23.73, 2184, 63
1791641630.177395,23.69, 2184, 63
1791641631.177428,23.83, 2184, 63
1791641632.177673,23.82, 2184, 63
1791641633.177983,23.76, 2184, 63
1791641634.178148,17.00, 2184, 61
1791641635.178491,12.74, 2184, 62
1791641636.178571,26.43, 2177, 65
1791641637.178948,32.47, 2177, 63
1791641638.179075,39.68, 2171, 65
1791641639.179266,40.09, 2171, 66
1791641640.179969,31.88, 2177, 65
1791641641.179786,39.89, 2171, 65
1791641642.180302,40.14, 2177, 66
1791641643.180819,34.15, 2171, 65
1791641644.181472,33.87, 2177, 64
1791641645.182081,26.47, 2177, 63
1791641646.182535,26.17, 2177, 64
1791641647.183325,25.24, 2177, 63
1791641648.183840,24.84, 2177, 63
1791641649.183916,24.81, 2177, 64
1791641650.184620,24.89, 2177, 63
1791641651.185673,25.01, 2177, 63
1791641652.185677,24.97, 2177, 64
1791641653.186388,24.85, 2177, 63
1791641654.186852,24.90, 2177, 63
1791641655.187324,24.95, 2177, 63
1791641656.187832,25.02, 2177, 63
1791641657.188422,24.85, 2177, 63
1791641658.188838,24.96, 2177, 63
1791641659.189505,24.75, 2177, 63
1791641660.190102,24.47, 2177, 63
1791641661.190205,28.86, 2171, 66
1791641662.190331,40.05, 2171, 66
1791641663.190999,33.54, 2171, 66
1791641664.192236,40.05, 2171, 66
1791641665.192482,40.23, 2171, 66
1791641666.192814,32.77, 2171, 66
1791641667.192843,40.02, 2171, 66
1791641668.193115,38.83, 2171, 64
1791641669.193444,27.45, 2177, 64
1791641670.193596,26.53, 2177, 64
1791641671.194029,26.17, 2177, 64
1791641672.194438,26.29, 2177, 64
1791641673.194279,26.30, 2177, 64
1791641674.194498,26.18, 2177, 64
1791641675.194736,26.21, 2177, 64
1791641676.195023,26.23, 2177, 64
1791641677.195221,25.85, 2177, 64
1791641678.195459,25.77, 2177, 64
1791641679.195665,25.89, 2177, 65
1791641680.196313,25.85, 2177, 64
1791641681.197122,25.85, 2177, 64
1791641682.197304,25.85, 2177, 64
1791641683.197559,25.81, 2177, 64
1791641684.197838,25.74, 2177, 64
1791641685.198458,25.06, 2177, 64
1791641686.198706,24.40, 2177, 64
1791641687.198855,24.01, 2177, 64
1791641688.199873,25.63, 2177, 66
1791641689.200002,32.38, 2177, 63
1791641690.200344,39.68, 2171, 67
1791641691.200806,40.28, 2171, 67
1791641692.201687,33.95, 2177, 67
1791641693.202409,40.31, 2171, 67
1791641694.202644,40.49, 2177, 67
1791641695.202755,35.71, 2171, 67
1791641696.203039,33.10, 2177, 65
1791641697.204163,26.68, 2177, 65
1791641698.204670,26.58, 2177, 65
1791641699.204690,26.74, 2177, 65
1791641700.204894,26.59, 2177, 65
1791641701.205186,26.55, 2177, 65
1791641702.205519,26.29, 2177, 65
1791641703.205661,26.08, 2177, 65
1791641704.206993,25.95, 2177, 66
1791641705.207148,26.03, 2177, 65
1791641706.207507,26.00, 2177, 65
1791641707.207605,26.01, 2177, 65
1791641708.207836,25.93, 2177, 65
1791641709.208063,26.04, 2177, 65
1791641710.208250,25.56, 2177, 65
1791641711.209471,25.45, 2177, 65
1791641712.210627,25.44, 2177, 66
1791641713.210896,25.28, 2177, 65
1791641714.211017,25.03, 2177, 65
1791641715.212338,33.66, 2171, 67
1791641716.212816,34.83, 2171, 67
1791641717.213102,40.18, 2171, 68
1791641718.214147,38.79, 2171, 67
1791641719.214920,34.87, 2171, 70
1791641720.214860,40.43, 2171, 68
1791641721.215208,37.66, 2177, 68
1791641722.216333,37.86, 2171, 68
1791641723.217537,27.71, 2177, 66
1791641724.217997,26.95, 2177, 66
1791641725.218224,26.83, 2177, 66
1791641726.218451,26.93, 2177, 66
1791641727.218698,26.50, 2177, 66
1791641728.219977,26.52, 2177, 66
1791641729.221095,26.53, 2177, 66
1791641730.221334,26.53, 2177, 66
1791641731.222011,26.39, 2177, 66
1791641732.223002,26.38, 2177, 66
1791641733.223132,26.32, 2177, 66
1791641734.223385,26.42, 2177, 67
1791641735.224061,26.24, 2177, 66
1791641736.223860,26.31, 2177, 66
1791641737.224082,26.34, 2177, 66
1791641738.225328,26.44, 2177, 66
1791641739.225996,26.24, 2177, 66
1791641740.226000,26.28, 2177, 66
1791641741.226204,26.23, 2177, 66
1791641742.226419,25.85, 2177, 66
1791641743.226981,25.23, 2177, 66
1791641744.227303,20.40, 2177, 65
1791641745.227692,24.19, 2177, 65
1791641746.227809,24.04, 2177, 66
1791641747.228197,24.16, 2177, 65
1791641748.228447,24.10, 2177, 65
1791641749.229048,24.10, 2177, 65
1791641750.229321,24.32, 2177, 66
1791641751.229703,24.33, 2177, 66
1791641752.230351,24.24, 2177, 65
1791641753.230455,24.08, 2177, 66
1791641754.231151,24.21, 2177, 66
1791641755.231328,24.15, 2177, 65
1791641756.231797,24.19, 2177, 65
1791641757.232745,24.23, 2177, 66
1791641758.233128,24.35, 2177, 65
1791641759.233596,24.33, 2177, 65
1791641760.233961,24.40, 2177, 65
1791641761.234339,24.30, 2177, 65
1791641762.234284,24.20, 2177, 66
1791641763.235031,24.09, 2177, 65
1791641764.235216,24.19, 2177, 66
1791641765.235477,24.23, 2177, 66
1791641766.236022,24.23, 2177, 65
1791641767.236181,24.33, 2177, 65
1791641768.236378,24.34, 2177, 65
1791641769.236994,24.09, 2177, 65
1791641770.236957,24.16, 2177, 65
1791641771.237134,24.21, 2177, 65
1791641772.238380,24.37, 2177, 65
1791641773.238597,24.29, 2177, 65
1791641774.238802,24.39, 2177, 65
1791641775.239025,24.42, 2177, 66
1791641776.239278,24.44, 2177, 65
1791641777.239392,24.25, 2177, 65
1791641778.239723,24.28, 2177, 65
1791641779.239889,24.37, 2177, 65
1791641780.240148,24.33, 2177, 66
1791641781.240638,24.40, 2177, 66
1791641782.240867,24.38, 2177, 65
1791641783.241053,24.17, 2177, 65
1791641784.241532,24.21, 2177, 65
1791641785.241664,24.03, 2177, 65
1791641786.241944,24.25, 2177, 65
1791641787.242145,24.37, 2177, 66
1791641788.242407,24.34, 2177, 65
1791641789.242608,24.20, 2177, 66
1791641790.242869,24.18, 2177, 65
1791641791.243081,24.06, 2177, 66
1791641792.243342,24.15, 2177, 65
1791641793.244010,24.34, 2177, 65
1791641794.243995,24.42, 2177, 65
1791641795.244216,24.39, 2177, 66
1791641796.244690,24.31, 2177, 66
1791641797.244709,24.25, 2177, 66
1791641798.245982,24.26, 2177, 66
1791641799.247094,24.40, 2177, 66
1791641800.247331,24.32, 2177, 66
1791641801.247611,24.18, 2177, 66
1791641802.248056,24.19, 2177, 65
1791641803.248453,24.23, 2177, 66
1791641804.248752,24.15, 2177, 66
1791641805.249838,24.20, 2177, 66
1791641806.250908,24.17, 2177, 65
1791641807.251998,24.34, 2177, 66
1791641808.252314,24.19, 2177, 66
1791641809.252999,24.20, 2177, 66
1791641810.253730,24.22, 2177, 65
1791641811.253955,24.22, 2177, 66
1791641812.254189,24.13, 2177, 66
1791641813.254421,24.26, 2177, 66
1791641814.254652,24.22, 2177, 66
1791641815.254896,24.14, 2177, 66
1791641816.255148,24.12, 2177, 66
1791641817.255335,24.12, 2177, 66
1791641818.255644,24.11, 2177, 66
1791641819.255923,24.30, 2177, 66
1791641820.256171,24.16, 2177, 66
1791641821.256434,24.33, 2177, 66
1791641822.256673,24.28, 2177, 66
1791641823.256931,24.29, 2177, 66
1791641824.257183,24.31, 2177, 66
1791641825.257432,24.19, 2177, 66
1791641826.258021,24.20, 2177, 66
1791641827.258246,24.25, 2177, 66
1791641828.258607,24.26, 2177, 66
1791641829.258854,24.36, 2177, 66
1791641830.259087,24.39, 2177, 66
1791641831.259300,24.31, 2177, 66
1791641832.259541,24.23, 2177, 66
1791641833.260690,24.18, 2177, 66
1791641834.260984,24.14, 2177, 66
1791641835.261284,24.10, 2177, 66
1791641836.261516,24.18, 2177, 66
1791641837.262307,24.17, 2177, 66
1791641838.262705,24.21, 2177, 66
1791641839.263267,24.17, 2177, 66
1791641840.263935,24.14, 2177, 66
1791641841.264629,24.18, 2177, 66
1791641842.265000,24.23, 2177, 66
1791641843.265198,24.26, 2177, 66
1791641844.265789,24.33, 2177, 66
1791641845.266456,24.30, 2177, 66
1791641846.266550,24.09, 2177, 66
1791641847.267386,24.36, 2177, 66
1791641848.268022,24.47, 2177, 66
1791641849.268460,24.38, 2177, 66
1791641850.268947,24.39, 2177, 66
1791641851.269236,24.35, 2177, 66
1791641852.270273,24.41, 2177, 66
1791641853.270385,24.39, 2177, 66
1791641854.270653,24.39, 2177, 66
1791641855.271197,24.60, 2177, 66
1791641856.271862,24.23, 2177, 66
1791641857.272266,24.31, 2177, 66
1791641858.272857,24.37, 2177, 66
1791641859.273234,24.31, 2177, 66
1791641860.274076,24.37, 2177, 66
1791641861.274517,24.44, 2177, 66
1791641862.274927,24.42, 2177, 66
1791641863.275410,24.35, 2177, 66
1791641864.275708,24.40, 2177, 66
1791641865.276398,24.39, 2177, 66
1791641866.277219,24.39, 2177, 66
1791641867.277436,24.33, 2177, 66
1791641868.278081,24.21, 2177, 66
1791641869.278146,24.40, 2177, 66
1791641870.278855,24.28, 2177, 66
1791641871.279713,24.38, 2177, 66
1791641872.279900,24.60, 2177, 66
1791641873.280328,24.40, 2177, 66
1791641874.280901,24.49, 2177, 66
1791641875.281809,24.51, 2177, 66
1791641876.281677,24.57, 2177, 66
1791641877.282490,24.30, 2177, 66
1791641878.282980,24.33, 2177, 66
1791641879.283690,24.54, 2177, 66
1791641880.284817,24.43, 2177, 66
1791641881.284894,24.36, 2177, 66
1791641882.285537,24.34, 2177, 66
1791641883.286459,24.47, 2177, 66
1791641884.287136,24.52, 2177, 66
1791641885.287133,24.49, 2177, 66
1791641886.287237,24.46, 2177, 66
1791641887.287953,24.42, 2177, 66
1791641888.288901,24.37, 2177, 66
1791641889.289489,24.40, 2177, 66
1791641890.289833,24.35, 2177, 66
1791641891.290323,24.43, 2177, 66
1791641892.290976,24.35, 2177, 66
1791641893.292017,24.50, 2177, 66
1791641894.292498,24.36, 2177, 66
1791641895.292970,24.33, 2177, 66
1791641896.293668,24.38, 2177, 66
1791641897.293976,24.41, 2177, 66
1791641898.294633,24.26, 2177, 66
1791641899.294998,24.22, 2177, 66
1791641900.295501,24.33, 2177, 66
1791641901.296173,24.47, 2177, 66
1791641902.296356,24.34, 2177, 66
1791641903.296836,24.42, 2177, 66
1791641904.297851,24.30, 2177, 66
1791641905.298407,24.25, 2177, 66
1791641906.299073,24.22, 2177, 66
1791641907.299463,24.30, 2177, 66
1791641908.299992,24.43, 2177, 66
1791641909.300131,24.38, 2177, 66
1791641910.300789,23.96, 2177, 66
1791641911.301399,24.20, 2177, 66
1791641912.302138,24.26, 2177, 66
1791641913.303063,24.30, 2177, 66
1791641914.303010,24.21, 2177, 66
1791641915.303971,24.45, 2177, 66
1791641916.304170,24.43, 2177, 66
1791641917.304742,24.42, 2177, 66
1791641918.305475,24.50, 2177, 66
1791641919.306089,24.46, 2177, 66
1791641920.306605,24.74, 2177, 66
1791641921.307210,24.03, 2177, 66
1791641922.308272,24.52, 2177, 66
1791641923.308314,24.44, 2177, 66
1791641924.308995,24.54, 2177, 66
1791641925.309364,24.44, 2177, 66
1791641926.309984,24.48, 2177, 66
1791641927.310083,24.44, 2177, 66
1791641928.311183,24.38, 2177, 66
1791641929.311711,24.39, 2177, 66
1791641930.311796,24.42, 2177, 66
1791641931.312750,24.39, 2177, 66
1791641932.312798,24.37, 2177, 66
1791641933.313037,24.23, 2177, 66
1791641934.313711,24.43, 2177, 66
1791641935.314167,24.31, 2177, 66
1791641936.315026,24.48, 2177, 66
1791641937.315063,24.57, 2177, 66
1791641938.315507,24.58, 2177, 66
1791641939.316115,24.46, 2177, 66
1791641940.316769,24.55, 2177, 66
1791641941.317096,24.46, 2177, 66
1791641942.317395,24.27, 2177, 66
1791641943.317721,24.37, 2177, 66
1791641944.317872,24.45, 2177, 66
1791641945.318067,24.55, 2177, 66
1791641946.318312,24.51, 2177, 66
1791641947.318324,24.61, 2177, 66
1791641948.318596,24.58, 2177, 66
1791641949.318817,24.60, 2177, 66
1791641950.319055,24.61, 2177, 66
1791641951.319121,24.53, 2177, 66
1791641952.319474,24.32, 2177, 67
1791641953.320108,24.38, 2177, 66
1791641954.320716,24.34, 2177, 66
1791641955.321230,24.40, 2177, 66
1791641956.321920,24.39, 2177, 66
1791641957.322484,24.31, 2177, 66
1791641958.323031,24.50, 2177, 66
1791641959.323951,24.50, 2177, 66
1791641960.324938,24.53, 2177, 66
1791641961.325053,24.52, 2177, 66
1791641962.326039,24.59, 2177, 67
1791641963.325707,24.55, 2177, 66
1791641964.326450,24.40, 2177, 67
1791641965.327331,24.53, 2177, 66
1791641966.327744,24.44, 2177, 66
1791641967.328382,24.46, 2177, 66
1791641968.329028,24.42, 2177, 66
1791641969.329439,24.42, 2177, 66
1791641970.330115,24.42, 2177, 67
1791641971.330274,24.41, 2177, 67
1791641972.330526,24.43, 2177, 67
1791641973.330965,24.37, 2177, 67
1791641974.331639,24.59, 2177, 66
1791641975.331602,24.28, 2177, 67
1791641976.332128,24.32, 2177, 66
1791641977.333025,24.32, 2177, 66
1791641978.333408,24.24, 2177, 67
1791641979.334144,24.50, 2177, 66
1791641980.334680,24.50, 2177, 66
1791641981.334929,24.43, 2177, 66
1791641982.335509,24.42, 2177, 67
1791641983.336204,24.47, 2177, 66
1791641984.337246,24.48, 2177, 67
1791641985.337294,24.30, 2177, 67
1791641986.337948,24.43, 2177, 66
1791641987.338348,24.49, 2177, 66
1791641988.338997,24.47, 2177, 66
1791641989.340023,24.58, 2177, 66
1791641990.340203,24.50, 2177, 67
1791641991.340800,24.46, 2177, 66
1791641992.341502,24.49, 2177, 66
1791641993.341890,24.38, 2177, 66
1791641994.342510,24.30, 2177, 66
1791641995.343169,24.33, 2177, 66
1791641996.343499,24.36, 2177, 66
1791641997.344200,24.34, 2177, 66
1791641998.344519,24.38, 2177, 66
1791641999.345156,24.41, 2177, 66
1791642000.346233,24.50, 2177, 66
1791642001.346333,24.57, 2177, 66
1791642002.346659,24.46, 2177, 67
1791642003.346961,24.65, 2177, 66
1791642004.347532,24.32, 2177, 66
1791642005.347974,24.39, 2177, 67
1791642006.349148,24.35, 2177, 67
1791642007.349049,24.31, 2177, 66
1791642008.349870,24.53, 2177, 66
1791642009.350443,24.48, 2177, 66
1791642010.351123,24.57, 2177, 66
1791642011.351235,24.55, 2177, 67
1791642012.351427,24.50, 2177, 67
1791642013.351957,24.46, 2177, 66
1791642014.352011,24.46, 2177, 66
1791642015.353234,24.53, 2177, 67
1791642016.353830,24.52, 2177, 67
1791642017.353799,24.57, 2177, 67
1791642018.353893,24.58, 2177, 67
1791642019.354658,24.67, 2177, 67
1791642020.354684,24.62, 2177, 67
1791642021.355434,24.55, 2177, 67
1791642022.355845,24.52, 2177, 67
1791642023.356356,24.48, 2177, 67
1791642024.356885,24.50, 2177, 67
1791642025.357170,24.42, 2177, 67
1791642026.357630,24.35, 2177, 66
1791642027.357794,24.37, 2177, 67
1791642028.358868,24.41, 2177, 67
1791642029.359354,24.46, 2177, 67
1791642030.359615,24.54, 2177, 67
1791642031.360093,24.50, 2177, 67
1791642032.360802,24.43, 2177, 67
1791642033.361489,24.56, 2177, 67
1791642034.361489,24.51, 2177, 67
1791642035.361623,24.46, 2177, 67
1791642036.362280,24.61, 2177, 67
1791642037.362508,24.68, 2177, 67
1791642038.363224,24.70, 2177, 67
1791642039.363895,24.63, 2177, 67
1791642040.364209,24.57, 2177, 67
1791642041.365222,24.46, 2177, 67
1791642042.365440,24.44, 2177, 67
1791642043.365943,24.48, 2177, 67
1791642044.366541,24.58, 2177, 67
1791642045.366916,24.56, 2177, 67
1791642046.367609,24.48, 2177, 67
1791642047.368398,24.46, 2177, 67
1791642048.368769,24.35, 2177, 67
1791642049.369576,24.33, 2177, 67
1791642050.369508,24.42, 2177, 67
1791642051.370436,24.53, 2177, 67
1791642052.370984,24.60, 2177, 67
1791642053.371457,24.57, 2177, 67
1791642054.372210,24.45, 2177, 67
1791642055.372557,24.25, 2177, 67
1791642056.373174,24.32, 2177, 67
1791642057.373916,24.25, 2177, 67
1791642058.374644,24.31, 2177, 67
1791642059.374497,24.34, 2177, 67
1791642060.375077,24.36, 2177, 67
1791642061.375559,24.45, 2177, 67
1791642062.376030,24.24, 2177, 67
1791642063.376631,24.45, 2177, 67
1791642064.377075,24.44, 2177, 67
1791642065.377751,24.42, 2177, 67
1791642066.378467,24.59, 2177, 67
1791642067.379092,24.30, 2177, 67
1791642068.379235,24.32, 2177, 67
1791642069.379897,24.41, 2177, 67
1791642070.380361,24.38, 2177, 67
1791642071.380999,24.33, 2177, 67
1791642072.381176,24.37, 2177, 67
1791642073.381751,24.40, 2177, 67
1791642074.382530,24.54, 2177, 67
1791642075.382738,24.49, 2177, 67
1791642076.383783,24.49, 2177, 67
1791642077.383750,24.45, 2177, 67
1791642078.384206,24.36, 2177, 67
1791642079.385127,24.38, 2177, 67
1791642080.385530,24.60, 2177, 67
1791642081.386644,24.55, 2177, 67
1791642082.386179,24.56, 2177, 67
1791642083.387220,24.64, 2177, 67
1791642084.387119,24.52, 2177, 67
1791642085.387758,24.33, 2177, 67
1791642086.388510,24.36, 2177, 67
1791642087.388983,24.45, 2177, 67
1791642088.390150,24.57, 2177, 67
1791642089.390353,24.45, 2177, 67
1791642090.390855,24.54, 2177, 66
1791642091.391541,24.40, 2177, 66
1791642092.392155,24.36, 2177, 66
1791642093.393036,24.35, 2177, 66
1791642094.393186,24.37, 2177, 66
1791642095.393280,24.43, 2177, 66
1791642096.394174,24.55, 2177, 66
1791642097.394865,24.30, 2177, 66
1791642098.394964,24.33, 2177, 66
1791642099.395079,24.26, 2177, 66
1791642100.395987,24.22, 2177, 66
1791642101.396403,24.33, 2177, 66
1791642102.396852,24.25, 2177, 66
1791642103.397298,24.09, 2177, 66
1791642104.398127,24.26, 2177, 66
1791642105.398490,24.41, 2177, 65
1791642106.399066,24.21, 2177, 65
1791642107.399181,24.19, 2177, 65
1791642108.399497,24.29, 2177, 65
1791642109.399946,24.28, 2177, 65
1791642110.401001,24.17, 2177, 65
1791642111.401038,24.13, 2177, 65
1791642112.401860,24.04, 2177, 65
1791642113.402569,23.93, 2177, 65
1791642114.402933,24.08, 2177, 65
1791642115.403907,24.16, 2177, 65
1791642116.403421,24.09, 2177, 65
1791642117.403679,24.19, 2177, 65
1791642118.403876,24.25, 2177, 65
1791642119.403958,24.13, 2177, 65
1791642120.404294,24.12, 2177, 65
1791642121.404421,24.17, 2177, 65
1791642122.404475,24.08, 2177, 65
1791642123.404695,24.03, 2177, 64
1791642124.404767,24.01, 2177, 64
1791642125.404973,23.99, 2177, 64
1791642126.406003,23.93, 2177, 64
1791642127.406452,23.87, 2177, 64
1791642128.406459,23.93, 2177, 64
1791642129.406630,23.97, 2177, 64
1791642130.407762,24.06, 2177, 64
1791642131.408352,24.10, 2177, 64
1791642132.408821,24.08, 2177, 64
1791642133.409356,24.44, 2177, 64
1791642134.409954,23.88, 2177, 64
1791642135.410650,23.83, 2177, 64
1791642136.411411,23.88, 2177, 64
1791642137.412044,24.09, 2177, 64
1791642138.412457,24.11, 2177, 64
1791642139.412897,24.03, 2177, 64
1791642140.413650,24.10, 2177, 64
1791642141.413999,24.17, 2177, 64
1791642142.413892,24.07, 2177, 64
1791642143.414848,24.04, 2177, 64
1791642144.415089,24.10, 2177, 64
1791642145.415483,24.07, 2177, 64
1791642146.415813,23.91, 2177, 64
1791642147.416776,24.03, 2177, 64
1791642148.417176,24.06, 2177, 64
1791642149.417790,24.05, 2177, 64
1791642150.418802,24.08, 2177, 64
1791642151.418932,24.00, 2177, 63
1791642152.419526,24.20, 2177, 63
1791642153.420195,24.11, 2177, 64
1791642154.420991,24.13, 2177, 63
1791642155.421079,24.17, 2177, 63
1791642156.421623,24.03, 2177, 64
1791642157.422235,23.93, 2177, 63
1791642158.422900,24.14, 2177, 63
1791642159.423291,24.10, 2177, 63
1791642160.423847,24.07, 2177, 63
1791642161.424571,24.13, 2177, 63
1791642162.424602,24.16, 2177, 64
1791642163.425315,24.15, 2177, 63
1791642164.425810,24.06, 2177, 63
1791642165.426457,23.99, 2177, 63
1791642166.427059,24.05, 2177, 63
1791642167.427353,24.01, 2177, 63
1791642168.428246,24.01, 2177, 63
1791642169.429299,23.89, 2177, 63
1791642170.429553,23.91, 2177, 63
1791642171.429626,23.90, 2177, 63
1791642172.430501,24.00, 2177, 63
1791642173.430957,24.06, 2177, 63
1791642174.431598,23.87, 2177, 63
1791642175.432396,23.84, 2177, 63
1791642176.433218,23.83, 2177, 63
1791642177.433991,24.01, 2177, 63
1791642178.434294,23.89, 2177, 63
1791642179.435417,23.77, 2177, 63
1791642180.435601,23.94, 2177, 63
1791642181.436199,24.08, 2177, 63
1791642182.436433,23.87, 2177, 63
1791642183.437042,24.01, 2177, 63
1791642184.437748,23.87, 2177, 63
1791642185.437848,23.81, 2177, 63
1791642186.438622,23.76, 2177, 63
1791642187.438991,23.95, 2177, 63
1791642188.439324,24.07, 2177, 63
1791642189.440030,24.08, 2177, 63
1791642190.440000,23.57, 2177, 63
1791642191.440897,23.94, 2177, 63
1791642192.440980,23.95, 2177, 63
1791642193.441734,23.91, 2177, 63
1791642194.441590,23.91, 2177, 63
1791642195.441863,23.96, 2177, 63
1791642196.442070,23.96, 2177, 63
1791642197.442298,23.97, 2177, 63
1791642198.442945,23.97, 2177, 63
1791642199.443569,23.97, 2177, 63
1791642200.444100,24.11, 2177, 63
1791642201.444817,24.10, 2177, 63
1791642202.445192,23.69, 2177, 63
1791642203.446222,23.90, 2177, 63
1791642204.446387,23.88, 2177, 63
1791642205.447269,23.89, 2177, 63
1791642206.447224,23.75, 2177, 62
1791642207.447870,23.72, 2177, 63
1791642208.448454,23.77, 2177, 62
1791642209.448884,23.90, 2177, 62
1791642210.449555,23.88, 2177, 63
1791642211.450255,23.91, 2177, 62
1791642212.451004,24.02, 2184, 62
1791642213.451331,23.92, 2184, 62
1791642214.451999,23.80, 2184, 62
1791642215.452078,23.84, 2184, 62
1791642216.452483,23.89, 2184, 62
1791642217.453059,23.91, 2184, 62
1791642218.453386,23.74, 2184, 63
1791642219.453963,23.81, 2184, 62
1791642220.454639,23.75, 2184, 62
1791642221.455335,23.66, 2184, 62
1791642222.456060,23.64, 2184, 62
1791642223.456533,23.89, 2184, 62
1791642224.456636,23.82, 2184, 62
1791642225.457406,23.90, 2184, 62
1791642226.458050,23.91, 2184, 62
1791642227.458456,23.90, 2184, 63
1791642228.459281,23.86, 2184, 62
1791642229.460360,23.90, 2184, 62
1791642230.460528,23.85, 2184, 62
1791642231.461334,23.93, 2184, 62
1791642232.462099,23.93, 2184, 62
1791642233.462119,23.87, 2184, 62
1791642234.462476,23.85, 2184, 62
1791642235.462615,23.90, 2184, 62
1791642236.463329,23.91, 2184, 62
1791642237.463951,23.90, 2184, 62
1791642238.464380,23.87, 2184, 62
1791642239.465483,23.67, 2184, 62
1791642240.466026,23.76, 2184, 62
1791642241.467101,23.68, 2184, 62
1791642242.466874,23.79, 2184, 62
1791642243.467604,23.73, 2184, 62
1791642244.468484,23.77, 2184, 62
1791642245.468855,23.90, 2184, 62
1791642246.469744,23.88, 2184, 62
1791642247.469683,23.89, 2184, 62
1791642248.470298,24.03, 2184, 62
1791642249.471026,23.95, 2184, 62
1791642250.471436,23.90, 2184, 62
1791642251.471630,23.85, 2184, 62
1791642252.472188,23.73, 2184, 62
1791642253.473080,23.76, 2184, 62
1791642254.473557,23.85, 2184, 62
1791642255.473909,23.89, 2184, 62
1791642256.474390,23.84, 2184, 62
1791642257.475042,23.95, 2184, 62
1791642258.475654,23.82, 2184, 62
1791642259.476253,23.87, 2184, 62
1791642260.477358,23.82, 2184, 62
1791642261.477783,24.07, 2184, 62
1791642262.477956,23.70, 2184, 62
1791642263.478556,23.62, 2184, 62
1791642264.479159,23.72, 2184, 62
1791642265.479278,23.66, 2184, 62
1791642266.479987,23.86, 2184, 62
1791642267.480522,23.85, 2184, 62
1791642268.480832,23.80, 2184, 62
1791642269.481528,23.81, 2184, 62
1791642270.482058,23.72, 2184, 62
1791642271.482463,23.80, 2184, 62
1791642272.482716,23.67, 2184, 62
1791642273.483648,23.81, 2184, 62
1791642274.484161,23.80, 2184, 62
1791642275.484752,23.82, 2184, 62
1791642276.484867,23.82, 2184, 62
1791642277.486090,23.79, 2184, 62
1791642278.486197,23.58, 2184, 62
1791642279.486505,23.85, 2184, 62
1791642280.487105,23.81, 2184, 62
1791642281.487085,23.84, 2184, 62
1791642282.487853,23.79, 2184, 62
1791642283.488345,23.72, 2184, 62
1791642284.488912,23.77, 2184, 62
1791642285.489794,23.78, 2184, 62
1791642286.490616,23.67, 2184, 62
1791642287.490946,23.89, 2184, 62
1791642288.491566,23.89, 2184, 62
1791642289.491715,23.83, 2184, 62
1791642290.491940,23.78, 2184, 62
1791642291.492133,23.70, 2184, 62
1791642292.492243,23.68, 2184, 61
1791642293.492501,23.74, 2184, 62
1791642294.492565,23.69, 2184, 62
1791642295.492664,23.82, 2184, 62
1791642296.492880,23.83, 2184, 62
1791642297.493079,23.82, 2184, 62
1791642298.494129,23.81, 2184, 61
1791642299.494450,23.84, 2184, 61
1791642300.494823,23.90, 2184, 62
1791642301.495418,23.74, 2184, 61
1791642302.496161,23.78, 2184, 62
1791642303.496587,23.68, 2184, 62
1791642304.497152,23.71, 2184, 62
1791642305.497323,23.69, 2184, 61
1791642306.497721,23.70, 2184, 62
1791642307.498223,23.72, 2184, 61
1791642308.498839,23.70, 2184, 61
1791642309.499607,23.84, 2184, 61
1791642310.500345,23.77, 2184, 61
1791642311.500451,23.68, 2184, 61
1791642312.501111,23.70, 2184, 61
1791642313.501507,23.68, 2184, 61
1791642314.502330,23.66, 2184, 61
1791642315.503253,23.68, 2184, 61
1791642316.503858,23.84, 2184, 61
1791642317.504693,23.75, 2184, 61
1791642318.505291,23.76, 2184, 62
1791642319.505597,23.72, 2184, 61
1791642320.505766,23.70, 2184, 61
1791642321.506363,23.70, 2184, 61
1791642322.506899,23.65, 2184, 61
1791642323.507079,23.71, 2184, 61
1791642324.507501,23.89, 2184, 62
1791642325.507942,23.85, 2184, 62
1791642326.508727,23.81, 2184, 61
1791642327.509224,23.77, 2184, 61
1791642328.509858,23.72, 2184, 61
1791642329.510412,23.67, 2184, 61
1791642330.510974,23.67, 2184, 61
1791642331.511191,23.75, 2184, 61
1791642332.511764,23.72, 2184, 61
1791642333.512315,23.75, 2184, 61
1791642334.512970,23.67, 2184, 61
1791642335.513575,23.52, 2184, 61
1791642336.514330,23.64, 2184, 61
1791642337.514960,23.72, 2184, 61
1791642338.515649,23.81, 2184, 61
1791642339.516056,23.74, 2184, 61
1791642340.516723,23.83, 2184, 61
1791642341.517825,23.78, 2184, 61
1791642342.518127,23.76, 2184, 61
1791642343.518320,23.53, 2184, 61
1791642344.519131,23.73, 2184, 61
1791642345.519162,23.64, 2184, 61
1791642346.519979,23.73, 2184, 61
1791642347.520456,23.78, 2184, 61
1791642348.521012,23.58, 2184, 61
1791642349.521741,23.66, 2184, 61
1791642350.521693,23.65, 2184, 61
1791642351.522446,23.63, 2184, 61
1791642352.522745,23.93, 2184, 61
1791642353.523496,23.81, 2184, 61
1791642354.523670,23.80, 2184, 61
1791642355.524260,23.69, 2184, 61
1791642356.524932,23.59, 2184, 61
1791642357.525418,23.53, 2184, 61
1791642358.526027,23.57, 2184, 61
1791642359.526189,23.68, 2184, 61
1791642360.526689,23.70, 2184, 61
1791642361.527481,23.65, 2184, 61
1791642362.527926,23.69, 2184, 61
1791642363.528548,23.74, 2184, 61
1791642364.529206,23.69, 2184, 61
1791642365.529659,23.69, 2184, 61
1791642366.530267,23.72, 2184, 61
1791642367.531108,23.76, 2184, 61
1791642368.531264,23.83, 2184, 61
1791642369.531942,23.75, 2184, 61
1791642370.532457,23.79, 2184, 61
1791642371.532944,23.77, 2184, 61
1791642372.533412,23.83, 2184, 61
1791642373.533930,23.68, 2184, 61
1791642374.534533,23.68, 2184, 61
1791642375.535302,23.58, 2184, 61
1791642376.536166,23.71, 2184, 61
1791642377.536428,23.68, 2184, 61
1791642378.537596,23.65, 2184, 61
1791642379.538142,23.56, 2184, 61
1791642380.538019,23.64, 2184, 61
1791642381.538253,23.71, 2184, 61
1791642382.538565,23.62, 2184, 61
1791642383.538766,23.75, 2184, 61
1791642384.539467,23.83, 2184, 61
1791642385.540050,23.62, 2184, 61
1791642386.540515,23.76, 2184, 61
1791642387.541234,23.60, 2184, 61
1791642388.541568,23.69, 2184, 61
1791642389.542147,23.84, 2184, 61
1791642390.542850,23.67, 2184, 61
1791642391.543055,23.58, 2184, 61
1791642392.544156,23.60, 2184, 61
1791642393.543921,23.68, 2184, 61
1791642394.544526,23.60, 2184, 61
1791642395.545509,23.83, 2184, 61
1791642396.546038,23.77, 2184, 61
1791642397.546269,23.68, 2184, 61
1791642398.546559,23.59, 2184, 61
1791642399.547121,23.55, 2184, 61
1791642400.548117,23.56, 2184, 61
1791642401.547968,23.43, 2184, 61
1791642402.548198,23.68, 2184, 61
1791642403.548440,23.59, 2184, 61
1791642404.548664,23.46, 2184, 61
1791642405.548884,23.56, 2184, 61
1791642406.549083,23.75, 2184, 61
1791642407.549287,23.72, 2184, 61
1791642408.549438,23.59, 2184, 61
1791642409.550002,23.68, 2184, 61
1791642410.549879,23.74, 2184, 61
1791642411.550208,23.72, 2184, 61
1791642412.550383,23.64, 2184, 61
1791642413.550447,23.72, 2184, 61
1791642414.550683,23.59, 2184, 61
1791642415.550907,23.61, 2184, 61
1791642416.551048,23.61, 2184, 61
1791642417.551285,23.61, 2184, 61
1791642418.551643,23.60, 2184, 61
1791642419.551799,23.69, 2184, 61
1791642420.552026,24.17, 2184, 61
1791642421.552248,23.40, 2184, 61
1791642422.552466,23.58, 2184, 61
1791642423.553237,23.71, 2184, 61
1791642424.553476,23.89, 2184, 61
1791642425.554106,23.89, 2184, 61
1791642426.554350,23.91, 2184, 61
1791642427.554561,23.92, 2184, 61
1791642428.554860,23.79, 2184, 61
1791642429.555151,23.80, 2184, 61
1791642430.555568,23.83, 2184, 61
1791642431.555765,23.74, 2184, 61
1791642432.556099,23.71, 2184, 61
1791642433.556259,23.62, 2184, 61
1791642434.556655,23.58, 2184, 61
1791642435.556786,23.62, 2184, 61
1791642436.557064,23.49, 2184, 61
1791642437.557203,23.66, 2184, 61
1791642438.557396,23.81, 2184, 61
1791642439.557931,23.75, 2184, 61
1791642440.558353,23.73, 2184, 61
1791642441.558687,23.66, 2184, 61
1791642442.558675,23.64, 2184, 61
1791642443.558926,23.63, 2184, 61
1791642444.559298,23.58, 2184, 61
1791642445.559530,23.72, 2184, 61
1791642446.559814,23.74, 2184, 61
1791642447.560004,23.81, 2184, 61
1791642448.560467,23.67, 2184, 61
1791642449.560376,23.66, 2184, 61
1791642450.560892,23.66, 2184, 61
1791642451.561158,23.61, 2184, 61
1791642452.561282,23.90, 2184, 61
1791642453.561496,23.72, 2184, 61
1791642454.561694,23.67, 2184, 61
1791642455.562181,23.86, 2184, 61
1791642456.562088,23.79, 2184, 61
1791642457.562338,23.75, 2184, 61
1791642458.562445,23.82, 2184, 61
1791642459.562655,23.65, 2184, 61
1791642460.562790,23.69, 2184, 61
1791642461.563006,23.71, 2184, 61
1791642462.563266,23.72, 2184, 61
1791642463.563488,23.79, 2184, 61
1791642464.563659,23.75, 2184, 61
1791642465.563778,23.50, 2184, 61
1791642466.563990,23.54, 2184, 61
1791642467.564253,23.71, 2184, 61
1791642468.564503,23.66, 2184, 61
1791642469.564727,23.68, 2184, 61
1791642470.564976,23.67, 2184, 61
1791642471.565529,23.57, 2184, 61
1791642472.565924,23.56, 2184, 61
1791642473.566731,23.63, 2184, 61
1791642474.567536,23.48, 2184, 61
1791642475.568085,23.90, 2184, 61
1791642476.568129,23.28, 2184, 61
1791642477.569271,23.60, 2184, 61
1791642478.569547,23.58, 2184, 61
1791642479.570062,23.56, 2184, 61
1791642480.570157,23.47, 2184, 61
1791642481.570443,23.61, 2184, 61
1791642482.571202,23.65, 2184, 61
1791642483.571452,23.65, 2184, 61
1791642484.572057,23.65, 2184, 61
1791642485.572284,23.75, 2184, 61
1791642486.572800,23.72, 2184, 61
1791642487.573125,23.67, 2184, 61
1791642488.573447,23.81, 2184, 61
1791642489.574071,23.76, 2184, 61
1791642490.574762,23.63, 2184, 61
1791642491.575560,23.66, 2184, 61
1791642492.575786,23.51, 2184, 61
1791642493.576821,23.53, 2184, 61
1791642494.577400,23.58, 2184, 61
1791642495.578147,23.56, 2184, 61
1791642496.579061,23.71, 2184, 61
1791642497.579256,23.67, 2184, 61
1791642498.580062,23.55, 2184, 61
1791642499.580661,23.60, 2184, 61
1791642500.581222,23.57, 2184, 61
1791642501.581833,23.53, 2184, 61
1791642502.581976,23.64, 2184, 61
1791642503.582617,23.75, 2184, 61
1791642504.583647,23.73, 2184, 61
1791642505.583283,23.72, 2184, 61
1791642506.583510,23.76, 2184, 61
1791642507.584364,23.52, 2184, 61
1791642508.584603,23.54, 2184, 61
1791642509.584860,23.61, 2184, 61
1791642510.585286,23.63, 2184, 61
1791642511.585555,23.57, 2184, 61
1791642512.585911,23.42, 2184, 61
1791642513.586103,23.38, 2184, 61
1791642514.587087,23.44, 2184, 61
1791642515.586884,23.45, 2184, 61
1791642516.587545,23.48, 2184, 61
1791642517.588068,23.54, 2184, 61
1791642518.588720,23.63, 2184, 61
1791642519.588931,23.44, 2184, 61
1791642520.589176,23.70, 2184, 60
1791642521.589424,23.56, 2184, 61
1791642522.589811,23.60, 2184, 61
1791642523.590012,23.68, 2184, 61
1791642524.589960,23.70, 2184, 61
1791642525.590195,23.58, 2184, 61
1791642526.590417,23.66, 2184, 61
1791642527.590759,23.64, 2184, 61
1791642528.591287,23.66, 2184, 61
1791642529.591439,24.01, 2184, 61
1791642530.591670,23.52, 2184, 61
1791642531.591892,23.76, 2184, 61
1791642532.592114,23.64, 2184, 61
1791642533.592314,23.74, 2184, 61
1791642534.592564,23.67, 2184, 61
1791642535.592779,23.69, 2184, 61
1791642536.593003,23.70, 2184, 61
1791642537.593405,23.63, 2184, 61
1791642538.593513,23.55, 2184, 61
1791642539.593742,23.54, 2184, 61
1791642540.594001,23.50, 2184, 61
1791642541.594271,23.50, 2184, 61
1791642542.594506,23.41, 2184, 61
1791642543.594940,23.40, 2184, 61
1791642544.595209,23.48, 2184, 61
1791642545.595431,23.53, 2184, 61
1791642546.595661,23.67, 2184, 61
1791642547.595882,23.60, 2184, 61
1791642548.595999,23.59, 2184, 61
1791642549.596247,23.54, 2184, 61
1791642550.596563,23.54, 2184, 61
1791642551.596726,23.50, 2184, 61
1791642552.597093,23.47, 2184, 61
1791642553.597457,23.72, 2184, 61
1791642554.597308,23.57, 2184, 61
1791642555.597517,23.75, 2184, 61
1791642556.597667,23.74, 2184, 61
1791642557.597884,23.63, 2184, 61
1791642558.598033,23.58, 2184, 61
1791642559.598248,23.40, 2184, 61
1791642560.598897,23.75, 2184, 61
1791642561.599140,23.64, 2184, 61
1791642562.599354,23.61, 2184, 61
1791642563.599462,23.66, 2184, 61
1791642564.599695,23.59, 2184, 61
1791642565.599961,23.68, 2184, 61
1791642566.600216,23.57, 2184, 61
1791642567.600552,23.58, 2184, 61
1791642568.600789,23.64, 2184, 61
1791642569.601029,23.46, 2184, 61
1791642570.601284,23.56, 2184, 61
1791642571.601486,23.44, 2184, 61
1791642572.601720,23.49, 2184, 61
1791642573.601938,23.49, 2184, 61
1791642574.602267,23.59, 2184, 61
1791642575.602481,23.69, 2184, 61
1791642576.602994,23.58, 2184, 61
1791642577.603184,23.66, 2184, 61
1791642578.603361,23.66, 2184, 61
1791642579.603496,24.27, 2177, 61
1791642580.603807,26.80, 2184, 61
1791642581.604061,25.98, 2184, 62
1791642582.604620,25.67, 2184, 61
1791642583.604846,25.74, 2184, 61
1791642584.605084,25.76, 2184, 61
1791642585.605308,25.72, 2184, 61
1791642586.605833,25.60, 2184, 61
1791642587.605781,25.44, 2184, 61
1791642588.606088,25.69, 2184, 61
1791642589.606111,25.74, 2184, 62
1791642590.606583,25.64, 2184, 62
1791642591.607014,25.59, 2184, 61
1791642592.606825,25.55, 2184, 61
1791642593.606951,25.65, 2184, 61
1791642594.607216,25.53, 2184, 61
1791642595.607437,25.34, 2184, 61
1791642596.607669,25.55, 2184, 62
1791642597.608044,25.35, 2184, 61
1791642598.608345,25.68, 2184, 61
1791642599.608560,25.57, 2184, 61
1791642600.608835,25.46, 2184, 61
1791642601.608807,25.76, 2184, 61
1791642602.609046,25.60, 2184, 61
1791642603.609266,25.73, 2184, 61
1791642604.609658,25.76, 2184, 61
1791642605.610013,25.65, 2184, 61
1791642606.609725,25.76, 2184, 61
1791642607.609944,25.74, 2184, 62
1791642608.610301,25.59, 2184, 61
1791642609.610571,25.77, 2184, 62
1791642610.610703,25.86, 2184, 61
1791642611.611168,25.82, 2184, 62
1791642612.611098,25.59, 2184, 62
1791642613.611305,25.40, 2184, 62
1791642614.611581,25.58, 2184, 62
1791642615.611825,25.42, 2184, 62
1791642616.612140,25.56, 2184, 62
1791642617.612418,25.66, 2184, 61
1791642618.612614,25.89, 2184, 62
1791642619.613202,25.66, 2184, 62
1791642620.613147,25.70, 2184, 61
1791642621.613313,25.80, 2184, 62
1791642622.613539,25.85, 2184, 62
1791642623.614138,25.96, 2184, 62
1791642624.614410,25.70, 2184, 62
1791642625.614624,25.77, 2184, 62
1791642626.614848,25.72, 2184, 62
1791642627.615118,25.78, 2184, 62
1791642628.615326,25.73, 2184, 62
1791642629.615598,25.65, 2184, 62
1791642630.615865,25.66, 2184, 62
1791642631.616120,25.62, 2184, 62
1791642632.616274,25.66, 2184, 62
1791642633.616448,25.45, 2184, 62
1791642634.616630,25.69, 2184, 62
1791642635.616873,25.69, 2184, 62
1791642636.617017,25.81, 2184, 62
1791642637.617195,25.84, 2184, 62
1791642638.617455,25.55, 2184, 62
1791642639.618230,25.48, 2184, 62
1791642640.618955,25.52, 2184, 62
1791642641.619276,25.59, 2184, 62
1791642642.619419,25.66, 2184, 61
1791642643.619987,25.78, 2184, 62
1791642644.621106,25.80, 2184, 62
1791642645.621304,25.61, 2177, 62
1791642646.621473,25.96, 2184, 62
1791642647.621739,25.91, 2184, 62
1791642648.622213,25.91, 2184, 62
1791642649.622527,25.96, 2184, 62
1791642650.622811,25.77, 2184, 62
1791642651.623764,25.50, 2184, 62
1791642652.623936,25.88, 2184, 62
1791642653.624621,25.75, 2184, 62
1791642654.625490,25.72, 2184, 62
1791642655.626204,25.56, 2184, 62
1791642656.626521,25.61, 2184, 62
1791642657.627428,25.53, 2184, 62
1791642658.628129,25.44, 2184, 62
1791642659.628520,25.80, 2184, 62
1791642660.629324,25.85, 2184, 62
1791642661.629278,25.93, 2184, 62
1791642662.630141,25.81, 2184, 62
1791642663.631201,25.73, 2184, 62
1791642664.631461,25.67, 2184, 62
1791642665.631924,25.31, 2184, 62
1791642666.632530,25.82, 2184, 62
1791642667.633183,25.64, 2184, 62
1791642668.633827,25.83, 2184, 62
1791642669.634139,25.71, 2184, 62
1791642670.635153,25.93, 2184, 62
1791642671.635258,25.89, 2184, 62
1791642672.635833,26.02, 2184, 62
1791642673.636552,25.94, 2184, 62
1791642674.637004,25.67, 2184, 62
1791642675.637393,25.45, 2184, 62
1791642676.638002,24.86, 2184, 62
1791642677.638900,24.91, 2184, 62
1791642678.639096,24.80, 2184, 62
1791642679.639921,24.85, 2184, 61
1791642680.640298,24.90, 2184, 62
1791642681.640538,24.66, 2184, 61
1791642682.641873,24.89, 2184, 62
1791642683.641908,24.46, 2184, 61
1791642684.642541,24.36, 2184, 62
1791642685.642642,23.69, 2184, 61
1791642686.642761,23.59, 2184, 61
1791642687.642980,23.52, 2184, 61
1791642688.643289,24.85, 2184, 61
1791642689.643503,27.04, 2184, 62
1791642690.643645,26.09, 2184, 62
1791642691.643855,25.84, 2184, 62
1791642692.644094,25.77, 2184, 62
1791642693.644203,25.67, 2184, 62
1791642694.644448,25.52, 2184, 62
1791642695.644628,25.44, 2184, 62
1791642696.644918,25.55, 2184, 62
1791642697.645123,25.78, 2184, 62
1791642698.645235,25.79, 2184, 62
1791642699.645463,25.72, 2184, 62
1791642700.646204,25.64, 2184, 62
1791642701.646888,25.70, 2184, 62
1791642702.647077,25.66, 2184, 62
1791642703.647435,25.73, 2184, 62
1791642704.647555,25.56, 2184, 62
1791642705.648054,25.78, 2177, 63
1791642706.648554,25.65, 2184, 62
1791642707.648827,25.46, 2184, 62
1791642708.648850,25.64, 2184, 62
1791642709.649078,25.80, 2184, 62
1791642710.649286,25.64, 2184, 62
1791642711.649407,25.75, 2184, 62
1791642712.649625,25.80, 2184, 62
1791642713.649977,25.76, 2184, 62
1791642714.650087,25.77, 2184, 62
1791642715.650578,25.92, 2184, 62
1791642716.650575,25.88, 2184, 62
1791642717.651172,25.77, 2184, 62
1791642718.651485,25.49, 2184, 62
1791642719.651725,25.96, 2177, 62
1791642720.651869,25.58, 2184, 62
1791642721.652112,25.66, 2184, 62
1791642722.652320,25.54, 2184, 62
1791642723.652519,25.58, 2184, 62
1791642724.652803,25.51, 2184, 62
1791642725.653038,26.01, 2184, 62
1791642726.653286,25.91, 2184, 62
1791642727.653475,25.58, 2184, 62
1791642728.653613,25.76, 2184, 62
1791642729.654234,25.77, 2184, 62
1791642730.654445,26.22, 2184, 62
1791642731.654570,25.82, 2184, 62
1791642732.654760,25.98, 2184, 62
1791642733.655263,25.84, 2184, 62
1791642734.655492,25.83, 2184, 62
1791642735.655594,25.78, 2184, 62
1791642736.655979,26.06, 2184, 63
1791642737.656208,25.89, 2184, 62
1791642738.656418,25.80, 2184, 62
1791642739.656714,25.59, 2184, 62
1791642740.656942,25.66, 2184, 62
1791642741.657161,25.69, 2184, 62
1791642742.657801,25.67, 2184, 62
1791642743.657598,25.63, 2184, 62
1791642744.657943,25.54, 2184, 62
1791642745.658054,25.80, 2184, 62
1791642746.658580,25.62, 2184, 62
1791642747.658946,25.57, 2184, 62
1791642748.659185,25.44, 2184, 62
1791642749.659252,25.69, 2184, 63
1791642750.659442,25.68, 2184, 62
1791642751.659672,25.90, 2177, 62
1791642752.660115,25.91, 2184, 62
1791642753.660314,26.05, 2184, 62
1791642754.660553,25.90, 2184, 62
1791642755.661175,26.18, 2184, 62
1791642756.661390,26.23, 2184, 62
1791642757.661745,26.14, 2184, 63
1791642758.662182,26.05, 2184, 62
1791642759.662385,26.00, 2184, 62
1791642760.662611,26.15, 2184, 63
1791642761.662928,26.34, 2177, 62
1791642762.663219,25.84, 2184, 62
1791642763.663441,25.84, 2184, 62
1791642764.663666,25.79, 2184, 62
1791642765.663872,25.87, 2184, 62
1791642766.664103,25.91, 2184, 62
1791642767.664429,25.56, 2184, 62
1791642768.664651,25.95, 2184, 62
1791642769.664810,25.93, 2184, 62
1791642770.665060,25.88, 2184, 62
1791642771.665250,25.83, 2184, 62
1791642772.665960,25.89, 2184, 62
1791642773.666077,25.63, 2184, 62
1791642774.666305,25.60, 2184, 63
1791642775.666835,25.86, 2184, 62
1791642776.666819,25.96, 2184, 62
1791642777.667228,25.45, 2184, 62
1791642778.667414,25.05, 2184, 62
1791642779.667993,24.89, 2184, 62
1791642780.668130,25.05, 2184, 62
1791642781.668468,25.12, 2184, 62
1791642782.668828,24.97, 2184, 62
1791642783.668820,25.02, 2184, 62
1791642784.669132,25.01, 2184, 62
1791642785.669313,24.99, 2184, 62
1791642786.669502,24.83, 2184, 62
1791642787.669631,24.74, 2184, 62
1791642788.669874,24.64, 2184, 62
1791642789.670099,24.70, 2184, 62
1791642790.670530,24.58, 2184, 62
1791642791.671103,23.74, 2184, 62
1791642792.671282,23.72, 2184, 62
1791642793.671439,25.27, 2177, 63
1791642794.672350,26.93, 2184, 62
1791642795.672233,25.63, 2177, 62
1791642796.672390,25.88, 2184, 62
1791642797.672783,25.91, 2184, 62
1791642798.672830,25.71, 2184, 63
1791642799.673052,25.75, 2184, 63
1791642800.673223,25.68, 2184, 62
1791642801.673447,25.66, 2184, 62
1791642802.673825,25.84, 2184, 62
1791642803.673942,25.75, 2184, 62
1791642804.674168,25.58, 2184, 62
1791642805.674244,25.71, 2184, 62
1791642806.674757,26.07, 2184, 63
1791642807.674729,25.79, 2184, 62
1791642808.675188,25.93, 2184, 62
1791642809.675336,25.59, 2184, 63
1791642810.675462,25.61, 2184, 62
1791642811.675723,25.74, 2184, 62
1791642812.676235,25.74, 2184, 62
1791642813.676389,25.61, 2184, 62
1791642814.676534,25.65, 2184, 62
1791642815.676891,25.79, 2184, 63
1791642816.677066,25.70, 2184, 62
1791642817.677299,25.92, 2184, 62
1791642818.677375,25.85, 2184, 62
1791642819.677617,25.88, 2184, 62
1791642820.677901,25.77, 2184, 62
1791642821.678117,25.82, 2184, 62
1791642822.678409,25.91, 2184, 62
1791642823.678562,25.90, 2184, 62
1791642824.678829,25.38, 2184, 62
1791642825.679089,25.33, 2184, 62
1791642826.679409,25.92, 2184, 62
1791642827.679549,25.90, 2184, 62
1791642828.679682,25.74, 2184, 62
1791642829.679930,25.72, 2184, 62
1791642830.680198,26.06, 2184, 62
1791642831.680419,25.96, 2184, 62
1791642832.681019,25.40, 2184, 62
1791642833.680897,25.83, 2184, 62
1791642834.681178,25.96, 2184, 62
1791642835.681360,25.78, 2184, 62
1791642836.681447,25.79, 2184, 63
1791642837.681736,25.85, 2184, 62
1791642838.682169,25.81, 2184, 62
1791642839.682509,25.73, 2184, 62
1791642840.682670,25.76, 2184, 62
1791642841.683118,25.52, 2184, 62
1791642842.683358,25.64, 2184, 63
1791642843.683932,25.58, 2184, 62
1791642844.684199,25.56, 2177, 62
1791642845.684486,25.89, 2177, 62
1791642846.684814,26.10, 2184, 62
1791642847.684995,26.06, 2184, 62
1791642848.685244,25.90, 2184, 62
1791642849.685658,25.63, 2184, 63
1791642850.685682,25.67, 2184, 62
1791642851.686470,25.46, 2184, 62
1791642852.686684,25.52, 2184, 62
1791642853.687050,25.70, 2184, 62
1791642854.687337,25.77, 2184, 62
1791642855.687568,26.14, 2184, 62
1791642856.688268,25.79, 2184, 63
1791642857.688048,25.76, 2184, 62
1791642858.688311,25.82, 2184, 62
1791642859.688524,25.63, 2184, 62
1791642860.688638,25.82, 2184, 62
1791642861.688875,26.01, 2184, 62
1791642862.689090,25.79, 2184, 63
1791642863.689326,26.04, 2184, 62
1791642864.689600,25.93, 2177, 62
1791642865.690014,25.60, 2184, 62
1791642866.690113,25.76, 2184, 62
1791642867.690547,25.59, 2184, 62
1791642868.690667,25.62, 2184, 62
1791642869.690953,25.51, 2184, 62
1791642870.691147,25.49, 2184, 62
1791642871.691389,25.77, 2184, 62
1791642872.691607,25.74, 2184, 62
1791642873.692304,25.89, 2184, 62
1791642874.692170,25.63, 2184, 62
1791642875.692420,25.86, 2184, 62
1791642876.692697,25.43, 2177, 62
1791642877.692923,25.87, 2184, 62
1791642878.693169,25.83, 2184, 62
1791642879.693446,25.96, 2184, 62
1791642880.694037,25.79, 2184, 62
1791642881.694701,25.85, 2184, 62
1791642882.695167,25.99, 2184, 62
1791642883.695399,25.99, 2184, 62
1791642884.695763,25.98, 2184, 62
1791642885.695845,25.99, 2184, 62
1791642886.696038,26.04, 2184, 62
1791642887.696279,26.00, 2184, 62
1791642888.696934,25.95, 2184, 62
1791642889.697180,25.23, 2184, 62
1791642890.697679,25.01, 2184, 62
1791642891.697852,25.15, 2184, 62
1791642892.698144,24.91, 2184, 62
1791642893.698385,24.59, 2184, 62
1791642894.698926,24.73, 2184, 62
1791642895.699398,24.44, 2184, 62
1791642896.699431,23.76, 2184, 62
1791642897.699668,23.68, 2184, 62
1791642898.700130,16.27, 2184, 60
1791642899.701098,11.36, 2184, 59
1791642900.701400,11.64, 2184, 59
1791642901.701959,11.87, 2184, 59
1791642902.702432,11.17, 2184, 58
1791642903.703106,9.31, 312, 57
1791642904.704365,6.95, 305, 57
1791642905.703675,6.94, 305, 57
1791642906.704153,6.23, 305, 57
1791642907.704757,6.02, 208, 56
1791642908.705416,5.95, 305, 56
1791642909.705790,5.89, 208, 56
1791642910.706409,6.04, 208, 55
1791642911.707038,6.02, 305, 55
1791642912.707428,6.02, 305, 55
1791642913.708047,5.90, 305, 55
1791642914.708708,5.88, 208, 55
1791642915.709112,5.99, 305, 54
1791642916.710619,5.89, 208, 54
1791642917.711270,5.83, 208, 54
1791642918.711465,5.95, 305, 54
1791642919.712039,5.97, 305, 54
1791642920.712465,5.91, 305, 53
1791642921.713118,5.86, 208, 53
1791642922.713700,5.82, 305, 53
1791642923.714126,5.79, 208, 53
1791642924.714748,5.80, 305, 53
1791642925.715416,5.85, 305, 52
1791642926.715781,5.92, 305, 52
1791642927.716440,5.76, 312, 52
1791642928.717028,5.71, 208, 52
1791642929.716995,5.68, 305, 52
1791642930.717813,5.67, 208, 52
1791642931.718210,5.71, 299, 51
1791642932.718839,5.75, 305, 51
1791642933.719455,5.83, 305, 51
1791642934.719870,5.83, 305, 51
1791642935.720501,5.70, 305, 51
1791642936.721110,5.66, 208, 51
1791642937.722149,5.69, 305, 51
1791642938.722162,5.66, 208, 50
1791642939.722196,5.73, 305, 50
1791642940.722898,5.84, 305, 50
1791642941.722748,5.84, 305, 50
1791642942.723035,5.70, 305, 50
1791642943.723037,5.71, 208, 50
1791642944.723125,5.70, 305, 50
1791642945.723428,5.64, 208, 50
1791642946.723622,5.75, 273, 50
1791642947.723613,5.83, 305, 50
1791642948.723806,5.83, 305, 50
1791642949.724284,5.66, 305, 50
1791642950.724376,5.65, 208, 50
1791642951.724927,5.63, 305, 49
1791642952.725086,5.57, 208, 49
1791642953.725291,5.69, 208, 49
1791642954.725405,5.80, 305, 49
1791642955.728400,5.80, 305, 49
1791642956.725913,5.70, 305, 49
1791642957.726093,5.69, 208, 49
1791642958.726203,5.72, 305, 49
1791642959.726402,5.70, 208, 49
1791642960.726492,5.75, 305, 49
1791642961.727230,5.76, 305, 49
1791642962.727193,5.81, 305, 49
1791642963.727410,5.73, 305, 49
1791642964.727769,5.71, 208, 49
1791642965.727772,5.68, 305, 49
1791642966.727874,5.66, 208, 49
1791642967.728088,5.75, 305, 49
1791642968.728704,5.79, 305, 49
1791642969.729283,5.79, 305, 49
1791642970.729222,5.68, 305, 49
1791642971.729620,5.65, 208, 49
1791642972.730238,5.65, 305, 49
1791642973.730568,5.61, 208, 49
1791642974.730645,5.63, 305, 49
1791642975.730771,5.69, 305, 49
1791642976.731425,5.78, 305, 49
1791642977.731471,5.78, 305, 49
1791642978.731537,5.64, 305, 48
1791642979.731550,5.61, 208, 48
1791642980.732320,5.67, 305, 48
1791642981.733005,5.64, 208, 48
1791642982.732942,5.71, 305, 48
1791642983.733135,5.75, 305, 48
1791642984.733826,5.75, 305, 48
1791642985.733925,7.20, 2190, 49
1791642986.734103,10.51, 2190, 49
1791642987.734566,10.71, 2190, 49
1791642988.735035,10.68, 2190, 49
1791642989.734813,10.71, 2190, 49
1791642990.734995,10.69, 2190, 49
1791642991.735253,10.71, 2190, 49
1791642992.735438,10.65, 2190, 49
1791642993.736033,10.68, 2190, 49
1791642994.735861,10.68, 2190, 49
1791642995.736084,10.68, 2190, 49
1791642996.736307,10.69, 2190, 49
1791642997.736523,10.72, 2190, 49
1791642998.736715,10.51, 2190, 49
1791642999.736874,10.15, 2190, 49
1791643000.737088,10.16, 2190, 49
1791643001.737085,10.23, 2190, 49
1791643002.737378,10.22, 2190, 49
1791643003.737593,10.27, 2190, 49
1791643004.737778,10.16, 2190, 49
1791643005.737964,10.15, 2190, 49
1791643006.738187,10.17, 2190, 49
1791643007.739250,10.14, 2190, 49
1791643008.739427,10.17, 2190, 49
1791643009.739817,10.16, 2190, 49
1791643010.739842,10.15, 2190, 49
1791643011.739958,10.14, 2190, 49
1791643012.740191,10.15, 2190, 49
1791643013.740273,10.17, 2190, 49
1791643014.740483,10.19, 2190, 49
1791643015.740686,10.18, 2190, 49
1791643016.741407,10.16, 2190, 49
1791643017.741609,10.13, 2190, 49
1791643018.741721,10.12, 2190, 48
1791643019.741911,10.15, 2190, 49
1791643020.742002,10.12, 2190, 48
1791643021.742210,10.15, 2190, 49
1791643022.742512,10.15, 2190, 49
1791643023.742810,10.14, 2190, 49
1791643024.743133,10.09, 2190, 49
1791643025.743772,10.14, 2190, 49
1791643026.743964,10.12, 2190, 49
1791643027.744194,10.10, 2190, 49
1791643028.744176,10.12, 2190, 49
1791643029.744257,10.12, 2190, 49
1791643030.744662,10.11, 2190, 49
1791643031.744570,10.13, 2190, 49
1791643032.745084,10.16, 2190, 49
1791643033.745485,11.70, 2190, 50
1791643034.744933,13.02, 2190, 49
1791643035.745632,11.22, 2190, 49
1791643036.746423,10.31, 2190, 49
1791643037.746757,10.67, 2190, 49
1791643038.747466,15.29, 2190, 49
1791643039.747773,10.19, 2190, 49
1791643040.748476,10.17, 2190, 49
1791643041.748935,10.18, 2190, 49
1791643042.749516,10.17, 2190, 49
1791643043.749892,10.19, 2190, 48
1791643044.750124,12.14, 2190, 49
1791643045.750303,31.86, 2184, 53
1791643046.749965,15.89, 2190, 50
1791643047.750279,17.80, 2190, 50
1791643048.751487,18.53, 2190, 51
1791643049.751094,18.66, 2190, 51
1791643050.751982,31.77, 2184, 50
1791643051.752495,28.73, 2184, 51
1791643052.752546,22.43, 2190, 51
1791643053.752724,11.09, 2190, 50
1791643054.752955,10.27, 2190, 50
1791643055.753171,10.25, 2190, 50
1791643056.753381,10.25, 2190, 50
1791643057.753549,10.25, 2190, 49
1791643058.753772,40.10, 2184, 60
1791643059.753375,61.32, 2177, 61
1791643060.753663,58.07, 2177, 60
1791643061.753796,62.95, 2177, 62
1791643062.754321,60.47, 2177, 59
1791643063.754456,60.49, 2177, 62
1791643064.754428,63.72, 2177, 63
1791643065.754907,60.03, 2177, 59
1791643066.755211,61.58, 2177, 63
1791643067.755337,63.45, 2177, 64
1791643068.755948,58.52, 2171, 59
1791643069.756128,54.18, 2177, 55
1791643070.756172,10.70, 2184, 53
1791643071.756677,14.18, 2184, 57
1791643072.756997,40.65, 2177, 58
1791643073.757128,29.57, 2184, 54
1791643074.757315,10.71, 2184, 53
1791643075.757765,16.65, 2184, 55
1791643076.757843,28.68, 2184, 56
1791643077.758028,34.82, 2184, 57
1791643078.758732,34.46, 2184, 58
1791643079.758624,33.46, 2184, 57
1791643080.758752,33.68, 2184, 58
1791643081.759453,19.52, 2184, 53
1791643082.759865,11.40, 2184, 53
1791643083.760060,12.56, 2184, 53
1791643084.760264,12.60, 2184, 53
1791643085.760467,12.11, 2184, 53
1791643086.760574,11.63, 2190, 52
1791643087.760660,11.78, 2190, 52
1791643088.760790,12.39, 2190, 52
1791643089.760885,12.47, 2190, 52
1791643090.760978,15.30, 2184, 53
1791643091.761060,12.13, 2190, 52
1791643092.761469,10.46, 2190, 51
1791643093.761718,10.44, 2190, 51
1791643094.761644,10.44, 2190, 51
1791643095.761846,10.39, 2190, 51
1791643096.762568,10.42, 2190, 51
1791643097.762783,10.37, 2190, 51
1791643098.762751,10.39, 2190, 51
1791643099.763281,10.40, 2190, 51
1791643100.763058,10.37, 2190, 51
1791643101.763327,10.37, 2190, 51
1791643102.763829,10.33, 2190, 50
1791643103.764854,10.32, 2190, 50
1791643104.764748,10.31, 2190, 50
1791643105.765473,10.32, 2190, 50
1791643106.765920,10.31, 2190, 50
1791643107.765921,10.28, 2190, 50
1791643108.766875,10.28, 2190, 50
1791643109.767215,12.89, 2190, 50
1791643110.767882,10.27, 2190, 50
1791643111.768484,10.26, 2190, 49
1791643112.769092,10.23, 2190, 49
1791643113.769635,10.18, 2190, 49
1791643114.770893,10.17, 2190, 49
1791643115.770952,10.20, 2190, 49
1791643116.771243,10.20, 2190, 49
1791643117.771829,10.16, 2190, 49
1791643118.771929,10.14, 2190, 49
1791643119.772755,10.14, 2190, 49
1791643120.772886,10.14, 2190, 48
1791643121.774050,10.14, 2190, 48
1791643122.774550,10.13, 2190, 48
1791643123.775182,10.12, 2190, 48
1791643124.775027,10.10, 2190, 48
1791643125.775989,10.11, 2190, 48
1791643126.776545,10.10, 2190, 48
1791643127.777310,10.09, 2190, 48
1791643128.777812,10.08, 2190, 48
1791643129.778483,10.06, 2190, 48
1791643130.778342,10.08, 2190, 48
1791643131.779503,10.06, 2190, 48
1791643132.779598,10.03, 2190, 47
1791643133.780652,10.05, 2190, 47
1791643134.781239,10.04, 2190, 47
1791643135.781036,10.00, 2190, 47
1791643136.782059,10.02, 2190, 47
1791643137.783357,10.03, 2190, 47
1791643138.783812,10.03, 2190, 47
1791643139.784313,10.02, 2190, 47
1791643140.785005,10.03, 2190, 47
1791643141.785436,10.06, 2190, 47
1791643142.785985,10.04, 2190, 47
1791643143.786582,10.02, 2190, 47
1791643144.787149,10.01, 2190, 47
1791643145.787830,10.02, 2190, 47
1791643146.787937,9.97, 2190, 47
1791643147.788467,9.96, 2190, 47
1791643148.788676,9.98, 2190, 47
1791643149.789427,9.98, 2190, 47
1791643150.789925,9.98, 2190, 46
1791643151.789704,9.97, 2190, 46
1791643152.790104,9.98, 2190, 46
1791643153.790842,9.99, 2190, 46
1791643154.790269,9.99, 2190, 46
1791643155.791328,9.96, 2190, 46
1791643156.791726,9.99, 2190, 46
1791643157.791862,9.97, 2190, 46
1791643158.792436,9.98, 2190, 46
1791643159.792862,9.99, 2190, 46
1791643160.793254,9.98, 2190, 46
1791643161.793940,9.97, 2190, 46
1791643162.794508,9.95, 2190, 46
1791643163.794754,9.94, 2190, 46
1791643164.795342,9.95, 2190, 46
1791643165.795882,9.98, 2190, 46
1791643166.796468,9.98, 2190, 46
1791643167.797034,9.99, 2190, 46
1791643168.797560,9.98, 2190, 46
1791643169.798124,9.97, 2190, 46
1791643170.798095,9.96, 2190, 46
1791643171.798702,9.96, 2190, 46
1791643172.799228,9.95, 2190, 46
1791643173.799272,9.96, 2190, 46
1791643174.800086,9.97, 2190, 46
1791643175.800494,9.96, 2190, 46
1791643176.801068,9.96, 2190, 46
1791643177.801686,9.95, 2190, 46
1791643178.802421,9.94, 2190, 46
1791643179.802756,9.93, 2190, 46
1791643180.803246,9.91, 2190, 46
1791643181.803676,9.95, 2190, 46
1791643182.804672,9.94, 2190, 46
1791643183.804932,9.95, 2190, 46
1791643184.806187,9.95, 2190, 46
1791643185.806543,9.95, 2190, 46
1791643186.807114,9.94, 2190, 46
1791643187.807829,9.94, 2190, 46
1791643188.808429,9.95, 2190, 46
1791643189.808846,9.93, 2190, 46
1791643190.809449,9.93, 2190, 46
1791643191.810456,9.95, 2190, 46
1791643192.811432,9.94, 2190, 46
1791643193.811976,9.93, 2190, 46
1791643194.812539,9.95, 2190, 46
1791643195.813206,9.94, 2190, 46
1791643196.814252,9.93, 2190, 46
1791643197.814098,9.93, 2190, 46
1791643198.814541,9.91, 2190, 46
1791643199.814718,9.90, 2190, 46
1791643200.815068,9.90, 2190, 46
1791643201.816158,9.94, 2190, 46
1791643202.816316,9.91, 2190, 46
1791643203.817294,9.92, 2190, 46
1791643204.817623,9.90, 2190, 46
1791643205.818236,9.89, 2190, 46
1791643206.818702,9.90, 2190, 46
1791643207.819163,9.91, 2190, 46
1791643208.820458,9.87, 2190, 46
1791643209.819781,9.88, 2190, 46
1791643210.819882,9.86, 2190, 46
1791643211.820475,9.84, 2190, 46
1791643212.820903,9.83, 2190, 46
1791643213.821388,9.85, 2190, 46
1791643214.821350,9.88, 2190, 46
1791643215.821622,9.86, 2190, 46
1791643216.822124,9.86, 2190, 46
1791643217.822214,9.86, 2190, 46
1791643218.822545,9.86, 2190, 46
1791643219.823235,9.87, 2190, 46
1791643220.823190,9.88, 2190, 46
1791643221.823409,9.87, 2190, 46
1791643222.824031,9.88, 2190, 46
1791643223.824011,9.90, 2190, 46
1791643224.824211,9.91, 2190, 46
1791643225.824810,9.88, 2190, 46
1791643226.825435,9.86, 2190, 46
1791643227.825846,9.90, 2190, 46
1791643228.826450,9.91, 2190, 46
1791643229.827340,9.90, 2190, 46
1791643230.828085,13.90, 2190, 48
1791643231.828004,22.76, 2184, 50
1791643232.828157,31.67, 2184, 49
1791643233.828405,22.20, 2190, 49
1791643234.828479,22.18, 2190, 49
1791643235.828900,24.68, 2184, 52
1791643236.829002,31.82, 2184, 50
1791643237.829227,22.18, 2190, 50
1791643238.829550,22.19, 2190, 51
1791643239.829688,22.14, 2190, 51
1791643240.829779,22.19, 2190, 51
1791643241.830103,22.28, 2190, 51
1791643242.830314,22.29, 2190, 51
1791643243.830929,22.33, 2190, 51
1791643244.831488,30.56, 2177, 54
1791643245.832163,26.09, 2190, 52
1791643246.832646,22.37, 2190, 52
1791643247.833404,22.41, 2190, 52
1791643248.834078,22.41, 2190, 52
1791643249.834673,22.55, 2190, 52
1791643250.835124,22.55, 2190, 53
1791643251.835741,22.49, 2190, 53
1791643252.836410,22.63, 2190, 53
1791643253.836584,22.12, 2190, 52
1791643254.836771,34.93, 2177, 55
1791643255.837006,22.67, 2184, 53
1791643256.837064,22.62, 2184, 53
1791643257.837571,22.68, 2184, 54
1791643258.837603,22.68, 2184, 54
1791643259.838178,22.69, 2184, 54
1791643260.838429,22.69, 2184, 54
1791643261.838675,22.75, 2184, 54
1791643262.838786,22.72, 2184, 54
1791643263.839402,12.74, 2190, 52
1791643264.839696,14.30, 2190, 53
1791643265.839551,21.91, 2184, 54
1791643266.839827,34.40, 2177, 55
1791643267.841040,31.03, 2177, 57
1791643268.840973,38.52, 2177, 58
1791643269.841281,35.13, 2184, 57
1791643270.841415,32.40, 2177, 58
1791643271.842584,38.53, 2177, 58
1791643272.842313,33.66, 2184, 55
1791643273.842912,36.00, 2177, 58
1791643274.843653,26.00, 2184, 56
1791643275.843906,25.90, 2184, 56
1791643276.844681,25.99, 2184, 56
1791643277.845384,25.71, 2184, 56
1791643278.845697,25.77, 2184, 57
1791643279.846167,25.50, 2184, 57
1791643280.846850,25.64, 2184, 57
1791643281.847219,25.10, 2184, 57
1791643282.848269,24.81, 2184, 57
1791643283.848379,24.60, 2184, 57
1791643284.848785,24.01, 2184, 57
1791643285.849503,23.98, 2184, 57
1791643286.849792,24.05, 2184, 57
1791643287.850660,24.00, 2184, 58
1791643288.850644,24.00, 2184, 57
1791643289.851393,24.17, 2184, 57
1791643290.852095,24.03, 2184, 57
1791643291.852776,24.01, 2184, 57
1791643292.853265,23.68, 2184, 57
1791643293.854444,24.25, 2184, 59
1791643294.855019,39.15, 2177, 60
1791643295.855204,29.94, 2184, 59
1791643296.855348,38.96, 2177, 62
1791643297.856013,39.20, 2177, 61
1791643298.856166,30.45, 2184, 60
1791643299.856874,39.02, 2177, 62
1791643300.857270,39.02, 2177, 61
1791643301.857770,30.14, 2184, 59
1791643302.858182,26.03, 2184, 59
1791643303.859098,25.93, 2184, 59
1791643304.859537,26.06, 2184, 59
1791643305.859763,25.85, 2184, 59
1791643306.860214,25.97, 2184, 59
1791643307.861317,25.91, 2184, 59
1791643308.861221,25.58, 2184, 59
1791643309.861998,25.55, 2184, 59
1791643310.862666,25.49, 2184, 59
1791643311.862832,25.43, 2184, 59
1791643312.863600,25.24, 2184, 59
1791643313.864225,25.27, 2184, 59
1791643314.864461,25.30, 2184, 60
1791643315.864947,25.49, 2184, 59
1791643316.865284,25.36, 2184, 59
1791643317.866475,25.24, 2184, 59
1791643318.866552,25.22, 2184, 59
1791643319.866995,25.24, 2184, 60
1791643320.867444,25.14, 2184, 60
1791643321.868416,24.99, 2184, 60
1791643322.868687,24.95, 2184, 60
1791643323.868825,24.62, 2184, 60
1791643324.869193,23.69, 2184, 62
1791643325.869813,34.57, 2177, 59
1791643326.870267,37.02, 2177, 62
1791643327.870549,39.44, 2171, 63
1791643328.871301,31.14, 2184, 61
1791643329.871823,39.17, 2171, 63
1791643330.872004,39.51, 2177, 63
1791643331.872283,32.85, 2184, 62
1791643332.872641,34.87, 2177, 61
1791643333.872890,26.89, 2184, 61
1791643334.873517,26.60, 2184, 61
1791643335.874200,26.76, 2184, 61
1791643336.874506,26.40, 2184, 61
1791643337.875021,26.67, 2184, 61
1791643338.875165,26.83, 2184, 61
1791643339.875373,26.63, 2184, 62
1791643340.876008,26.47, 2184, 62
1791643341.875820,25.95, 2184, 61
1791643342.876020,26.05, 2184, 61
1791643343.876255,25.93, 2184, 61
1791643344.876406,25.93, 2184, 62
1791643345.876721,25.87, 2184, 61
1791643346.876977,25.01, 2184, 61
1791643347.877779,24.85, 2184, 61
1791643348.877831,24.71, 2184, 61
1791643349.878056,24.61, 2184, 62
1791643350.878326,24.39, 2184, 61
1791643351.878609,24.21, 2184, 61
1791643352.879612,22.77, 2184, 62
1791643353.880184,39.57, 2171, 64
1791643354.880774,39.55, 2177, 64
1791643355.881944,30.20, 2184, 63
1791643356.882461,39.61, 2171, 64
1791643357.882737,39.81, 2171, 64
1791643358.883011,32.94, 2177, 65
1791643359.883304,39.37, 2171, 65
1791643360.883426,32.70, 2177, 62
1791643361.883825,26.84, 2177, 62
1791643362.883935,26.97, 2177, 63
1791643363.884221,26.91, 2177, 62
1791643364.884445,26.90, 2177, 62
1791643365.884964,26.73, 2177, 62
1791643366.884781,26.44, 2177, 62
1791643367.885402,26.18, 2177, 62
1791643368.886008,26.36, 2177, 62
1791643369.885924,26.25, 2177, 62
1791643370.886240,26.17, 2177, 62
1791643371.886459,26.25, 2177, 62
1791643372.886679,25.98, 2177, 63
1791643373.887095,25.14, 2177, 62
1791643374.887363,24.80, 2177, 62
1791643375.887553,24.76, 2177, 62
1791643376.887818,24.73, 2177, 62
1791643377.888052,24.69, 2177, 62
1791643378.888313,24.42, 2184, 62
1791643379.888452,24.01, 2184, 62
1791643380.889084,18.99, 2184, 60
1791643381.889140,11.35, 2184, 60
1791643382.889525,21.16, 2184, 61
1791643383.889738,33.96, 2171, 64
1791643384.890071,25.75, 2184, 62
1791643385.890627,35.10, 2171, 65
1791643386.890581,25.51, 2184, 62
1791643387.890731,23.60, 2184, 62
1791643388.891146,23.52, 2184, 62
1791643389.891225,23.53, 2184, 62
1791643390.891356,23.54, 2184, 62
1791643391.891456,23.70, 2184, 62
1791643392.891746,27.17, 2184, 64
1791643393.891844,33.63, 2177, 63
1791643394.892681,23.64, 2177, 62
1791643395.893246,23.63, 2177, 62
1791643396.893468,23.58, 2177, 62
1791643397.893814,23.75, 2177, 62
1791643398.894238,24.13, 2177, 62
1791643399.894678,24.05, 2177, 62
1791643400.894974,24.13, 2177, 63
1791643401.895251,24.34, 2177, 64
1791643402.895932,35.90, 2171, 63
1791643403.896569,23.63, 2184, 62
1791643404.896851,23.71, 2184, 62
1791643405.896875,17.27, 2184, 60
1791643406.896902,13.44, 2184, 61
1791643407.897198,25.73, 2184, 64
1791643408.897379,32.74, 2171, 61
1791643409.897761,39.43, 2171, 65
1791643410.898169,39.99, 2171, 65
1791643411.898517,35.85, 2177, 65
1791643412.898975,39.71, 2177, 65
1791643413.899219,39.80, 2171, 66
1791643414.899489,33.03, 2171, 65
1791643415.900141,32.78, 2177, 64
1791643416.900871,26.38, 2177, 63
1791643417.900728,26.00, 2177, 63
1791643418.900935,24.93, 2177, 63
1791643419.901197,24.88, 2177, 63
1791643420.901412,24.86, 2177, 63
1791643421.901604,25.00, 2177, 63
1791643422.901855,25.01, 2177, 63
1791643423.902079,24.98, 2177, 63
1791643424.902315,24.99, 2177, 64
1791643425.902623,24.92, 2177, 63
1791643426.903101,24.99, 2177, 63
1791643427.903320,24.96, 2177, 63
1791643428.903715,24.93, 2177, 63
1791643429.903950,25.04, 2177, 63
1791643430.904223,24.69, 2177, 63
1791643431.904417,24.06, 2177, 63
1791643432.904599,34.54, 2171, 66
1791643433.905258,38.66, 2171, 64
1791643434.905613,34.51, 2171, 66
1791643435.906098,39.95, 2171, 66
1791643436.906345,35.95, 2177, 64
1791643437.906660,34.82, 2171, 66
1791643438.906638,40.00, 2171, 66
1791643439.906867,35.74, 2177, 65
1791643440.907051,27.08, 2177, 64
1791643441.907215,26.24, 2177, 64
1791643442.907455,26.18, 2177, 65
1791643443.907668,26.09, 2177, 64
1791643444.907764,26.05, 2177, 64
1791643445.907989,25.86, 2177, 64
1791643446.908047,25.88, 2177, 64
1791643447.908289,25.93, 2177, 64
1791643448.908495,26.11, 2177, 64
1791643449.908739,25.94, 2177, 64
1791643450.909032,26.06, 2177, 65
1791643451.909216,26.03, 2177, 64
1791643452.909341,25.90, 2177, 64
1791643453.909898,26.06, 2177, 65
1791643454.910403,25.87, 2177, 64
1791643455.910516,25.71, 2177, 64
1791643456.910929,25.93, 2177, 65
1791643457.911161,26.09, 2177, 65
1791643458.911409,26.08, 2177, 65
1791643459.911975,25.76, 2177, 65
1791643460.912223,24.94, 2177, 64
1791643461.912516,24.45, 2177, 66
1791643462.912803,39.91, 2171, 67
1791643463.913138,40.32, 2171, 67
1791643464.913589,32.50, 2171, 67
1791643465.914251,40.08, 2177, 67
1791643466.914633,40.40, 2171, 67
1791643467.915447,34.26, 2171, 67
1791643468.915812,40.02, 2171, 68
1791643469.916304,31.42, 2177, 66
1791643470.916623,26.75, 2177, 65
1791643471.917017,26.62, 2177, 65
1791643472.917632,26.32, 2177, 65
1791643473.918487,26.33, 2177, 65
1791643474.918691,26.00, 2177, 65
1791643475.919105,26.14, 2177, 65
1791643476.919231,26.03, 2177, 65
1791643477.919938,26.08, 2177, 65
1791643478.920318,25.93, 2177, 65
1791643479.921052,26.10, 2177, 65
1791643480.921820,26.13, 2177, 66
1791643481.922464,26.08, 2177, 65
1791643482.922620,25.96, 2177, 65
1791643483.923286,26.16, 2177, 65
1791643484.923779,26.20, 2177, 65
1791643485.924465,26.14, 2177, 65
1791643486.924972,26.00, 2177, 65
1791643487.926053,25.75, 2177, 66
1791643488.926173,25.46, 2177, 65
1791643489.927103,30.80, 2171, 68
1791643490.927380,33.08, 2171, 70
1791643491.927970,40.28, 2171, 68
1791643492.928456,40.39, 2171, 69
1791643493.929028,34.80, 2171, 70
1791643494.929835,40.14, 2171, 68
1791643495.930458,40.06, 2171, 69
1791643496.931347,35.73, 2171, 68
1791643497.931481,29.58, 2177, 66
1791643498.931888,27.13, 2177, 66
1791643499.932477,26.64, 2177, 66
1791643500.933186,26.43, 2177, 66
1791643501.934118,26.15, 2177, 66
1791643502.934314,26.35, 2177, 66
1791643503.934908,26.32, 2177, 66
1791643504.935158,26.22, 2177, 66
1791643505.935627,26.13, 2177, 66
1791643506.936308,26.15, 2177, 66
1791643507.936807,26.33, 2177, 66
1791643508.937377,26.32, 2177, 66
1791643509.938407,26.36, 2177, 66
1791643510.938123,26.35, 2177, 66
1791643511.938860,26.44, 2177, 66
1791643512.939296,26.35, 2177, 66
1791643513.939867,26.30, 2177, 66
1791643514.940551,26.22, 2177, 66
1791643515.941247,25.43, 2177, 66
1791643516.942037,25.24, 2177, 66
1791643517.942346,24.69, 2177, 66
1791643518.942951,19.55, 2177, 65
1791643519.943482,24.19, 2177, 65
1791643520.944111,24.29, 2177, 65
1791643521.944837,24.33, 2177, 65
1791643522.945614,24.27, 2177, 66
1791643523.946320,24.36, 2177, 65
1791643524.946691,24.30, 2177, 66
1791643525.947343,24.29, 2177, 65
1791643526.948003,24.20, 2177, 65
1791643527.948457,24.32, 2177, 65
1791643528.949014,24.39, 2177, 65
1791643529.949670,24.34, 2177, 65
1791643530.950666,24.33, 2177, 65
1791643531.950932,24.35, 2177, 66
1791643532.951197,24.26, 2177, 66
1791643533.951580,24.36, 2177, 65
1791643534.952407,24.34, 2177, 65
1791643535.953131,24.31, 2177, 65
1791643536.953649,24.26, 2177, 66
1791643537.953954,24.17, 2177, 65
1791643538.954726,24.08, 2177, 65
1791643539.955871,24.15, 2177, 65
1791643540.955844,24.10, 2177, 65
1791643541.956200,24.20, 2177, 65
1791643542.956522,24.23, 2177, 65
1791643543.957230,24.05, 2177, 65
1791643544.957947,24.17, 2177, 65
1791643545.957948,24.16, 2177, 65
1791643546.958631,24.13, 2177, 65
1791643547.959051,24.25, 2177, 65
1791643548.959298,24.16, 2177, 65
1791643549.959625,24.39, 2177, 65
1791643550.959773,24.27, 2177, 65
1791643551.959877,24.11, 2177, 65
1791643552.959939,24.23, 2177, 65
1791643553.960070,24.24, 2177, 65
1791643554.960454,24.29, 2177, 65
1791643555.960512,24.41, 2177, 65
1791643556.961012,24.32, 2177, 65
1791643557.961671,24.28, 2177, 65
1791643558.962080,24.10, 2177, 65
1791643559.962310,24.09, 2177, 65
1791643560.963038,24.20, 2177, 66
1791643561.963529,24.15, 2177, 65
1791643562.964127,24.11, 2177, 65
1791643563.964791,24.12, 2177, 65
1791643564.965173,24.03, 2177, 65
1791643565.965759,24.09, 2177, 66
1791643566.966460,24.11, 2177, 65
1791643567.967075,24.06, 2177, 66
1791643568.967470,24.14, 2177, 65
1791643569.968003,24.14, 2177, 65
1791643570.968415,24.31, 2177, 65
1791643571.969192,24.30, 2177, 65
1791643572.970187,24.22, 2177, 65
1791643573.969859,24.18, 2177, 65
1791643574.970555,24.01, 2177, 65
1791643575.970893,24.06, 2177, 65
1791643576.971170,24.18, 2177, 65
1791643577.971151,24.20, 2177, 65
1791643578.971376,24.29, 2177, 66
1791643579.971385,24.37, 2177, 66
1791643580.971587,24.33, 2177, 65
1791643581.971703,24.13, 2177, 65
1791643582.971815,24.11, 2177, 65
1791643583.972063,24.06, 2177, 65
1791643584.972192,24.20, 2177, 66
1791643585.972598,24.15, 2177, 65
1791643586.972787,24.22, 2177, 65
1791643587.973151,24.23, 2177, 65
1791643588.973814,24.12, 2177, 65
1791643589.974424,24.03, 2177, 66
1791643590.974491,24.01, 2177, 65
1791643591.975154,24.12, 2177, 66
1791643592.975799,24.37, 2177, 65
1791643593.976357,24.13, 2177, 66
1791643594.976962,24.10, 2177, 66
1791643595.977044,24.17, 2177, 65
1791643596.978278,24.10, 2177, 65
1791643597.977972,24.16, 2177, 65
1791643598.978611,24.29, 2177, 65
1791643599.979343,24.28, 2177, 65
1791643600.979418,24.31, 2177, 65
1791643601.980033,24.28, 2177, 65
1791643602.980508,24.38, 2177, 66
1791643603.980542,24.35, 2177, 66
1791643604.981110,24.25, 2177, 65
1791643605.982321,24.23, 2177, 65
1791643606.982483,24.36, 2177, 66
1791643607.982455,24.32, 2177, 66
1791643608.983153,24.28, 2177, 65
1791643609.983490,24.25, 2177, 65
1791643610.984160,24.27, 2177, 66
1791643611.984437,24.24, 2177, 65
1791643612.984964,24.25, 2177, 65
1791643613.985827,24.25, 2177, 66
1791643614.986061,24.29, 2177, 65
1791643615.986831,24.18, 2177, 65
1791643616.987328,24.10, 2177, 66
1791643617.987624,24.14, 2177, 66
1791643618.988764,24.17, 2177, 66
1791643619.989020,24.23, 2177, 66
1791643620.989829,24.22, 2177, 66
1791643621.990303,24.26, 2177, 66
1791643622.990498,24.29, 2177, 66
1791643623.991361,24.33, 2177, 66
1791643624.992120,24.12, 2177, 66
1791643625.992582,24.21, 2177, 66
1791643626.993202,24.27, 2177, 66
1791643627.993577,24.27, 2177, 66
1791643628.994191,24.32, 2177, 66
1791643629.994857,24.37, 2177, 66
1791643630.995628,24.40, 2177, 66
1791643631.996137,24.32, 2177, 66
1791643632.996719,24.36, 2177, 66
1791643633.997009,24.35, 2177, 66
1791643634.997811,24.67, 2177, 66
1791643635.997745,24.21, 2177, 66
1791643636.998938,24.36, 2177, 66
1791643637.999111,24.20, 2177, 66
1791643638.999726,24.26, 2177, 66
1791643640.000192,24.22, 2177, 66
1791643641.000790,24.28, 2177, 66
1791643642.001464,24.29, 2177, 66
1791643643.001886,24.46, 2177, 66
1791643644.002461,24.40, 2177, 66
1791643645.002866,24.46, 2177, 66
1791643646.003375,24.44, 2177, 66
1791643647.003960,24.65, 2177, 66
1791643648.004582,24.29, 2177, 66
1791643649.005021,24.26, 2177, 66
1791643650.005595,24.45, 2177, 66
1791643651.006089,24.34, 2177, 66
1791643652.006637,24.32, 2177, 66
1791643653.007230,24.44, 2177, 66
1791643654.008256,24.45, 2177, 66
1791643655.008302,24.50, 2177, 66
1791643656.009133,24.31, 2177, 66
1791643657.009743,24.29, 2177, 66
1791643658.010325,24.21, 2177, 66
1791643659.010942,24.13, 2177, 66
1791643660.011885,24.09, 2177, 66
1791643661.012632,24.13, 2177, 66
1791643662.012557,24.15, 2177, 66
1791643663.013157,24.07, 2177, 66
1791643664.014052,24.42, 2177, 66
1791643665.014504,24.31, 2177, 66
1791643666.014906,24.34, 2177, 66
1791643667.015237,24.28, 2177, 66
1791643668.016173,24.36, 2177, 66
1791643669.016916,24.11, 2177, 66
1791643670.016906,24.11, 2177, 66
1791643671.017279,24.30, 2177, 66
1791643672.017473,24.38, 2177, 66
1791643673.017696,24.39, 2177, 66
1791643674.017970,24.39, 2177, 66
1791643675.018133,24.33, 2177, 66
1791643676.018585,24.21, 2177, 66
1791643677.018974,24.30, 2177, 66
1791643678.019114,24.30, 2177, 66
1791643679.019354,24.43, 2177, 66
1791643680.019682,24.39, 2177, 66
1791643681.020363,24.36, 2177, 66
1791643682.021066,24.18, 2177, 66
1791643683.020954,24.00, 2177, 66
1791643684.021353,24.15, 2177, 66
1791643685.021542,24.23, 2177, 66
1791643686.022199,24.40, 2177, 67
1791643687.022445,24.35, 2177, 66
1791643688.022962,24.30, 2177, 66
1791643689.022878,24.23, 2177, 66
1791643690.023138,24.41, 2177, 66
1791643691.023414,24.38, 2177, 66
1791643692.023830,24.40, 2177, 66
1791643693.023853,24.86, 2177, 66
1791643694.024145,24.32, 2177, 66
1791643695.024393,24.35, 2177, 66
1791643696.025039,24.29, 2177, 66
1791643697.024847,24.30, 2177, 66
1791643698.025053,24.25, 2177, 66
1791643699.025304,24.22, 2177, 66
1791643700.025569,24.33, 2177, 66
1791643701.025813,24.41, 2177, 66
1791643702.026027,24.39, 2177, 66
1791643703.026690,24.41, 2177, 66
1791643704.026433,24.45, 2177, 66
1791643705.026509,24.46, 2177, 66
1791643706.027550,24.33, 2177, 66
1791643707.027625,24.52, 2177, 67
1791643708.027889,24.49, 2177, 66
1791643709.028133,24.44, 2177, 67
1791643710.029145,24.36, 2177, 66
1791643711.029125,24.25, 2177, 67
1791643712.029953,24.21, 2177, 66
1791643713.030074,24.23, 2177, 66
1791643714.030330,24.25, 2177, 67
1791643715.030917,24.27, 2177, 66
1791643716.031193,24.39, 2177, 66
1791643717.031682,24.33, 2177, 66
1791643718.032494,24.30, 2177, 66
1791643719.033073,24.20, 2177, 67
1791643720.033278,24.15, 2177, 66
1791643721.033957,24.16, 2177, 66
1791643722.034145,24.36, 2177, 66
1791643723.034892,24.31, 2177, 66
1791643724.035735,24.36, 2177, 66
1791643725.035831,24.43, 2177, 66
1791643726.036532,24.44, 2177, 67
1791643727.037121,24.44, 2177, 67
1791643728.037554,24.22, 2177, 66
1791643729.037994,24.35, 2177, 67
1791643730.038116,24.45, 2177, 66
1791643731.039344,24.37, 2177, 66
1791643732.039597,24.22, 2177, 66
1791643733.039986,24.18, 2177, 67
1791643734.040860,24.23, 2177, 66
1791643735.041093,24.19, 2177, 66
1791643736.041560,24.38, 2177, 66
1791643737.042051,24.35, 2177, 66
1791643738.042173,24.42, 2177, 66
1791643739.043356,24.38, 2177, 66
1791643740.043171,24.35, 2177, 66
1791643741.044029,24.26, 2177, 66
1791643742.043913,24.28, 2177, 66
1791643743.044538,24.31, 2177, 67
1791643744.044629,24.46, 2177, 66
1791643745.044759,24.42, 2177, 66
1791643746.045397,24.42, 2177, 66
1791643747.046386,24.42, 2177, 67
1791643748.046170,24.66, 2177, 67
1791643749.046614,24.25, 2177, 67
1791643750.047590,24.36, 2177, 66
1791643751.048000,24.53, 2177, 66
1791643752.048056,24.42, 2177, 67
1791643753.048272,24.46, 2177, 67
1791643754.049052,24.32, 2177, 66
1791643755.048903,24.39, 2177, 67
1791643756.049257,24.41, 2177, 66
1791643757.049469,24.39, 2177, 66
1791643758.049714,24.35, 2177, 67
1791643759.049817,24.39, 2177, 67
1791643760.050061,24.26, 2177, 67
1791643761.050820,24.33, 2177, 66
1791643762.051290,24.33, 2177, 66
1791643763.051590,24.34, 2177, 67
1791643764.052165,24.34, 2177, 67
1791643765.052843,24.48, 2177, 67
1791643766.053176,24.42, 2177, 67
1791643767.054115,24.55, 2177, 67
1791643768.054442,24.48, 2177, 67
1791643769.054832,24.41, 2177, 67
1791643770.055439,24.37, 2177, 67
1791643771.056079,24.35, 2177, 67
1791643772.056520,24.55, 2177, 67
1791643773.057134,24.55, 2177, 67
1791643774.057580,24.55, 2177, 67
1791643775.058337,24.42, 2177, 67
1791643776.058853,24.61, 2177, 67
1791643777.059076,24.63, 2177, 67
1791643778.059987,24.50, 2177, 67
1791643779.060294,24.49, 2177, 67
1791643780.060839,24.38, 2177, 67
1791643781.061348,24.39, 2177, 67
1791643782.061572,24.33, 2177, 67
1791643783.061919,24.36, 2177, 67
1791643784.062630,24.34, 2177, 67
1791643785.062876,24.30, 2177, 67
1791643786.063687,24.55, 2177, 67
1791643787.064423,24.57, 2177, 67
1791643788.064980,24.63, 2177, 67
1791643789.065675,24.62, 2177, 67
1791643790.066268,24.48, 2177, 67
1791643791.066873,24.45, 2177, 67
1791643792.067970,24.42, 2177, 67
1791643793.067869,24.49, 2177, 67
1791643794.068513,24.61, 2177, 67
1791643795.069202,24.62, 2177, 67
1791643796.069705,24.61, 2177, 67
1791643797.070353,24.58, 2177, 67
1791643798.071044,24.48, 2177, 67
1791643799.071672,24.30, 2177, 67
1791643800.071808,24.50, 2177, 67
1791643801.071804,24.58, 2177, 67
1791643802.072191,24.52, 2177, 67
1791643803.072728,24.54, 2177, 67
1791643804.073333,24.49, 2177, 67
1791643805.074032,24.70, 2177, 67
1791643806.074447,24.62, 2177, 67
1791643807.075022,24.60, 2177, 67
1791643808.075303,24.69, 2177, 67
1791643809.075517,24.57, 2177, 67
1791643810.076484,24.73, 2177, 67
1791643811.077139,24.72, 2177, 67
1791643812.077343,24.68, 2177, 67
1791643813.078079,24.67, 2177, 67
1791643814.078779,24.68, 2177, 67
1791643815.079351,24.72, 2177, 67
1791643816.080043,24.65, 2177, 67
1791643817.080949,24.55, 2177, 67
1791643818.081397,24.41, 2177, 67
1791643819.081766,24.34, 2177, 67
1791643820.082429,24.38, 2177, 67
1791643821.083053,24.37, 2177, 67
1791643822.083459,24.57, 2177, 67
1791643823.083736,24.45, 2177, 67
1791643824.084531,24.31, 2177, 67
1791643825.085058,24.35, 2177, 67
1791643826.085769,24.37, 2177, 67
1791643827.086518,24.39, 2177, 67
1791643828.086445,24.34, 2177, 67
1791643829.086749,24.51, 2177, 67
1791643830.087438,24.52, 2177, 67
1791643831.088348,24.58, 2177, 67
1791643832.088439,24.62, 2177, 67
1791643833.088979,24.31, 2177, 67
1791643834.089839,24.44, 2177, 67
1791643835.090589,24.32, 2177, 67
1791643836.091211,24.64, 2177, 67
1791643837.091348,24.70, 2177, 67
1791643838.091434,24.62, 2177, 67
1791643839.092118,24.48, 2177, 67
1791643840.092467,24.32, 2177, 67
1791643841.093041,24.34, 2177, 67
1791643842.093767,24.37, 2177, 67
1791643843.094465,24.49, 2177, 67
1791643844.094930,24.62, 2177, 67
1791643845.095409,24.58, 2177, 67
1791643846.095890,24.62, 2177, 67
1791643847.096005,24.59, 2177, 67
1791643848.096480,24.65, 2177, 67
1791643849.097449,24.48, 2177, 67
1791643850.097227,24.48, 2177, 67
1791643851.098499,24.61, 2177, 67
1791643852.098929,24.55, 2177, 67
1791643853.099616,24.53, 2177, 67
1791643854.100347,24.56, 2177, 67
1791643855.100505,24.63, 2177, 67
1791643856.101254,24.53, 2177, 67
1791643857.101724,24.42, 2177, 67
1791643858.102263,24.45, 2177, 67
1791643859.102913,24.47, 2177, 67
1791643860.103593,24.65, 2177, 67
1791643861.103475,24.56, 2177, 67
1791643862.103993,24.47, 2177, 67
1791643863.104602,24.37, 2177, 67
1791643864.105287,24.40, 2177, 67
1791643865.106294,24.55, 2177, 67
1791643866.106744,24.75, 2177, 67
1791643867.107237,24.53, 2177, 67
1791643868.107456,24.53, 2177, 67
1791643869.108060,24.43, 2177, 67
1791643870.108526,24.42, 2177, 67
1791643871.109317,24.53, 2177, 67
1791643872.109525,24.61, 2177, 67
1791643873.109891,24.44, 2177, 67
1791643874.110556,24.46, 2177, 67
1791643875.111218,24.49, 2177, 67
1791643876.112206,24.45, 2177, 67
1791643877.113069,24.42, 2177, 67
1791643878.113480,24.50, 2177, 67
1791643879.114210,24.52, 2177, 67
1791643880.114663,24.54, 2177, 67
1791643881.115270,24.49, 2177, 67
1791643882.116062,24.53, 2177, 67
1791643883.116066,24.46, 2177, 67
1791643884.116773,24.34, 2177, 67
1791643885.117087,24.40, 2177, 67
1791643886.118035,24.63, 2177, 67
1791643887.118489,24.59, 2177, 67
1791643888.118848,24.61, 2177, 67
1791643889.119525,24.54, 2177, 67
1791643890.120099,24.67, 2177, 67
1791643891.120523,24.62, 2177, 67
1791643892.120811,24.56, 2177, 67
1791643893.121788,24.54, 2177, 67
1791643894.122488,24.64, 2177, 67
1791643895.122678,24.66, 2177, 67
1791643896.123437,24.55, 2177, 67
1791643897.124056,24.66, 2177, 67
1791643898.124388,24.62, 2177, 67
1791643899.125064,24.53, 2177, 67
1791643900.125925,24.60, 2177, 67
1791643901.126106,24.60, 2177, 67
1791643902.127222,24.52, 2177, 67
1791643903.127148,24.59, 2177, 67
1791643904.128091,24.68, 2177, 68
1791643905.128323,24.72, 2177, 67
1791643906.128684,24.24, 2177, 67
1791643907.129239,24.35, 2177, 67
1791643908.130044,24.42, 2177, 67
1791643909.130364,24.50, 2177, 67
1791643910.130638,24.66, 2177, 67
1791643911.131467,24.58, 2177, 67
1791643912.131892,24.63, 2177, 67
1791643913.132530,24.64, 2177, 67
1791643914.133136,24.57, 2177, 67
1791643915.133622,24.58, 2177, 67
1791643916.134253,24.61, 2177, 67
1791643917.134793,24.41, 2177, 67
1791643918.135044,24.55, 2177, 67
1791643919.135236,24.54, 2177, 67
1791643920.136114,24.45, 2177, 68
1791643921.136494,24.64, 2177, 67
1791643922.136743,24.64, 2177, 67
1791643923.136923,24.61, 2177, 67
1791643924.137062,24.74, 2177, 67
1791643925.137229,24.84, 2177, 67
1791643926.137377,24.59, 2177, 67
1791643927.137474,24.73, 2177, 68
1791643928.137605,24.57, 2177, 67
1791643929.137751,24.65, 2177, 67
1791643930.137789,24.73, 2177, 67
1791643931.137914,24.68, 2177, 67
1791643932.138243,24.67, 2177, 67
1791643933.139063,24.64, 2177, 67
1791643934.139294,24.76, 2177, 67
1791643935.140293,24.59, 2177, 67
1791643936.140978,24.69, 2177, 67
1791643937.141495,24.77, 2177, 67
1791643938.142169,24.64, 2177, 67
1791643939.142636,24.61, 2177, 67
1791643940.143271,24.61, 2177, 67
1791643941.143711,24.62, 2177, 67
1791643942.144224,24.60, 2177, 67
1791643943.144997,24.69, 2177, 68
1791643944.145272,24.69, 2177, 67
1791643945.145985,24.65, 2177, 67
1791643946.146254,24.62, 2177, 68
1791643947.146886,24.74, 2177, 67
1791643948.147292,24.44, 2177, 67
1791643949.147880,24.35, 2177, 67
1791643950.148548,24.46, 2177, 67
1791643951.148365,24.76, 2177, 67
1791643952.149141,24.68, 2177, 67
1791643953.149723,24.74, 2177, 67
1791643954.150835,24.56, 2177, 67
1791643955.151060,24.42, 2177, 67
1791643956.151700,24.44, 2177, 68
1791643957.151953,24.46, 2177, 67
1791643958.152520,24.60, 2177, 67
1791643959.153051,24.34, 2177, 67
1791643960.153731,24.58, 2177, 67
1791643961.153645,24.59, 2177, 67
1791643962.154204,24.61, 2177, 68
1791643963.154659,24.62, 2177, 67
1791643964.154929,24.60, 2177, 67
1791643965.155501,24.55, 2177, 67
1791643966.156085,24.57, 2177, 67
1791643967.155951,24.55, 2177, 67
1791643968.156489,24.57, 2177, 67
1791643969.157111,24.61, 2177, 67
1791643970.157513,24.62, 2177, 67
1791643971.158115,24.92, 2177, 67
1791643972.158422,24.39, 2177, 67
1791643973.159013,24.79, 2177, 67
1791643974.158985,24.58, 2177, 67
1791643975.159727,24.71, 2177, 68
1791643976.159535,24.79, 2177, 67
1791643977.160262,24.69, 2177, 67
1791643978.160259,24.66, 2177, 67
1791643979.160546,24.63, 2177, 67
1791643980.161441,24.62, 2177, 67
1791643981.162015,24.65, 2177, 67
1791643982.162517,24.66, 2177, 67
1791643983.162523,24.68, 2177, 68
1791643984.162951,24.52, 2177, 67
1791643985.162983,24.62, 2177, 67
1791643986.163209,24.56, 2177, 67
1791643987.163863,24.65, 2177, 67
1791643988.163992,24.62, 2177, 67
1791643989.164434,24.58, 2177, 67
1791643990.165133,24.62, 2177, 67
1791643991.165250,24.57, 2177, 67
1791643992.165994,24.53, 2177, 67
1791643993.166430,24.51, 2177, 67
1791643994.166777,24.62, 2177, 68
1791643995.167557,24.47, 2177, 67
1791643996.167564,24.48, 2177, 67
1791643997.168039,24.46, 2177, 67
1791643998.168489,24.43, 2177, 67
1791643999.169243,24.49, 2177, 68
1791644000.169874,24.47, 2177, 67
1791644001.170457,24.62, 2177, 67
1791644002.171041,24.67, 2177, 67
1791644003.171160,24.67, 2177, 67
1791644004.171778,24.47, 2177, 68
1791644005.172476,24.57, 2177, 67
1791644006.172860,24.58, 2177, 67
1791644007.173424,24.44, 2177, 67
1791644008.174138,24.67, 2177, 68
1791644009.174496,24.52, 2177, 67
1791644010.175023,24.42, 2177, 67
1791644011.174848,24.41, 2177, 67
1791644012.175236,24.44, 2177, 67
1791644013.175590,24.49, 2177, 67
1791644014.176478,24.47, 2177, 67
1791644015.177246,24.56, 2177, 67
1791644016.178006,24.61, 2177, 67
1791644017.177885,24.44, 2177, 67
1791644018.178718,24.40, 2177, 66
1791644019.179021,24.25, 2177, 66
1791644020.179568,24.34, 2177, 66
1791644021.179799,24.35, 2177, 66
1791644022.180574,24.39, 2177, 66
1791644023.180597,24.42, 2177, 66
1791644024.181429,24.70, 2177, 66
1791644025.181579,24.33, 2177, 66
1791644026.182349,24.28, 2177, 66
1791644027.182906,24.24, 2177, 66
1791644028.183202,24.35, 2177, 66
1791644029.184009,24.39, 2177, 66
1791644030.184635,24.48, 2177, 66
1791644031.185187,24.41, 2177, 66
1791644032.185831,24.33, 2177, 66
1791644033.186707,24.27, 2177, 65
1791644034.187057,24.32, 2177, 66
1791644035.187578,24.19, 2177, 66
1791644036.187994,24.10, 2177, 65
1791644037.188567,24.39, 2177, 65
1791644038.189135,24.30, 2177, 65
1791644039.189696,24.26, 2177, 65
1791644040.189942,24.28, 2177, 65
1791644041.191086,24.30, 2177, 65
1791644042.191430,24.19, 2177, 65
1791644043.191538,24.35, 2177, 65
1791644044.192492,24.33, 2177, 65
1791644045.193114,24.11, 2177, 65
1791644046.193736,24.17, 2177, 65
1791644047.194209,24.17, 2177, 65
1791644048.194985,24.19, 2177, 65
1791644049.195536,24.03, 2177, 65
1791644050.196124,24.07, 2177, 65
1791644051.196681,24.12, 2177, 65
1791644052.196978,24.17, 2177, 65
1791644053.198045,24.15, 2177, 65
1791644054.198289,24.11, 2177, 65
1791644055.198649,24.08, 2177, 65
1791644056.199336,24.08, 2177, 64
1791644057.200281,23.92, 2177, 64
1791644058.200838,24.00, 2177, 64
1791644059.201430,24.14, 2177, 65
1791644060.202089,24.19, 2177, 64
1791644061.202489,24.23, 2177, 64
1791644062.202814,24.15, 2177, 64
1791644063.203079,24.08, 2177, 64
1791644064.203524,24.12, 2177, 64
1791644065.203749,24.19, 2177, 64
1791644066.203714,24.28, 2177, 64
1791644067.203981,24.09, 2177, 64
1791644068.204320,24.17, 2177, 64
1791644069.204687,24.16, 2177, 64
1791644070.204779,24.17, 2177, 64
1791644071.204867,24.17, 2177, 64
1791644072.205140,24.19, 2177, 64
1791644073.205608,24.08, 2177, 64
1791644074.206040,24.10, 2177, 64
1791644075.206236,24.04, 2177, 64
1791644076.206295,24.04, 2177, 64
1791644077.206679,24.01, 2177, 64
1791644078.206787,23.92, 2177, 64
1791644079.206951,24.07, 2177, 64
1791644080.207144,24.11, 2177, 64
1791644081.207364,24.07, 2177, 64
1791644082.207879,24.01, 2177, 64
1791644083.207615,24.02, 2177, 64
1791644084.208247,23.96, 2177, 64
1791644085.208501,23.93, 2177, 64
1791644086.208694,23.98, 2177, 64
1791644087.208815,24.17, 2177, 64
1791644088.209077,24.18, 2177, 64
1791644089.209566,24.11, 2177, 64
1791644090.209690,24.20, 2177, 64
1791644091.209833,24.08, 2177, 64
1791644092.210440,24.02, 2177, 64
1791644093.210422,23.92, 2177, 64
1791644094.210327,24.03, 2177, 64
1791644095.211276,24.15, 2177, 64
1791644096.211161,24.09, 2177, 64
1791644097.211398,23.91, 2177, 64
1791644098.211542,23.92, 2177, 64
1791644099.211855,23.91, 2177, 63
1791644100.212155,23.90, 2177, 63
1791644101.212412,24.02, 2177, 64
1791644102.212573,24.12, 2177, 64
1791644103.212886,24.13, 2177, 64
1791644104.213624,24.09, 2177, 63
1791644105.214688,24.02, 2177, 63
1791644106.214926,23.91, 2177, 64
1791644107.215521,23.99, 2177, 63
1791644108.215568,23.91, 2177, 63
1791644109.215790,24.02, 2177, 63
1791644110.216099,24.03, 2177, 63
1791644111.216314,24.09, 2177, 63
1791644112.216792,23.90, 2177, 63
1791644113.216915,24.03, 2177, 63
1791644114.217058,23.86, 2177, 63
1791644115.217169,24.04, 2177, 63
1791644116.217500,24.19, 2177, 63
1791644117.217749,23.95, 2177, 63
1791644118.217904,24.05, 2177, 63
1791644119.218047,23.94, 2177, 63
1791644120.217974,23.89, 2177, 63
1791644121.218538,23.89, 2177, 63
1791644122.218821,23.94, 2177, 63
1791644123.218861,24.09, 2177, 63
1791644124.218855,24.03, 2177, 63
1791644125.219546,24.05, 2177, 63
1791644126.219863,24.04, 2177, 63
1791644127.219684,23.97, 2177, 63
1791644128.219915,24.08, 2177, 63
1791644129.220866,24.05, 2177, 63
1791644130.220971,24.05, 2177, 63
1791644131.220673,23.92, 2177, 63
1791644132.221452,24.10, 2177, 63
1791644133.221577,24.01, 2177, 63
1791644134.222133,24.04, 2177, 63
1791644135.221817,24.03, 2177, 63
1791644136.222638,24.08, 2177, 63
1791644137.222435,23.86, 2177, 63
1791644138.223097,23.99, 2177, 63
1791644139.223595,23.97, 2177, 63
1791644140.224919,24.01, 2177, 63
1791644141.225071,23.96, 2177, 63
1791644142.225403,23.98, 2184, 63
1791644143.226088,23.85, 2184, 63
1791644144.226775,23.86, 2184, 63
1791644145.227763,23.92, 2184, 63
1791644146.227731,23.98, 2184, 63
1791644147.228244,24.11, 2184, 63
1791644148.228695,23.85, 2184, 63
1791644149.229349,23.78, 2184, 63
1791644150.229491,24.00, 2184, 63
1791644151.230386,23.84, 2184, 63
1791644152.231029,23.97, 2184, 63
1791644153.231691,23.96, 2184, 63
1791644154.232035,23.78, 2184, 63
1791644155.232732,23.84, 2184, 63
1791644156.233062,23.87, 2184, 63
1791644157.233325,23.85, 2184, 63
1791644158.234122,23.76, 2184, 63
1791644159.234497,24.05, 2184, 63
1791644160.235093,23.92, 2184, 63
1791644161.235813,23.82, 2184, 62
1791644162.236925,23.79, 2184, 62
1791644163.236920,23.84, 2184, 62
1791644164.237482,23.73, 2184, 63
1791644165.238302,23.71, 2184, 63
1791644166.238475,23.86, 2184, 62
1791644167.239217,23.72, 2184, 62
1791644168.239979,23.80, 2184, 62
1791644169.240617,23.79, 2184, 62
1791644170.240513,23.78, 2184, 62
1791644171.241474,23.89, 2184, 62
1791644172.241558,23.71, 2184, 62
1791644173.242056,23.92, 2184, 63
1791644174.242048,23.93, 2184, 62
1791644175.242437,23.92, 2184, 62
1791644176.242697,23.89, 2184, 62
1791644177.242937,23.96, 2184, 62
1791644178.243198,23.92, 2184, 63
1791644179.243294,23.89, 2184, 62
1791644180.243883,23.89, 2184, 62
1791644181.244448,23.86, 2184, 62
1791644182.244864,23.92, 2184, 62
1791644183.245060,24.44, 2184, 62
1791644184.244865,23.82, 2184, 62
1791644185.244994,23.80, 2184, 62
1791644186.245116,23.68, 2184, 62
1791644187.246042,23.85, 2184, 62
1791644188.247180,24.03, 2184, 62
1791644189.246770,24.01, 2184, 62
1791644190.247266,24.02, 2184, 62
1791644191.247808,24.05, 2184, 62
1791644192.247772,24.05, 2184, 62
1791644193.248222,24.02, 2184, 62
1791644194.249085,23.91, 2184, 62
1791644195.249297,24.00, 2184, 62
1791644196.250025,23.85, 2184, 62
1791644197.250581,23.71, 2184, 62
1791644198.251443,23.84, 2184, 62
1791644199.251483,23.84, 2184, 62
1791644200.252226,23.82, 2184, 62
1791644201.252966,23.85, 2184, 62
1791644202.253490,24.02, 2184, 62
1791644203.254203,23.94, 2184, 62
1791644204.254278,23.93, 2184, 62
1791644205.254819,23.78, 2184, 62
1791644206.255528,23.81, 2184, 62
1791644207.256131,23.76, 2184, 62
1791644208.256438,23.76, 2184, 62
1791644209.256912,23.92, 2184, 62
1791644210.257330,23.91, 2184, 62
1791644211.257599,23.90, 2184, 62
1791644212.257937,23.95, 2184, 62
1791644213.258068,23.83, 2184, 62
1791644214.258998,23.75, 2184, 62
1791644215.259077,23.76, 2184, 62
1791644216.259148,23.97, 2184, 62
1791644217.259279,23.82, 2184, 62
1791644218.259591,23.63, 2184, 62
1791644219.259788,23.65, 2184, 62
1791644220.259936,23.79, 2184, 62
1791644221.260189,23.80, 2184, 62
1791644222.260336,23.84, 2184, 62
1791644223.260804,23.96, 2184, 62
1791644224.260900,23.97, 2184, 62
1791644225.261035,23.87, 2184, 62
1791644226.261266,23.83, 2184, 62
1791644227.261388,23.99, 2184, 62
1791644228.261816,23.89, 2184, 62
1791644229.261757,23.79, 2184, 62
1791644230.261990,23.83, 2184, 62
1791644231.262259,23.87, 2184, 62
1791644232.262408,23.86, 2184, 62
1791644233.262946,23.86, 2184, 62
1791644234.262984,23.87, 2184, 62
1791644235.263111,23.79, 2184, 62
1791644236.263221,23.86, 2184, 62
1791644237.263443,23.79, 2184, 62
1791644238.263969,23.82, 2184, 62
1791644239.264205,23.90, 2184, 62
1791644240.264427,24.31, 2177, 62
1791644241.265052,23.67, 2184, 62
1791644242.264946,23.82, 2184, 62
1791644243.265020,23.73, 2184, 62
1791644244.265282,23.70, 2184, 62
1791644245.265597,23.92, 2184, 62
1791644246.266205,23.85, 2184, 62
1791644247.266496,23.79, 2184, 62
1791644248.266943,23.75, 2184, 62
1791644249.267119,23.78, 2184, 62
1791644250.267353,23.74, 2184, 62
1791644251.267608,23.76, 2184, 62
1791644252.267980,23.96, 2184, 62
1791644253.267792,23.85, 2184, 62
1791644254.268098,23.95, 2184, 62
1791644255.268277,23.82, 2184, 62
1791644256.268854,23.78, 2184, 62
1791644257.268775,23.77, 2184, 62
1791644258.269148,23.72, 2184, 62
1791644259.269400,23.85, 2184, 62
1791644260.269616,23.85, 2184, 62
1791644261.269838,23.83, 2184, 62
1791644262.270111,23.76, 2184, 62
1791644263.270358,23.80, 2184, 62
1791644264.270744,23.86, 2184, 62
1791644265.270890,23.88, 2184, 62
1791644266.271071,23.89, 2184, 62
1791644267.271153,23.86, 2184, 62
1791644268.271246,23.70, 2184, 62
1791644269.271271,23.65, 2184, 62
1791644270.271843,23.64, 2184, 62
1791644271.271819,23.73, 2184, 62
1791644272.272042,23.62, 2184, 62
1791644273.272170,23.80, 2184, 62
1791644274.272530,23.82, 2184, 62
1791644275.272652,23.76, 2184, 62
1791644276.272822,23.70, 2184, 62
1791644277.273071,23.74, 2184, 62
1791644278.273297,23.54, 2184, 62
1791644279.273566,23.55, 2184, 62
1791644280.273795,23.64, 2184, 62
1791644281.274868,23.64, 2184, 61
1791644282.275609,23.66, 2184, 61
1791644283.275315,23.67, 2184, 61
1791644284.275847,23.67, 2184, 62
1791644285.275974,23.68, 2184, 62
1791644286.276270,23.75, 2184, 61
1791644287.276600,23.76, 2184, 61
1791644288.276995,23.89, 2184, 62
1791644289.277212,23.84, 2184, 62
1791644290.277702,23.81, 2184, 62
1791644291.277647,23.82, 2184, 62
1791644292.277877,23.65, 2184, 61
1791644293.278173,23.74, 2184, 61
1791644294.278441,23.69, 2184, 61
1791644295.278797,23.84, 2184, 61
1791644296.279077,23.79, 2184, 61
1791644297.279360,23.72, 2184, 61
1791644298.279696,23.73, 2184, 61
1791644299.279990,23.79, 2184, 61
1791644300.280233,24.19, 2184, 62
1791644301.280537,23.70, 2184, 61
1791644302.280748,23.79, 2184, 61
1791644303.280974,23.90, 2184, 61
1791644304.281162,23.79, 2184, 61
1791644305.281511,23.80, 2184, 61
1791644306.281722,23.86, 2184, 61
1791644307.282154,23.78, 2184, 61
1791644308.282385,23.73, 2184, 61
1791644309.282605,23.76, 2184, 61
1791644310.282928,23.85, 2184, 61
1791644311.283117,23.76, 2184, 61
1791644312.283440,23.66, 2184, 61
1791644313.283962,23.64, 2184, 61
1791644314.283829,23.72, 2184, 61
1791644315.284143,23.64, 2184, 61
1791644316.284409,23.81, 2184, 61
1791644317.284587,23.89, 2184, 61
1791644318.284798,23.79, 2184, 61
1791644319.285222,23.72, 2184, 61
1791644320.285444,23.62, 2184, 62
1791644321.286169,23.68, 2184, 61
1791644322.286027,23.74, 2184, 61
1791644323.286390,23.82, 2184, 61
1791644324.286598,23.86, 2184, 61
1791644325.287051,23.93, 2184, 61
1791644326.287279,23.84, 2184, 61
1791644327.287552,23.80, 2184, 61
1791644328.287928,23.97, 2184, 61
1791644329.288133,23.87, 2184, 62
1791644330.288413,23.76, 2184, 61
1791644331.288763,23.69, 2184, 61
1791644332.288799,23.63, 2184, 61
1791644333.289151,23.67, 2184, 61
1791644334.289290,23.53, 2184, 61
1791644335.289501,23.64, 2184, 61
1791644336.290166,23.58, 2184, 62
1791644337.290404,23.66, 2184, 61
1791644338.291049,23.77, 2184, 61
1791644339.291230,23.80, 2184, 61
1791644340.291424,23.69, 2184, 61
1791644341.291681,23.76, 2184, 61
1791644342.291902,23.67, 2184, 61
1791644343.292710,23.63, 2184, 61
1791644344.292624,23.63, 2184, 61
1791644345.292862,23.75, 2184, 61
1791644346.293186,23.80, 2184, 61
1791644347.293327,23.84, 2184, 61
1791644348.293671,23.82, 2184, 61
1791644349.293918,23.78, 2184, 61
1791644350.294393,23.70, 2184, 61
1791644351.294669,22.93, 2177, 62
1791644352.295061,27.24, 2184, 62
1791644353.295133,26.12, 2184, 62
1791644354.295334,25.80, 2184, 62
1791644355.295592,25.92, 2184, 62
1791644356.295851,25.78, 2184, 62
1791644357.296458,25.59, 2184, 62
1791644358.297060,25.55, 2184, 62
1791644359.296833,25.72, 2184, 62
1791644360.297065,25.93, 2184, 62
1791644361.297310,25.69, 2184, 62
1791644362.297461,25.61, 2184, 62
1791644363.297740,25.73, 2184, 62
1791644364.298002,25.70, 2184, 62
1791644365.298224,25.60, 2184, 62
1791644366.298405,25.63, 2184, 62
1791644367.298708,25.49, 2184, 62
1791644368.299391,25.31, 2184, 62
1791644369.300074,25.55, 2184, 62
1791644370.300171,25.73, 2184, 62
1791644371.300888,25.81, 2184, 62
1791644372.301072,25.68, 2177, 62
1791644373.300906,25.95, 2184, 62
1791644374.301163,25.72, 2184, 62
1791644375.301392,25.69, 2184, 62
1791644376.301825,25.79, 2184, 62
1791644377.302184,25.85, 2184, 62
1791644378.302423,25.67, 2184, 63
1791644379.302799,25.56, 2184, 62
1791644380.303042,25.71, 2184, 62
1791644381.303311,25.43, 2177, 62
1791644382.303564,25.63, 2184, 62
1791644383.304300,25.82, 2184, 62
1791644384.304436,25.89, 2184, 62
1791644385.304803,25.86, 2184, 62
1791644386.305126,25.94, 2184, 62
1791644387.305436,25.43, 2184, 62
1791644388.305593,25.72, 2184, 62
1791644389.305845,25.47, 2177, 62
1791644390.306216,25.69, 2184, 62
1791644391.306499,25.86, 2184, 62
1791644392.306803,25.96, 2184, 62
1791644393.307097,25.51, 2184, 62
1791644394.307251,25.92, 2184, 62
1791644395.307501,25.80, 2184, 63
1791644396.307706,25.84, 2184, 62
1791644397.308296,25.63, 2184, 62
1791644398.308515,25.61, 2184, 62
1791644399.308862,25.72, 2177, 62
1791644400.308832,25.84, 2184, 62
1791644401.309276,25.56, 2184, 62
1791644402.309496,25.99, 2184, 62
1791644403.309748,25.84, 2184, 63
1791644404.309902,25.87, 2184, 62
1791644405.310131,25.93, 2184, 62
1791644406.310529,25.90, 2184, 62
1791644407.310706,25.69, 2184, 62
1791644408.311451,25.60, 2184, 62
1791644409.311989,26.00, 2184, 62
1791644410.312336,26.03, 2184, 62
1791644411.311921,25.78, 2184, 62
1791644412.312841,25.51, 2184, 63
1791644413.312438,25.51, 2184, 62
1791644414.313890,25.65, 2184, 62
1791644415.313478,25.86, 2184, 62
1791644416.314330,25.98, 2184, 62
1791644417.314314,26.07, 2184, 63
1791644418.314616,26.08, 2184, 62
1791644419.315272,26.20, 2184, 63
1791644420.315503,26.16, 2184, 62
1791644421.315792,26.04, 2184, 62
1791644422.316025,25.69, 2184, 62
1791644423.316198,26.02, 2184, 62
1791644424.316681,25.92, 2184, 62
1791644425.316933,25.69, 2184, 62
1791644426.317232,25.74, 2184, 62
1791644427.317477,25.77, 2184, 62
1791644428.317641,25.67, 2184, 62
1791644429.317864,25.66, 2184, 62
1791644430.317542,25.73, 2184, 62
1791644431.317586,25.77, 2184, 62
1791644432.317849,25.73, 2184, 62
1791644433.318313,25.68, 2184, 62
1791644434.318807,25.72, 2184, 62
1791644435.318724,26.08, 2184, 62
1791644436.318986,25.89, 2184, 62
1791644437.319253,25.34, 2184, 62
1791644438.319740,25.71, 2184, 63
1791644439.319687,25.50, 2184, 62
1791644440.320505,25.79, 2184, 62
1791644441.320696,26.08, 2184, 62
1791644442.320897,25.98, 2184, 62
1791644443.321107,26.14, 2184, 63
1791644444.321277,26.05, 2177, 62
1791644445.321389,26.01, 2184, 62
1791644446.321849,26.07, 2184, 63
1791644447.322521,25.89, 2184, 62
1791644448.323065,25.78, 2184, 62
1791644449.323863,25.77, 2184, 62
1791644450.324296,25.30, 2184, 62
1791644451.324972,24.99, 2184, 62
1791644452.325858,25.02, 2184, 62
1791644453.326484,24.97, 2184, 62
1791644454.326864,24.75, 2184, 62
1791644455.327867,24.76, 2184, 63
1791644456.327851,24.77, 2184, 62
1791644457.327996,24.72, 2184, 62
1791644458.328120,24.63, 2184, 62
1791644459.328227,24.58, 2184, 62
1791644460.328910,24.82, 2177, 63
1791644461.329564,27.09, 2184, 62
1791644462.329564,26.09, 2184, 62
1791644463.330265,25.77, 2184, 62
1791644464.330677,25.90, 2184, 62
1791644465.331470,25.85, 2184, 62
1791644466.332090,25.58, 2184, 62
1791644467.332111,25.76, 2184, 62
1791644468.333124,25.63, 2184, 62
1791644469.332984,25.79, 2184, 62
1791644470.334236,25.71, 2184, 62
1791644471.334882,25.65, 2184, 62
1791644472.334441,25.70, 2184, 62
1791644473.335182,25.63, 2184, 62
1791644474.336020,25.81, 2184, 62
1791644475.335995,25.68, 2184, 62
1791644476.336502,25.60, 2184, 62
1791644477.337227,25.25, 2177, 63
1791644478.337823,25.51, 2177, 62
1791644479.338043,25.40, 2177, 62
1791644480.338994,25.61, 2184, 63
1791644481.339018,25.70, 2184, 62
1791644482.339179,25.51, 2184, 62
1791644483.339866,25.76, 2184, 62
1791644484.340216,25.71, 2184, 62
1791644485.340919,25.65, 2184, 62
1791644486.341582,25.55, 2177, 63
1791644487.341504,25.88, 2184, 62
1791644488.342494,25.83, 2184, 62
1791644489.343002,25.86, 2184, 62
1791644490.343682,25.80, 2184, 62
1791644491.343797,26.15, 2184, 62
1791644492.344238,25.79, 2184, 62
1791644493.344310,25.91, 2184, 62
1791644494.344516,25.49, 2184, 62
1791644495.344578,25.74, 2184, 62
1791644496.344880,25.72, 2184, 62
1791644497.344881,25.74, 2184, 62
1791644498.345397,25.74, 2184, 62
1791644499.345102,25.67, 2184, 62
1791644500.345456,25.37, 2184, 62
1791644501.345899,25.71, 2184, 64
1791644502.346214,26.33, 2184, 62
1791644503.345936,26.01, 2184, 62
1791644504.346057,25.74, 2184, 62
1791644505.346753,25.84, 2184, 62
1791644506.346835,25.81, 2184, 62
1791644507.347043,25.83, 2184, 62
1791644508.347431,25.82, 2184, 62
1791644509.347579,25.65, 2184, 62
1791644510.347136,25.72, 2184, 62
1791644511.347905,25.73, 2184, 62
1791644512.347997,25.65, 2184, 62
1791644513.348091,25.90, 2184, 63
1791644514.348229,25.99, 2184, 62
1791644515.348317,25.73, 2184, 62
1791644516.348487,25.98, 2184, 62
1791644517.348646,25.92, 2184, 62
1791644518.348839,25.89, 2184, 62
1791644519.348967,25.51, 2184, 62
1791644520.349142,26.21, 2184, 62
1791644521.349311,25.76, 2184, 63
1791644522.349418,25.71, 2184, 62
1791644523.349530,25.81, 2184, 62
1791644524.349755,25.63, 2184, 62
1791644525.349872,26.10, 2184, 62
1791644526.350310,26.03, 2184, 62
1791644527.351065,26.07, 2184, 62
1791644528.351775,25.99, 2184, 63
1791644529.352324,26.06, 2184, 62
1791644530.353105,26.25, 2184, 62
1791644531.353136,25.93, 2184, 63
1791644532.353631,25.84, 2184, 63
1791644533.354320,26.10, 2177, 63
1791644534.354840,25.70, 2177, 63
1791644535.355264,25.73, 2184, 62
1791644536.355854,25.68, 2184, 62
1791644537.356430,25.79, 2184, 62
1791644538.357071,25.81, 2184, 63
1791644539.357634,25.80, 2184, 62
1791644540.358452,26.06, 2184, 62
1791644541.358957,25.90, 2184, 62
1791644542.359867,26.12, 2184, 63
1791644543.360291,25.88, 2184, 63
1791644544.360816,25.91, 2184, 62
1791644545.361136,25.83, 2184, 62
1791644546.361309,25.72, 2184, 62
1791644547.362173,25.74, 2184, 62
1791644548.363005,25.68, 2177, 62
1791644549.363250,25.65, 2184, 62
1791644550.364075,25.78, 2184, 62
1791644551.364566,26.02, 2184, 62
1791644552.365325,26.13, 2184, 62
1791644553.366139,26.09, 2184, 63
1791644554.366204,26.00, 2184, 62
1791644555.366835,25.23, 2184, 62
1791644556.366944,25.00, 2184, 62
1791644557.367561,25.10, 2184, 62
1791644558.368215,25.15, 2184, 62
1791644559.368762,25.25, 2184, 62
1791644560.369398,24.98, 2184, 63
1791644561.370052,24.97, 2184, 62
1791644562.370673,24.84, 2184, 62
1791644563.371513,24.99, 2184, 62
1791644564.372259,24.87, 2184, 62
1791644565.373116,24.78, 2184, 62
1791644566.373535,24.68, 2184, 62
1791644567.374476,24.72, 2184, 62
1791644568.375108,24.64, 2184, 62
1791644569.375539,24.59, 2184, 62
1791644570.376023,24.95, 2177, 63
1791644571.376769,27.18, 2177, 63
1791644572.377233,26.22, 2177, 62
1791644573.378030,25.82, 2177, 62
1791644574.378844,25.81, 2177, 63
1791644575.379076,26.02, 2177, 62
1791644576.379506,25.92, 2177, 62
1791644577.380020,25.74, 2177, 62
1791644578.380725,25.66, 2177, 62
1791644579.381322,26.05, 2177, 62
1791644580.382138,25.97, 2177, 62
1791644581.382806,25.88, 2177, 62
1791644582.383027,25.72, 2177, 62
1791644583.383698,25.63, 2177, 62
1791644584.383983,25.71, 2177, 62
1791644585.384418,25.75, 2177, 62
1791644586.384823,25.86, 2177, 62
1791644587.385528,25.23, 2177, 63
1791644588.386322,25.89, 2184, 62
1791644589.386904,25.83, 2184, 62
1791644590.387664,25.85, 2177, 62
1791644591.388043,25.98, 2184, 62
1791644592.388514,25.83, 2184, 62
1791644593.389503,25.96, 2184, 63
1791644594.390114,25.75, 2184, 63
1791644595.390696,25.53, 2184, 62
1791644596.391328,25.80, 2177, 62
1791644597.391511,25.83, 2184, 62
1791644598.392152,25.84, 2184, 62
1791644599.392671,25.92, 2177, 62
1791644600.393263,25.41, 2184, 62
1791644601.393228,25.94, 2184, 62
1791644602.393497,25.90, 2184, 62
1791644603.393475,25.89, 2184, 62
1791644604.393693,25.60, 2184, 62
1791644605.393895,25.66, 2184, 62
1791644606.393966,25.66, 2184, 62
1791644607.394150,25.75, 2177, 62
1791644608.394170,26.02, 2184, 63
1791644609.394305,26.05, 2184, 62
1791644610.394420,25.98, 2184, 62
1791644611.394553,25.84, 2184, 62
1791644612.395152,25.67, 2184, 63
1791644613.395424,25.97, 2184, 63
1791644614.395875,25.78, 2184, 62
1791644615.396252,26.02, 2184, 62
1791644616.396515,25.82, 2184, 62
1791644617.397168,25.89, 2184, 62
1791644618.397498,25.73, 2184, 63
1791644619.397950,25.70, 2184, 62
1791644620.398504,25.67, 2184, 62
1791644621.399130,25.77, 2184, 62
1791644622.400034,25.68, 2184, 62
1791644623.400583,25.66, 2184, 62
1791644624.400580,25.83, 2184, 62
1791644625.401303,25.79, 2184, 62
1791644626.401949,25.85, 2184, 62
1791644627.402533,26.05, 2177, 63
1791644628.403151,25.76, 2177, 63
1791644629.403743,26.10, 2177, 63
1791644630.404090,25.78, 2177, 62
1791644631.404832,25.96, 2177, 63
1791644632.405466,26.05, 2184, 62
1791644633.406023,26.17, 2184, 63
1791644634.406428,25.87, 2184, 62
1791644635.406955,25.99, 2177, 63
1791644636.407080,25.88, 2184, 62
1791644637.407418,25.91, 2184, 63
1791644638.408063,26.00, 2184, 62
1791644639.408638,26.21, 2184, 63
1791644640.409005,26.19, 2184, 63
1791644641.409196,26.10, 2184, 63
1791644642.409238,26.08, 2184, 63
1791644643.409499,26.01, 2184, 62
1791644644.409659,26.16, 2184, 63
1791644645.409855,25.69, 2184, 62
1791644646.410209,25.52, 2184, 62
1791644647.410772,25.73, 2184, 62
1791644648.410959,25.77, 2184, 62
1791644649.411534,25.67, 2184, 63
1791644650.412365,25.80, 2184, 63
1791644651.412925,25.92, 2184, 62
1791644652.413557,25.78, 2184, 63
1791644653.414344,25.87, 2184, 63
1791644654.415070,25.81, 2184, 62
1791644655.415328,25.82, 2184, 63
1791644656.415864,25.75, 2177, 63
1791644657.416114,26.10, 2177, 63
1791644658.416518,25.85, 2177, 63
1791644659.417153,26.03, 2177, 63
1791644660.417336,26.26, 2177, 63
1791644661.417972,26.07, 2177, 63
1791644662.418287,26.16, 2177, 63
1791644663.418886,25.94, 2177, 62
1791644664.419386,25.23, 2177, 62
1791644665.419956,25.13, 2177, 62
1791644666.420621,25.07, 2177, 62
1791644667.420802,25.10, 2177, 62
1791644668.421333,25.10, 2177, 62
1791644669.422101,25.09, 2177, 62
1791644670.422917,25.19, 2177, 62
1791644671.423725,25.15, 2177, 62
1791644672.423901,24.95, 2177, 62
1791644673.424602,24.81, 2177, 62
1791644674.425036,24.00, 2177, 62
1791644675.425604,23.81, 2184, 62
1791644676.425623,22.78, 2184, 61
1791644677.426192,11.49, 2184, 60
1791644678.426641,11.43, 2184, 59
1791644679.426763,12.14, 2184, 59
1791644680.427763,11.44, 2184, 59
1791644681.428541,8.65, 305, 58
1791644682.429402,7.00, 305, 57
1791644683.429789,7.00, 305, 57
1791644684.430430,6.18, 305, 57
1791644685.431207,6.03, 208, 57
1791644686.432024,6.01, 305, 56
1791644687.432798,6.05, 208, 56
1791644688.433417,6.00, 305, 56
1791644689.434200,6.12, 305, 55
1791644690.434849,6.07, 305, 55
1791644691.435739,5.97, 305, 55
1791644692.436513,5.94, 208, 55
1791644693.437295,5.91, 305, 54
1791644694.438092,5.94, 208, 54
1791644695.438033,6.02, 305, 54
1791644696.439032,6.04, 305, 54
1791644697.439826,6.03, 305, 54
1791644698.441260,5.86, 305, 53
1791644699.441422,5.89, 208, 53
1791644700.441975,5.86, 305, 53
1791644701.442437,5.86, 208, 53
1791644702.442514,5.86, 305, 53
1791644703.442916,5.88, 305, 52
1791644704.443028,5.90, 305, 52
1791644705.443489,5.77, 305, 52
1791644706.443937,5.75, 208, 52
1791644707.444825,5.79, 312, 52
1791644708.445605,5.76, 208, 52
1791644709.446518,5.75, 305, 52
1791644710.446545,5.78, 305, 51
1791644711.447427,5.88, 305, 51
1791644712.448213,5.76, 305, 51
1791644713.449049,5.73, 208, 51
1791644714.449584,5.77, 312, 51
1791644715.450453,5.68, 208, 51
1791644716.450554,5.69, 305, 51
1791644717.451159,5.74, 273, 50
1791644718.451783,5.84, 305, 50
1791644719.451977,5.72, 305, 50
1791644720.452014,5.73, 208, 50
1791644721.452196,5.77, 305, 50
1791644722.453092,5.76, 208, 50
1791644723.453484,5.77, 305, 50
1791644724.453487,5.80, 208, 50
1791644725.453672,5.94, 305, 50
1791644726.454362,5.94, 305, 50
1791644727.454418,5.78, 305, 50
1791644728.454425,5.75, 208, 50
1791644729.454569,5.71, 305, 50
1791644730.455301,5.69, 208, 49
1791644731.455940,5.71, 305, 49
1791644732.456042,5.87, 305, 49
1791644733.456530,5.88, 305, 49
1791644734.457018,5.76, 305, 49
1791644735.457182,5.75, 208, 49
1791644736.457665,5.75, 305, 49
1791644737.458106,5.70, 208, 49
1791644738.458929,5.72, 305, 49
1791644739.459454,5.83, 305, 49
1791644740.459850,5.87, 305, 49
1791644741.460323,5.75, 305, 49
1791644742.460530,5.74, 208, 49
1791644743.461302,5.75, 305, 49
1791644744.462000,5.72, 208, 49
1791644745.462403,5.77, 305, 49
1791644746.462751,5.89, 305, 49
1791644747.463130,5.90, 305, 49
1791644748.463488,5.74, 305, 49
1791644749.464037,5.71, 208, 49
1791644750.464543,5.73, 305, 49
1791644751.464939,5.71, 208, 49
1791644752.465422,5.68, 208, 49
1791644753.465793,5.79, 305, 49
1791644754.466229,5.85, 305, 49
1791644755.467017,5.74, 305, 49
1791644756.467561,5.73, 208, 49
1791644757.468294,5.77, 305, 49
1791644758.468923,5.74, 208, 49
1791644759.469676,5.72, 305, 48
1791644760.470446,5.74, 266, 48
1791644761.470396,5.85, 305, 48
1791644762.470934,5.77, 305, 48
1791644763.471365,6.96, 1280, 49
1791644764.471889,10.40, 2190, 49
1791644765.472750,10.77, 2190, 49
1791644766.472837,10.75, 2190, 49
1791644767.472945,10.75, 2190, 49
1791644768.473395,10.75, 2190, 49
1791644769.473847,10.76, 2190, 49
1791644770.473992,10.76, 2190, 49
1791644771.474432,10.76, 2190, 49
1791644772.475115,10.78, 2190, 49
1791644773.475396,10.74, 2190, 49
1791644774.475886,10.74, 2190, 49
1791644775.476360,10.72, 2190, 49
1791644776.476811,10.73, 2190, 49
1791644777.477113,10.41, 2190, 49
1791644778.477704,10.25, 2190, 49
1791644779.478172,10.24, 2190, 49
1791644780.478172,10.36, 2190, 49
1791644781.479415,10.25, 2190, 49
1791644782.480027,10.36, 2190, 49
1791644783.480426,10.24, 2190, 49
1791644784.481144,10.24, 2190, 49
1791644785.481514,10.26, 2190, 49
1791644786.482315,10.24, 2190, 49
1791644787.483107,10.22, 2190, 49
1791644788.483335,10.23, 2190, 49
1791644789.484048,10.24, 2190, 49
1791644790.484677,10.24, 2190, 49
1791644791.485340,10.24, 2190, 49
1791644792.486093,10.23, 2190, 49
1791644793.486522,10.24, 2190, 49
1791644794.487351,10.23, 2190, 49
1791644795.487907,10.22, 2190, 49
1791644796.488678,10.19, 2190, 49
1791644797.488690,10.20, 2190, 49
1791644798.488725,10.23, 2190, 49
1791644799.488831,10.22, 2190, 49
1791644800.489036,10.24, 2190, 49
1791644801.489159,10.27, 2190, 49
1791644802.489192,10.25, 2190, 49
1791644803.489409,10.27, 2190, 49
1791644804.489440,10.23, 2190, 49
1791644805.489608,10.22, 2190, 49
1791644806.489855,10.23, 2190, 49
1791644807.490028,10.21, 2190, 49
1791644808.490161,10.22, 2190, 49
1791644809.490235,10.20, 2190, 49
1791644810.491075,10.21, 2190, 49
1791644811.491397,10.68, 2190, 49
1791644812.491620,12.97, 2190, 49
1791644813.492115,12.36, 2190, 49
1791644814.492594,10.45, 2190, 49
1791644815.493063,10.62, 2190, 49
1791644816.493273,14.79, 2177, 49
1791644817.493494,10.77, 2190, 49
1791644818.493917,10.18, 2190, 49
1791644819.494029,10.20, 2190, 49
1791644820.494233,10.20, 2190, 49
1791644821.494235,10.19, 2190, 49
1791644822.494582,11.19, 2190, 49
1791644823.494917,21.55, 2190, 52
1791644824.495090,24.31, 2190, 50
1791644825.495295,17.30, 2190, 50
1791644826.495565,18.29, 2190, 51
1791644827.495751,18.65, 2190, 51
1791644828.495920,28.97, 2184, 55
1791644829.496029,24.83, 2190, 55
1791644830.496516,30.70, 2184, 55
1791644831.496943,13.11, 2190, 50
1791644832.497722,11.14, 2190, 50
1791644833.498330,10.33, 2190, 50
1791644834.498896,10.32, 2190, 50
1791644835.499363,10.31, 2190, 50
1791644836.500060,13.67, 2190, 49
1791644837.500631,61.71, 2184, 61
1791644838.500972,60.28, 2177, 61
1791644839.501296,59.71, 2177, 61
1791644840.501733,63.02, 2177, 63
1791644841.502342,59.67, 2177, 59
1791644842.503121,61.82, 2177, 62
1791644843.504020,63.78, 2177, 64
1791644844.504240,58.81, 2177, 59
1791644845.505063,62.92, 2177, 64
1791644846.505332,63.32, 2177, 65
1791644847.505626,58.96, 2171, 59
1791644848.505802,30.69, 2184, 54
1791644849.505912,10.69, 2184, 53
1791644850.506898,18.68, 2184, 60
1791644851.507757,40.65, 2177, 58
1791644852.508458,25.30, 2184, 54
1791644853.508558,11.34, 2190, 54
1791644854.508857,17.85, 2184, 55
1791644855.509317,28.38, 2184, 55
1791644856.509930,34.56, 2184, 58
1791644857.510273,33.47, 2184, 58
1791644858.511080,33.08, 2184, 58
1791644859.511215,31.22, 2184, 58
1791644860.511562,22.41, 2184, 53
1791644861.512322,10.60, 2190, 53
1791644862.513073,12.70, 2190, 53
1791644863.513571,12.58, 2190, 53
1791644864.513935,12.68, 2190, 53
1791644865.514721,11.82, 2190, 52
1791644866.515130,11.94, 2190, 52
1791644867.515877,12.59, 2190, 52
1791644868.515994,12.59, 2190, 52
1791644869.516298,16.47, 2190, 53
1791644870.516888,10.77, 2190, 52
1791644871.517684,10.47, 2190, 52
1791644872.518207,10.41, 2190, 51
1791644873.518897,10.42, 2190, 51
1791644874.519642,10.43, 2190, 51
1791644875.520280,10.39, 2190, 51
1791644876.520850,10.39, 2190, 51
1791644877.521477,10.39, 2190, 51
1791644878.522221,10.39, 2190, 51
1791644879.522838,10.39, 2190, 51
1791644880.523466,10.36, 2190, 51
1791644881.523349,10.35, 2190, 51
1791644882.523559,10.35, 2190, 50
1791644883.524015,10.34, 2190, 50
1791644884.525202,10.27, 2190, 50
1791644885.525822,10.24, 2190, 50
1791644886.525827,10.21, 2190, 50
1791644887.526046,10.25, 2190, 50
1791644888.526908,12.83, 2190, 50
1791644889.527320,10.30, 2190, 50
1791644890.528036,10.24, 2190, 50
1791644891.528144,10.24, 2190, 49
1791644892.528755,10.21, 2190, 49
1791644893.529397,10.20, 2190, 49
1791644894.530111,10.20, 2190, 49
1791644895.530945,10.20, 2190, 49
1791644896.530983,10.18, 2190, 49
1791644897.531112,10.15, 2190, 49
1791644898.531219,10.15, 2190, 49
1791644899.531486,10.12, 2190, 49
1791644900.532235,10.15, 2190, 48
1791644901.533111,10.14, 2190, 48
1791644902.533990,10.13, 2190, 48
1791644903.534802,10.11, 2190, 48
1791644904.535337,10.12, 2190, 48
1791644905.536347,10.09, 2190, 48
1791644906.536531,10.08, 2190, 48
1791644907.537351,10.09, 2190, 48
1791644908.538153,10.07, 2190, 48
1791644909.538951,10.06, 2190, 48
1791644910.539748,10.09, 2190, 48
1791644911.539895,10.09, 2190, 48
1791644912.540598,10.09, 2190, 48
1791644913.540741,10.09, 2190, 47
1791644914.541443,10.09, 2190, 47
1791644915.541421,10.08, 2190, 47
1791644916.542220,10.04, 2190, 47
1791644917.542438,10.05, 2190, 47
1791644918.543246,10.05, 2190, 47
1791644919.543326,10.03, 2190, 47
1791644920.544149,10.01, 2190, 47
1791644921.545166,10.03, 2190, 47
1791644922.545932,10.01, 2190, 47
1791644923.546529,10.03, 2190, 47
1791644924.547467,10.04, 2190, 47
1791644925.548057,10.01, 2190, 47
1791644926.548865,10.01, 2190, 47
1791644927.548829,10.01, 2190, 47
1791644928.549204,10.02, 2190, 47
1791644929.550003,10.01, 2190, 47
1791644930.549951,10.00, 2190, 47
1791644931.550409,10.02, 2190, 47
1791644932.550702,10.01, 2190, 46
1791644933.551083,9.98, 2190, 46
1791644934.551928,9.99, 2190, 46
1791644935.552445,9.96, 2190, 46
1791644936.552568,9.96, 2190, 46
1791644937.553087,9.95, 2190, 46
1791644938.553876,9.95, 2190, 46
1791644939.554691,9.94, 2190, 46
1791644940.555157,9.93, 2190, 46
1791644941.556111,9.95, 2190, 46
1791644942.556562,9.98, 2190, 46
1791644943.557362,9.98, 2190, 46
1791644944.558484,9.98, 2190, 46
1791644945.559114,9.95, 2190, 46
1791644946.559969,9.95, 2190, 46
1791644947.560629,9.99, 2190, 46
1791644948.561550,9.95, 2190, 46
1791644949.562362,9.95, 2190, 46
1791644950.563147,9.95, 2190, 46
1791644951.563885,9.98, 2190, 46
1791644952.564749,9.98, 2190, 46
1791644953.565510,9.97, 2190, 46
1791644954.566000,9.95, 2190, 46
1791644955.566447,9.94, 2190, 46
1791644956.567016,9.97, 2190, 46
1791644957.567646,9.97, 2190, 46
1791644958.568458,9.97, 2190, 46
1791644959.569350,9.94, 2190, 46
1791644960.569886,9.93, 2190, 46
1791644961.570772,9.92, 2190, 46
1791644962.571547,9.94, 2190, 46
1791644963.572266,9.96, 2190, 46
1791644964.571883,9.95, 2190, 46
1791644965.572686,9.96, 2190, 46
1791644966.573490,9.95, 2190, 46
1791644967.574380,9.96, 2190, 46
1791644968.574786,9.97, 2190, 46
1791644969.575186,9.97, 2190, 46
1791644970.576003,9.95, 2190, 46
1791644971.576076,9.94, 2190, 46
1791644972.576869,9.96, 2190, 46
1791644973.577580,9.98, 2190, 46
1791644974.578408,9.98, 2190, 46
1791644975.579489,9.98, 2190, 46
1791644976.579774,9.98, 2190, 46
1791644977.580725,9.98, 2190, 46
1791644978.580959,9.96, 2190, 46
1791644979.581349,9.97, 2190, 46
1791644980.582322,9.99, 2190, 46
1791644981.583030,9.98, 2190, 46
1791644982.583999,9.97, 2190, 46
1791644983.584148,9.96, 2190, 46
1791644984.584932,9.96, 2190, 46
1791644985.585875,9.96, 2190, 46
1791644986.586541,9.95, 2190, 46
1791644987.587049,9.96, 2190, 46
1791644988.587461,9.96, 2190, 46
1791644989.588238,9.98, 2190, 46
1791644990.589045,9.98, 2190, 46
1791644991.589041,9.98, 2190, 46
1791644992.590006,9.99, 2190, 46
1791644993.590841,9.96, 2190, 46
1791644994.591681,9.96, 2190, 46
1791644995.592498,9.97, 2190, 46
1791644996.593296,9.96, 2190, 46
1791644997.593873,9.97, 2190, 46
1791644998.594670,9.95, 2190, 46
1791644999.595479,9.94, 2190, 46
1791645000.596499,9.95, 2190, 46
1791645001.597495,9.95, 2190, 46
1791645002.598406,9.98, 2190, 46
1791645003.598895,9.96, 2190, 46
1791645004.599753,9.95, 2190, 46
1791645005.600362,9.94, 2190, 46
1791645006.601448,9.95, 2190, 46
1791645007.602080,9.96, 2190, 46
1791645008.602875,9.96, 2190, 46
1791645009.602761,18.60, 2190, 48
1791645010.603520,27.63, 2184, 52
1791645011.604403,26.66, 2190, 49
1791645012.604309,22.15, 2190, 49
1791645013.604506,22.23, 2190, 50
1791645014.605472,22.11, 2190, 50
1791645015.605655,31.75, 2184, 53
1791645016.606491,24.74, 2190, 50
1791645017.607045,22.35, 2190, 51
1791645018.607843,22.41, 2190, 51
1791645019.607739,22.46, 2190, 51
1791645020.608348,22.10, 2190, 50
1791645021.608518,34.55, 2177, 53
1791645022.609088,22.38, 2190, 52
1791645023.609239,22.37, 2190, 52
1791645024.609713,22.40, 2190, 52
1791645025.610196,22.50, 2190, 52
1791645026.610764,22.62, 2190, 52
1791645027.611251,22.59, 2190, 52
1791645028.611401,22.61, 2190, 53
1791645029.611485,22.69, 2190, 53
1791645030.612091,28.96, 2177, 56
1791645031.612597,27.99, 2184, 53
1791645032.613116,22.65, 2190, 53
1791645033.613606,22.67, 2190, 53
1791645034.613842,22.75, 2190, 53
1791645035.614317,22.78, 2190, 53
1791645036.614616,22.79, 2190, 54
1791645037.615047,22.69, 2184, 54
1791645038.615312,22.78, 2184, 54
1791645039.615914,22.74, 2184, 54
1791645040.616432,17.09, 2190, 52
1791645041.616617,10.44, 2190, 52
1791645042.616928,22.55, 2184, 54
1791645043.617840,31.38, 2177, 56
1791645044.618562,27.79, 2184, 57
1791645045.619337,38.64, 2177, 57
1791645046.619385,38.76, 2177, 57
1791645047.620040,29.28, 2177, 57
1791645048.621029,38.77, 2177, 58
1791645049.621294,38.94, 2177, 58
1791645050.621920,31.74, 2177, 58
1791645051.622423,29.73, 2184, 56
1791645052.623189,25.74, 2184, 56
1791645053.623713,25.81, 2184, 56
1791645054.624215,26.22, 2184, 56
1791645055.624346,25.97, 2184, 56
1791645056.624938,26.23, 2184, 57
1791645057.625066,25.68, 2184, 57
1791645058.625593,25.60, 2184, 57
1791645059.626018,25.45, 2184, 57
1791645060.626160,25.34, 2184, 57
1791645061.626276,25.26, 2184, 57
1791645062.626563,25.12, 2184, 57
1791645063.626999,25.06, 2184, 58
1791645064.627306,25.03, 2184, 57
1791645065.627592,24.77, 2184, 57
1791645066.628021,24.80, 2184, 57
1791645067.628677,24.65, 2184, 57
1791645068.629134,24.67, 2184, 57
1791645069.629628,24.73, 2184, 58
1791645070.629901,24.11, 2184, 57
1791645071.630398,23.91, 2184, 57
1791645072.630879,23.68, 2184, 57
1791645073.631381,29.35, 2177, 59
1791645074.631488,30.33, 2184, 60
1791645075.631751,39.16, 2177, 60
1791645076.632493,39.12, 2177, 61
1791645077.633299,30.57, 2177, 61
1791645078.633860,39.09, 2177, 61
1791645079.634417,39.43, 2177, 63
1791645080.635346,31.90, 2177, 60
1791645081.636165,31.15, 2184, 60
1791645082.636918,26.38, 2184, 59
1791645083.637774,26.63, 2184, 59
1791645084.638332,26.44, 2184, 59
1791645085.638471,26.40, 2184, 59
1791645086.639036,26.55, 2184, 60
1791645087.639712,26.35, 2184, 59
1791645088.640115,25.94, 2184, 59
1791645089.640830,25.96, 2184, 59
1791645090.641460,25.78, 2184, 60
1791645091.641652,25.83, 2184, 60
1791645092.642043,25.68, 2184, 60
1791645093.642834,25.51, 2184, 60
1791645094.642939,25.38, 2184, 60
1791645095.643780,25.33, 2184, 60
1791645096.644421,25.37, 2184, 60
1791645097.645362,25.29, 2184, 60
1791645098.646131,25.36, 2184, 60
1791645099.646891,25.39, 2184, 60
1791645100.647750,25.17, 2184, 60
1791645101.648027,25.40, 2184, 60
1791645102.648626,25.03, 2184, 60
1791645103.649402,24.36, 2184, 60
1791645104.650030,23.45, 2184, 60
1791645105.650536,31.48, 2177, 65
1791645106.651019,39.52, 2177, 62
1791645107.650956,37.17, 2177, 64
1791645108.651304,32.88, 2177, 63
1791645109.651812,39.58, 2171, 63
1791645110.651687,35.06, 2177, 60
1791645111.652468,37.02, 2171, 63
1791645112.653107,36.93, 2171, 62
1791645113.653440,27.14, 2184, 61
1791645114.654219,26.54, 2184, 61
1791645115.654249,26.50, 2184, 61
1791645116.655086,26.44, 2184, 61
1791645117.655919,26.49, 2184, 61
1791645118.656752,26.11, 2184, 61
1791645119.656784,26.28, 2184, 61
1791645120.657460,26.28, 2184, 61
1791645121.658042,26.09, 2184, 61
1791645122.658079,25.78, 2184, 61
1791645123.658467,25.71, 2184, 61
1791645124.659273,25.84, 2184, 61
1791645125.659768,25.58, 2184, 61
1791645126.659990,24.97, 2184, 61
1791645127.660114,24.52, 2184, 61
1791645128.660591,24.33, 2184, 61
1791645129.660714,24.39, 2184, 61
1791645130.661196,24.22, 2184, 61
1791645131.661701,23.51, 2184, 61
1791645132.661902,23.62, 2184, 61
1791645133.662713,33.68, 2171, 64
1791645134.663024,39.71, 2171, 64
1791645135.663102,35.04, 2177, 61
1791645136.664030,36.13, 2171, 67
1791645137.664594,39.55, 2171, 65
1791645138.664846,35.09, 2177, 64
1791645139.665018,39.61, 2171, 65
1791645140.665261,35.07, 2177, 63
1791645141.665790,27.04, 2177, 62
1791645142.665835,26.74, 2177, 63
1791645143.666113,26.83, 2177, 62
1791645144.666260,26.99, 2177, 63
1791645145.666736,26.89, 2177, 63
1791645146.666997,26.91, 2177, 63
1791645147.667494,26.75, 2177, 62
1791645148.667623,26.95, 2177, 63
1791645149.667976,26.85, 2177, 63
1791645150.668497,26.77, 2177, 63
1791645151.669011,26.81, 2177, 63
1791645152.669245,26.43, 2177, 63
1791645153.669463,26.33, 2177, 63
1791645154.670028,26.19, 2177, 63
1791645155.670496,25.78, 2177, 63
1791645156.670921,25.85, 2177, 63
1791645157.671156,25.67, 2177, 62
1791645158.671537,25.62, 2177, 63
1791645159.671953,25.75, 2177, 63
1791645160.672444,25.63, 2177, 63
1791645161.673186,25.19, 2177, 63
1791645162.673068,24.80, 2177, 62
1791645163.673661,17.13, 2184, 60
1791645164.674088,17.18, 2184, 62
1791645165.674299,29.43, 2171, 64
1791645166.674842,30.44, 2177, 62
1791645167.675838,30.90, 2171, 65
1791645168.676455,29.56, 2177, 63
1791645169.676838,23.76, 2177, 62
1791645170.677687,23.80, 2177, 62
1791645171.677822,23.74, 2184, 62
1791645172.678472,23.72, 2184, 62
1791645173.678589,23.84, 2184, 63
1791645174.678590,23.51, 2184, 62
1791645175.679088,35.82, 2171, 64
1791645176.679552,24.94, 2184, 63
1791645177.679658,23.91, 2184, 63
1791645178.679986,23.91, 2184, 62
1791645179.680458,23.91, 2184, 63
1791645180.681051,23.79, 2184, 63
1791645181.681526,23.91, 2184, 63
1791645182.682052,23.04, 2184, 62
1791645183.682184,37.03, 2171, 64
1791645184.682718,24.26, 2177, 63
1791645185.683236,23.73, 2177, 63
1791645186.683666,23.72, 2177, 63
1791645187.684170,23.73, 2177, 63
1791645188.684821,23.76, 2177, 63
1791645189.685321,23.73, 2177, 63
1791645190.685341,23.89, 2177, 63
1791645191.685496,21.86, 2177, 61
1791645192.685621,11.45, 2184, 61
1791645193.685782,21.17, 2184, 63
1791645194.685743,36.71, 2171, 65
1791645195.686064,35.44, 2171, 66
1791645196.686156,39.31, 2171, 65
1791645197.686190,34.68, 2177, 63
1791645198.687156,34.94, 2177, 66
1791645199.687255,40.01, 2171, 66
1791645200.687332,36.09, 2177, 66
1791645201.687484,36.56, 2171, 64
1791645202.687636,26.69, 2177, 64
1791645203.688076,25.93, 2177, 64
1791645204.688234,25.26, 2177, 64
1791645205.688533,24.83, 2177, 64
1791645206.688690,24.72, 2177, 64
1791645207.689207,24.83, 2177, 64
1791645208.689511,24.89, 2177, 64
1791645209.689753,24.91, 2177, 64
1791645210.689901,24.77, 2177, 64
1791645211.690141,24.82, 2177, 64
1791645212.690407,24.60, 2177, 64
1791645213.690603,24.89, 2177, 64
1791645214.690810,24.76, 2177, 65
1791645215.690981,23.87, 2177, 64
1791645216.691284,23.74, 2177, 64
1791645217.691442,23.78, 2177, 64
1791645218.691667,26.93, 2177, 67
1791645219.691839,32.88, 2177, 66
1791645220.692126,39.23, 2171, 67
1791645221.692471,39.81, 2171, 67
1791645222.692590,32.57, 2177, 66
1791645223.692633,39.77, 2171, 70
1791645224.692810,39.70, 2171, 68
1791645225.692886,36.15, 2171, 68
1791645226.693098,34.04, 2177, 66
1791645227.693168,26.87, 2177, 65
1791645228.693482,26.39, 2177, 66
1791645229.693549,26.20, 2177, 65
1791645230.693676,26.15, 2177, 65
1791645231.693761,25.68, 2177, 65
1791645232.694011,25.73, 2177, 65
1791645233.694278,26.05, 2177, 65
1791645234.694458,25.69, 2177, 65
1791645235.694721,25.97, 2177, 65
1791645236.694966,25.78, 2177, 65
1791645237.695019,26.14, 2177, 66
1791645238.695255,25.71, 2177, 65
1791645239.695709,25.69, 2177, 65
1791645240.695853,25.63, 2177, 65
1791645241.695904,25.97, 2177, 65
1791645242.696000,25.71, 2177, 66
1791645243.696597,26.06, 2177, 66
1791645244.697411,26.16, 2177, 66
1791645245.698123,26.15, 2177, 66
1791645246.698596,25.14, 2177, 65
1791645247.699272,24.65, 2177, 65
1791645248.699791,33.07, 2171, 68
1791645249.700417,40.41, 2171, 68
1791645250.700494,37.64, 2177, 68
1791645251.701140,37.75, 2171, 68
1791645252.701674,40.76, 2171, 68
1791645253.702533,34.42, 2177, 67
1791645254.702940,40.26, 2171, 69
1791645255.703320,35.25, 2177, 67
1791645256.704174,27.17, 2177, 66
1791645257.704393,26.62, 2177, 66
1791645258.704616,26.39, 2177, 67
1791645259.705484,26.38, 2177, 66
1791645260.705774,26.54, 2177, 66
1791645261.706394,26.44, 2177, 66
1791645262.706406,26.32, 2177, 66
1791645263.707252,26.29, 2177, 66
1791645264.707845,26.32, 2177, 66
1791645265.708208,26.27, 2177, 66
1791645266.708721,26.30, 2177, 66
1791645267.709602,26.30, 2177, 66
1791645268.710030,26.39, 2177, 66
1791645269.710774,26.41, 2177, 66
1791645270.711483,26.27, 2177, 66
1791645271.712081,26.40, 2177, 66
1791645272.712440,26.37, 2177, 66
1791645273.713213,25.61, 2177, 66
1791645274.714046,24.97, 2177, 66
1791645275.714248,31.06, 2171, 68
1791645276.714425,35.01, 2171, 68
1791645277.714781,40.45, 2171, 69
1791645278.715452,40.75, 2171, 69
1791645279.716275,33.21, 2171, 68
1791645280.716969,40.42, 2171, 71
1791645281.717703,39.44, 2177, 68
1791645282.718615,36.08, 2171, 69
1791645283.718760,29.81, 2177, 66
1791645284.719697,26.98, 2177, 66
1791645285.720476,26.95, 2177, 66
1791645286.720476,26.80, 2177, 66
1791645287.720794,26.77, 2177, 67
1791645288.721594,26.51, 2177, 66
1791645289.722220,26.65, 2177, 66
1791645290.722677,26.44, 2177, 66
1791645291.722744,26.50, 2177, 65
1791645292.723214,26.45, 2177, 66
1791645293.723845,26.35, 2177, 65
1791645294.723915,26.43, 2177, 65
1791645295.724051,26.29, 2177, 65
1791645296.724381,26.23, 2177, 65
1791645297.724612,26.23, 2177, 66
1791645298.724746,26.20, 2177, 65
1791645299.725498,26.09, 2177, 65
1791645300.725967,25.91, 2177, 65
1791645301.726504,24.88, 2177, 65
1791645302.726732,20.86, 2177, 64
1791645303.727045,23.99, 2177, 64
1791645304.728163,24.00, 2177, 64
1791645305.728533,24.18, 2177, 64
1791645306.728698,24.06, 2177, 64
1791645307.729243,24.15, 2177, 64
1791645308.729911,24.13, 2177, 64
1791645309.730514,24.03, 2177, 64
1791645310.730701,23.88, 2177, 64
1791645311.731449,23.90, 2177, 64
1791645312.731919,24.15, 2177, 64
1791645313.732415,24.08, 2177, 64
1791645314.732641,24.04, 2177, 64
1791645315.732836,24.10, 2177, 64
1791645316.733253,24.03, 2177, 64
1791645317.733886,24.06, 2177, 63
1791645318.734725,24.12, 2177, 63
1791645319.735608,23.99, 2177, 63
1791645320.735654,23.85, 2177, 63
1791645321.736051,23.88, 2177, 64
1791645322.736696,23.77, 2177, 63
1791645323.737207,23.85, 2177, 63
1791645324.737886,23.86, 2177, 63
1791645325.738510,23.88, 2177, 63
1791645326.738983,24.00, 2177, 63
1791645327.739174,24.07, 2177, 63
1791645328.740067,24.04, 2177, 63
1791645329.740661,24.04, 2177, 63
1791645330.741479,24.02, 2177, 63
1791645331.742230,24.02, 2177, 63
1791645332.742876,23.97, 2184, 63
1791645333.743690,23.91, 2184, 63
1791645334.743904,23.74, 2184, 63
1791645335.744158,24.11, 2184, 63
1791645336.744322,23.93, 2184, 63
1791645337.744985,23.93, 2184, 63
1791645338.745469,24.01, 2184, 63
1791645339.746127,23.79, 2184, 63
1791645340.746735,23.85, 2184, 63
1791645341.746808,23.82, 2184, 62
1791645342.747422,23.88, 2184, 63
1791645343.748023,24.06, 2184, 63
1791645344.748519,23.96, 2184, 62
1791645345.749433,23.87, 2184, 63
1791645346.750251,23.74, 2184, 62
1791645347.750848,23.74, 2184, 63
1791645348.751283,23.83, 2184, 62
1791645349.751772,23.89, 2184, 62
1791645350.751900,23.98, 2184, 62
1791645351.752451,23.88, 2184, 63
1791645352.753260,23.96, 2184, 62
1791645353.753839,23.91, 2184, 62
1791645354.753865,23.87, 2184, 62
1791645355.754555,23.97, 2184, 62
1791645356.755309,23.82, 2184, 62
1791645357.755923,23.71, 2184, 62
1791645358.756552,23.58, 2184, 62
1791645359.756982,23.75, 2184, 62
1791645360.757423,23.72, 2184, 62
1791645361.757800,23.71, 2184, 62
1791645362.758451,23.93, 2184, 62
1791645363.759303,23.88, 2184, 62
1791645364.759896,23.70, 2184, 62
1791645365.760247,23.62, 2184, 62
1791645366.760875,23.69, 2184, 62
1791645367.761287,23.73, 2184, 62
1791645368.761734,23.66, 2184, 62
1791645369.762461,23.76, 2184, 62
1791645370.763263,23.78, 2184, 62
1791645371.763339,23.67, 2184, 62
1791645372.764123,23.61, 2184, 62
1791645373.764458,23.62, 2184, 62
1791645374.765058,23.60, 2184, 62
1791645375.765484,23.79, 2184, 62
1791645376.766114,23.72, 2184, 62
1791645377.766626,24.02, 2184, 62
1791645378.767190,23.80, 2184, 62
1791645379.767736,23.82, 2184, 62
1791645380.768200,23.81, 2184, 62
1791645381.768746,23.65, 2184, 62
1791645382.769198,23.67, 2184, 62
1791645383.769851,23.71, 2184, 62
1791645384.769912,23.78, 2184, 62
1791645385.770235,23.74, 2184, 62
1791645386.770961,23.73, 2184, 62
1791645387.771488,23.70, 2184, 62
1791645388.772271,23.64, 2184, 62
1791645389.773134,23.60, 2184, 62
1791645390.773265,23.57, 2184, 62
1791645391.773427,23.73, 2184, 62
1791645392.774405,23.65, 2184, 62
1791645393.774789,23.58, 2184, 62
1791645394.775687,23.56, 2184, 62
1791645395.776407,23.54, 2184, 62
1791645396.776497,23.67, 2184, 62
1791645397.776575,23.63, 2184, 62
1791645398.776732,23.68, 2184, 62
1791645399.776995,23.71, 2184, 62
1791645400.777112,23.70, 2184, 62
1791645401.777123,23.60, 2184, 62
1791645402.777395,23.69, 2184, 62
1791645403.777686,23.75, 2184, 62
1791645404.777732,23.72, 2184, 62
1791645405.777928,23.71, 2184, 62
1791645406.778816,23.72, 2184, 62
1791645407.778881,23.71, 2184, 62
1791645408.779557,23.80, 2184, 62
1791645409.780312,23.73, 2184, 62
1791645410.780630,23.69, 2184, 62
1791645411.780735,24.08, 2184, 62
1791645412.781790,23.64, 2184, 62
1791645413.782545,23.67, 2184, 61
1791645414.783291,23.54, 2184, 61
1791645415.783415,23.46, 2184, 61
1791645416.783546,23.66, 2184, 61
1791645417.783719,23.61, 2184, 62
1791645418.783896,23.73, 2184, 61
1791645419.784501,23.88, 2184, 61
1791645420.784989,23.85, 2184, 62
1791645421.785034,23.81, 2184, 62
1791645422.785592,23.80, 2184, 61
1791645423.785742,23.69, 2184, 61
1791645424.786021,23.57, 2184, 61
1791645425.786236,23.43, 2184, 61
1791645426.786595,23.53, 2184, 62
1791645427.786747,23.68, 2184, 61
1791645428.787407,23.63, 2184, 61
1791645429.787619,23.67, 2184, 61
1791645430.787909,23.79, 2184, 61
1791645431.788063,23.68, 2184, 61
1791645432.788646,23.63, 2184, 61
1791645433.788740,23.60, 2184, 61
1791645434.789215,23.69, 2184, 61
1791645435.789478,23.59, 2184, 61
1791645436.790132,23.60, 2184, 62
1791645437.790515,23.73, 2184, 62
1791645438.791012,23.72, 2184, 61
1791645439.791275,23.67, 2184, 62
1791645440.791780,23.61, 2184, 61
1791645441.792053,23.61, 2184, 62
1791645442.792400,23.53, 2184, 61
1791645443.793008,23.51, 2184, 61
1791645444.793469,23.42, 2184, 61
1791645445.794181,23.63, 2184, 61
1791645446.794307,23.33, 2184, 61
1791645447.794811,23.30, 2184, 61
1791645448.795026,23.57, 2184, 61
1791645449.795732,23.67, 2184, 61
1791645450.796167,23.58, 2184, 61
1791645451.796575,23.68, 2184, 61
1791645452.796636,23.45, 2184, 61
1791645453.796862,23.55, 2184, 61
1791645454.796977,23.47, 2184, 61
1791645455.797493,23.64, 2184, 61
1791645456.798020,23.60, 2184, 61
1791645457.798581,23.61, 2184, 61
1791645458.798989,23.53, 2184, 61
1791645459.799851,23.09, 2184, 61
1791645460.800416,23.44, 2184, 61
1791645461.800770,23.44, 2184, 61
1791645462.800987,23.58, 2184, 61
1791645463.801817,23.61, 2184, 61
1791645464.802026,23.54, 2184, 61
1791645465.802477,23.59, 2184, 61
1791645466.802759,23.61, 2184, 61
1791645467.802863,23.63, 2184, 61
1791645468.803124,23.64, 2184, 61
1791645469.803627,23.99, 2184, 61
1791645470.804052,23.42, 2184, 61
1791645471.804253,23.79, 2184, 61
1791645472.804859,23.65, 2184, 61
1791645473.805134,23.73, 2184, 61
1791645474.805766,23.70, 2184, 61
1791645475.805961,23.61, 2184, 61
1791645476.806484,23.56, 2184, 61
1791645477.806583,23.64, 2184, 61
1791645478.806952,23.66, 2184, 61
1791645479.807103,23.62, 2184, 61
1791645480.807796,23.61, 2184, 61
1791645481.807993,23.61, 2184, 61
1791645482.808118,23.48, 2184, 61
1791645483.808586,23.54, 2184, 61
1791645484.809108,23.63, 2184, 61
1791645485.809542,23.64, 2184, 61
1791645486.810065,23.48, 2184, 61
1791645487.810696,23.49, 2184, 61
1791645488.810895,23.51, 2184, 61
1791645489.811312,23.51, 2184, 61
1791645490.811938,23.51, 2184, 61
1791645491.812750,23.69, 2184, 61
1791645492.813202,23.62, 2184, 61
1791645493.813465,23.68, 2184, 61
1791645494.813974,23.63, 2184, 61
1791645495.814456,23.68, 2184, 61
1791645496.814975,23.44, 2184, 61
1791645497.815475,23.46, 2184, 61
1791645498.815788,23.48, 2184, 61
1791645499.815963,23.53, 2184, 61
1791645500.816094,23.58, 2184, 61
1791645501.816242,23.57, 2184, 61
1791645502.816342,23.66, 2184, 61
1791645503.816545,23.68, 2184, 61
1791645504.816924,23.66, 2184, 61
1791645505.817661,23.62, 2184, 61
1791645506.817601,23.50, 2184, 61
1791645507.817962,23.35, 2184, 61
1791645508.818631,23.42, 2184, 61
1791645509.818926,23.40, 2184, 61
1791645510.819238,23.49, 2184, 61
1791645511.819611,23.46, 2184, 61
1791645512.820180,23.52, 2184, 61
1791645513.820666,23.57, 2184, 61
1791645514.820973,23.53, 2184, 61
1791645515.821443,23.55, 2184, 61
1791645516.822155,23.61, 2184, 61
1791645517.822676,23.64, 2184, 61
1791645518.822830,23.57, 2184, 61
1791645519.823194,23.60, 2184, 61
1791645520.823350,23.39, 2184, 61
1791645521.823831,23.62, 2184, 61
1791645522.824271,23.55, 2184, 61
1791645523.824791,23.58, 2184, 61
1791645524.825336,23.64, 2184, 61
1791645525.825932,23.61, 2184, 61
1791645526.826342,23.52, 2184, 61
1791645527.826881,23.63, 2184, 61
1791645528.827384,23.82, 2184, 61
1791645529.827911,23.41, 2184, 61
1791645530.828158,23.39, 2184, 61
1791645531.828326,23.44, 2184, 61
1791645532.828864,23.45, 2184, 61
1791645533.829121,23.42, 2184, 60
1791645534.829588,23.57, 2184, 61
1791645535.829852,23.55, 2184, 60
1791645536.830201,23.57, 2184, 61
1791645537.830706,23.64, 2184, 61
1791645538.830807,23.56, 2184, 61
1791645539.831297,23.57, 2184, 61
1791645540.831953,23.49, 2184, 60
1791645541.832478,23.53, 2184, 61
1791645542.833013,23.58, 2184, 61
1791645543.833545,23.55, 2184, 61
1791645544.833965,23.58, 2184, 60
1791645545.834484,23.60, 2184, 60
1791645546.834960,23.51, 2184, 61
1791645547.835163,23.54, 2184, 61
1791645548.835443,23.51, 2184, 61
1791645549.835924,23.60, 2184, 60
1791645550.836424,23.53, 2184, 61
1791645551.836759,23.62, 2184, 61
1791645552.836884,23.49, 2184, 61
1791645553.837139,23.66, 2184, 60
1791645554.837505,23.65, 2184, 61
1791645555.837880,23.58, 2184, 60
1791645556.838145,23.55, 2184, 60
1791645557.838350,23.48, 2184, 60
1791645558.838949,23.39, 2184, 60
1791645559.839101,23.43, 2184, 60
1791645560.839203,23.35, 2184, 60
1791645561.839834,23.35, 2184, 61
1791645562.839831,23.41, 2184, 60
1791645563.840318,23.48, 2184, 60
1791645564.840829,23.53, 2184, 60
1791645565.841500,23.53, 2184, 60
1791645566.841758,23.52, 2184, 60
1791645567.842004,23.57, 2184, 60
1791645568.842208,23.53, 2184, 60
1791645569.842338,23.32, 2184, 60
1791645570.842818,23.56, 2184, 60
1791645571.843097,23.58, 2184, 60
1791645572.843323,23.58, 2184, 60
1791645573.843651,23.66, 2184, 60
1791645574.843702,23.61, 2184, 60
1791645575.843951,23.54, 2184, 60
1791645576.844060,23.56, 2184, 60
1791645577.844264,23.49, 2184, 60
1791645578.844382,23.43, 2184, 60
1791645579.844575,23.32, 2184, 60
1791645580.844993,23.33, 2184, 60
1791645581.845467,23.36, 2184, 60
1791645582.846050,23.41, 2184, 60
1791645583.846151,23.43, 2184, 60
1791645584.846629,23.44, 2184, 60
1791645585.847134,23.34, 2184, 60
1791645586.847449,23.37, 2184, 60
1791645587.847762,23.33, 2184, 60
1791645588.848273,23.27, 2184, 61
1791645589.848936,23.38, 2184, 60
1791645590.849113,23.35, 2184, 60
1791645591.849329,23.51, 2184, 60
1791645592.849818,23.65, 2184, 60
1791645593.850085,23.63, 2184, 60
1791645594.850602,23.68, 2184, 60
1791645595.850960,23.67, 2184, 60
1791645596.851123,23.45, 2184, 60
1791645597.851800,23.38, 2184, 60
1791645598.852156,23.31, 2184, 60
1791645599.852310,23.50, 2184, 60
1791645600.852821,23.52, 2184, 60
1791645601.853312,23.51, 2184, 60
1791645602.853741,23.45, 2184, 60
1791645603.853900,23.44, 2184, 61
1791645604.854334,23.43, 2184, 60
1791645605.854895,23.48, 2184, 60
1791645606.855506,23.61, 2184, 60
1791645607.855670,23.57, 2184, 60
1791645608.856116,23.60, 2184, 60
1791645609.856357,23.53, 2184, 60
1791645610.856662,23.58, 2184, 61
1791645611.857125,23.54, 2184, 61
1791645612.857620,23.35, 2184, 60
1791645613.858259,23.59, 2184, 61
1791645614.858409,23.44, 2184, 60
1791645615.859160,23.51, 2184, 60
1791645616.858861,23.40, 2184, 60
1791645617.859183,23.45, 2184, 60
1791645618.859406,23.55, 2184, 60
1791645619.859865,23.34, 2184, 60
1791645620.859905,23.64, 2184, 60
1791645621.860487,23.70, 2184, 60
1791645622.861130,23.59, 2184, 60
1791645623.861462,23.63, 2184, 61
1791645624.861924,23.49, 2184, 60
1791645625.862566,23.40, 2184, 60
1791645626.862732,23.37, 2184, 60
1791645627.862982,23.58, 2184, 60
1791645628.863241,23.65, 2184, 60
1791645629.863467,23.67, 2184, 60
1791645630.863829,23.64, 2184, 60
1791645631.864001,23.61, 2184, 60
1791645632.864257,23.62, 2184, 60
1791645633.864862,23.54, 2184, 60
1791645634.865329,23.54, 2184, 60
1791645635.865579,23.58, 2184, 60
1791645636.866377,23.65, 2184, 60
1791645637.867115,23.66, 2184, 60
1791645638.867779,23.60, 2184, 60
1791645639.868245,23.67, 2184, 60
1791645640.868899,23.75, 2184, 60
1791645641.869699,23.60, 2184, 60
1791645642.870187,23.66, 2184, 60
1791645643.870230,23.59, 2184, 60
1791645644.871111,23.61, 2184, 61
1791645645.872082,23.74, 2184, 60
1791645646.872240,23.68, 2184, 60
1791645647.872996,23.65, 2184, 60
1791645648.873106,23.42, 2184, 60
1791645649.873294,23.64, 2184, 60
1791645650.873983,23.62, 2184, 60
1791645651.874343,23.53, 2184, 60
1791645652.875084,23.64, 2184, 60
1791645653.875883,23.67, 2184, 60
1791645654.876407,23.44, 2184, 60
1791645655.877084,23.43, 2184, 61
1791645656.877706,23.70, 2184, 60
1791645657.877948,23.56, 2184, 60
1791645658.877882,23.60, 2184, 60
1791645659.878178,23.62, 2184, 60
1791645660.879023,23.45, 2184, 60
1791645661.879281,23.43, 2184, 60
1791645662.879745,23.51, 2184, 60
1791645663.880361,23.63, 2184, 60
1791645664.880784,23.62, 2184, 60
1791645665.881707,23.73, 2184, 60
1791645666.881958,23.59, 2184, 60
1791645667.882509,23.49, 2184, 60
1791645668.882460,23.43, 2184, 60
1791645669.882613,23.37, 2184, 60
1791645670.882777,23.43, 2184, 60
1791645671.883243,23.61, 2184, 60
1791645672.883996,23.48, 2184, 60
1791645673.884640,23.43, 2184, 60
1791645674.885430,23.45, 2184, 60
1791645675.886090,23.56, 2184, 60
1791645676.886454,23.61, 2184, 60
1791645677.886691,23.42, 2184, 60
1791645678.886823,23.55, 2184, 60
1791645679.887036,23.64, 2184, 60
1791645680.887309,23.59, 2184, 60
1791645681.887827,23.43, 2184, 60
1791645682.888310,23.65, 2184, 60
1791645683.888807,23.56, 2184, 60
1791645684.889066,23.58, 2184, 60
1791645685.889475,23.62, 2184, 60
1791645686.890183,23.56, 2184, 60
1791645687.890482,23.52, 2184, 60
1791645688.890977,23.58, 2184, 60
1791645689.891491,23.57, 2184, 60
1791645690.891971,23.93, 2184, 60
1791645691.892311,23.40, 2184, 60
1791645692.892816,23.58, 2184, 61
1791645693.893403,23.50, 2184, 60
1791645694.893583,23.57, 2184, 60
1791645695.894278,23.57, 2184, 60
1791645696.894781,23.64, 2184, 60
1791645697.894988,23.65, 2184, 60
1791645698.895721,23.58, 2184, 60
1791645699.895729,23.61, 2184, 60
1791645700.896225,23.54, 2184, 60
1791645701.896411,23.64, 2184, 60
1791645702.896506,23.50, 2184, 60
1791645703.896769,23.41, 2184, 60
1791645704.897268,23.53, 2184, 60
1791645705.898125,23.48, 2184, 60
1791645706.898232,23.77, 2184, 60
1791645707.898540,23.73, 2184, 60
1791645708.898578,23.60, 2184, 60
1791645709.898842,23.74, 2184, 60
1791645710.899067,23.69, 2184, 60
1791645711.899275,23.59, 2184, 60
1791645712.899504,23.56, 2184, 60
1791645713.899801,23.59, 2184, 60
1791645714.899842,23.72, 2184, 60
1791645715.900089,23.62, 2184, 60
1791645716.900168,23.65, 2184, 60
1791645717.900699,23.68, 2184, 60
1791645718.900946,23.65, 2184, 60
1791645719.901237,23.76, 2184, 60
1791645720.901891,23.75, 2184, 60
1791645721.902312,23.50, 2184, 60
1791645722.902861,23.52, 2184, 60
1791645723.903134,23.51, 2184, 60
1791645724.903255,23.49, 2184, 60
1791645725.903363,23.40, 2184, 60
1791645726.903829,23.43, 2184, 60
1791645727.904126,23.51, 2184, 60
1791645728.904652,23.63, 2184, 60
1791645729.904694,23.65, 2184, 60
1791645730.905303,23.55, 2184, 60
1791645731.905605,23.51, 2184, 60
1791645732.905771,23.51, 2184, 60
1791645733.905906,23.65, 2184, 60
1791645734.906770,23.48, 2184, 60
1791645735.906789,23.44, 2184, 60
1791645736.907297,23.57, 2184, 60
1791645737.907813,23.72, 2184, 60
1791645738.908291,23.56, 2184, 60
1791645739.908922,23.67, 2184, 60
1791645740.909296,23.47, 2184, 60
1791645741.909824,23.53, 2184, 60
1791645742.910415,23.53, 2184, 60
1791645743.910541,23.64, 2184, 60
1791645744.910721,23.70, 2184, 60
1791645745.910934,23.66, 2184, 60
1791645746.911127,23.43, 2184, 60
1791645747.911533,23.31, 2184, 60
1791645748.911772,23.38, 2184, 60
1791645749.912307,23.58, 2184, 60
1791645750.912781,23.65, 2184, 60
1791645751.913009,23.64, 2184, 60
1791645752.913221,23.55, 2184, 60
1791645753.913761,23.50, 2184, 60
1791645754.914013,23.60, 2184, 60
1791645755.914246,23.65, 2184, 60
1791645756.914410,23.71, 2184, 60
1791645757.915233,23.98, 2184, 60
1791645758.915913,23.36, 2184, 60
1791645759.916494,23.54, 2184, 60
1791645760.916689,23.48, 2184, 60
1791645761.916976,23.54, 2184, 60
1791645762.917457,23.53, 2184, 60
1791645763.917665,23.56, 2184, 60
1791645764.918209,23.62, 2184, 60
1791645765.918409,23.59, 2184, 60
1791645766.918470,23.64, 2184, 60
1791645767.918956,23.60, 2184, 60
1791645768.919480,23.62, 2184, 60
1791645769.920008,23.56, 2184, 60
1791645770.920292,23.65, 2184, 60
1791645771.920787,23.67, 2184, 60
1791645772.921323,23.62, 2184, 60
1791645773.921658,23.54, 2184, 60
1791645774.921827,23.49, 2184, 60
1791645775.922065,23.49, 2184, 60
1791645776.922341,23.49, 2184, 60
1791645777.922889,23.51, 2184, 60
1791645778.923381,23.66, 2184, 60
1791645779.924252,23.62, 2184, 60
1791645780.924428,23.55, 2184, 60
1791645781.925082,23.47, 2184, 60
1791645782.925495,23.63, 2184, 60
1791645783.926001,23.52, 2184, 60
1791645784.926139,23.49, 2184, 60
1791645785.926991,23.57, 2184, 60
1791645786.926927,23.61, 2184, 60
1791645787.927403,23.66, 2184, 60
1791645788.927946,23.59, 2184, 60
1791645789.928480,23.60, 2184, 60
1791645790.929147,23.50, 2184, 60
1791645791.929433,23.59, 2184, 60
1791645792.929916,23.49, 2184, 60
1791645793.930548,23.53, 2184, 60
1791645794.930883,23.42, 2184, 60
1791645795.931379,23.36, 2184, 60
1791645796.931657,23.56, 2184, 60
1791645797.931758,23.50, 2184, 60
1791645798.932018,23.38, 2184, 60
1791645799.932433,23.49, 2184, 60
1791645800.932951,23.57, 2184, 60
1791645801.933064,23.58, 2184, 60
1791645802.933196,23.60, 2184, 60
1791645803.933686,23.65, 2184, 60
1791645804.933953,23.63, 2184, 60
1791645805.934452,23.42, 2184, 60
1791645806.934686,23.52, 2184, 60
1791645807.934998,23.49, 2184, 60
1791645808.935876,23.57, 2184, 60
1791645809.936046,23.50, 2184, 60
1791645810.936517,23.59, 2184, 60
1791645811.936996,23.44, 2184, 60
1791645812.937492,23.49, 2184, 60
1791645813.937702,23.64, 2184, 60
1791645814.937883,23.55, 2184, 60
1791645815.938605,23.58, 2184, 60
1791645816.938806,23.50, 2184, 60
1791645817.939231,23.44, 2184, 60
1791645818.939577,23.44, 2184, 60
1791645819.940226,23.41, 2184, 60
1791645820.940693,23.47, 2184, 60
1791645821.941644,23.53, 2184, 60
1791645822.941631,23.44, 2184, 60
1791645823.941980,23.42, 2184, 60
1791645824.942147,23.45, 2184, 60
1791645825.942696,23.29, 2184, 60
1791645826.943169,23.36, 2184, 60
1791645827.943769,23.37, 2184, 60
1791645828.943908,23.42, 2184, 60
1791645829.944387,23.42, 2184, 60
1791645830.944860,23.48, 2184, 60
1791645831.945099,23.50, 2184, 60
1791645832.946002,23.42, 2184, 60
1791645833.945928,23.42, 2184, 60
1791645834.946424,23.43, 2184, 60
1791645835.946558,23.56, 2184, 60
1791645836.947004,23.51, 2184, 60
1791645837.947528,23.46, 2184, 60
1791645838.948318,23.57, 2184, 60
1791645839.949023,23.59, 2184, 60
1791645840.949769,23.63, 2184, 60
1791645841.949993,23.73, 2184, 60
1791645842.950477,23.56, 2184, 60
1791645843.951031,23.48, 2184, 60
1791645844.951223,23.41, 2184, 60
1791645845.951452,23.41, 2184, 60
1791645846.952055,23.23, 2184, 60
1791645847.952516,23.38, 2184, 60
1791645848.953403,23.36, 2184, 60
1791645849.954148,23.56, 2184, 60
1791645850.954282,23.61, 2184, 60
1791645851.955006,23.58, 2184, 60
1791645852.955615,23.53, 2184, 60
1791645853.956089,23.56, 2184, 60
1791645854.956242,23.52, 2184, 60
1791645855.956877,23.47, 2184, 60
1791645856.957358,23.48, 2184, 60
1791645857.957973,23.63, 2184, 60
1791645858.958836,23.66, 2184, 60
1791645859.959237,23.68, 2184, 60
1791645860.959630,23.60, 2184, 60
1791645861.959737,23.64, 2184, 60
1791645862.960074,23.55, 2184, 60
1791645863.960809,23.52, 2184, 60
1791645864.961465,23.60, 2184, 60
1791645865.962071,23.58, 2184, 60
1791645866.962135,23.62, 2184, 60
1791645867.962686,23.58, 2184, 60
1791645868.963160,23.67, 2184, 60
1791645869.963221,23.56, 2184, 60
1791645870.963792,23.48, 2184, 60
1791645871.963975,23.61, 2184, 60
1791645872.964396,23.57, 2184, 60
1791645873.964917,23.63, 2184, 60
1791645874.964934,23.66, 2184, 60
1791645875.965708,23.66, 2184, 60
1791645876.966438,23.67, 2184, 60
1791645877.967415,23.66, 2184, 60
1791645878.967776,23.67, 2184, 60
1791645879.968566,23.59, 2184, 60
1791645880.969124,23.43, 2184, 60
1791645881.969240,23.42, 2184, 60
1791645882.969835,23.39, 2184, 60
1791645883.970476,23.41, 2184, 60
1791645884.970581,23.38, 2184, 60
1791645885.970858,23.48, 2184, 60
1791645886.971636,23.46, 2184, 60
1791645887.972321,23.46, 2184, 60
1791645888.973050,23.43, 2184, 60
1791645889.973809,23.55, 2184, 60
1791645890.973935,23.50, 2184, 60
1791645891.974456,23.50, 2184, 60
1791645892.975066,23.53, 2184, 60
1791645893.975818,23.71, 2184, 60
1791645894.976432,23.70, 2184, 60
1791645895.977282,23.63, 2184, 60
1791645896.977249,23.58, 2184, 60
1791645897.977507,23.45, 2184, 60
1791645898.978141,23.44, 2184, 60
1791645899.978788,23.41, 2184, 60
1791645900.979365,23.47, 2184, 60
1791645901.979291,23.56, 2184, 60
1791645902.979931,23.42, 2184, 60
1791645903.980388,23.36, 2184, 60
1791645904.981133,23.51, 2184, 60
1791645905.981533,23.49, 2184, 60
1791645906.982480,23.51, 2184, 60
1791645907.982752,23.44, 2184, 60
1791645908.983437,23.39, 2184, 60
1791645909.984073,23.47, 2184, 60
1791645910.984893,23.50, 2184, 60
1791645911.985516,23.42, 2184, 60
1791645912.985561,23.46, 2184, 60
1791645913.986318,23.49, 2184, 60
1791645914.987093,23.60, 2184, 60
1791645915.987315,23.52, 2184, 60
1791645916.988273,23.59, 2184, 60
1791645917.988972,23.55, 2184, 60
1791645918.989751,23.45, 2184, 60
1791645919.990484,23.39, 2184, 60
1791645920.990444,23.49, 2184, 60
1791645921.990935,23.58, 2184, 60
1791645922.990925,23.67, 2184, 60
1791645923.991159,23.72, 2184, 60
1791645924.991638,23.58, 2184, 60
1791645925.992238,23.35, 2184, 60
1791645926.992357,23.35, 2184, 60
1791645927.992581,23.42, 2184, 60
1791645928.992855,23.47, 2184, 60
1791645929.992964,23.52, 2184, 60
1791645930.993077,23.62, 2184, 60
1791645931.993306,23.46, 2184, 60
1791645932.993418,23.48, 2184, 60
1791645933.994112,23.47, 2184, 60
1791645934.994917,23.40, 2184, 60
1791645935.995094,23.57, 2184, 60
1791645936.995337,23.58, 2184, 60
1791645937.996052,23.52, 2184, 60
1791645938.996350,23.59, 2184, 60
1791645939.996477,23.44, 2184, 60
1791645940.997327,23.50, 2184, 60
1791645941.997989,23.61, 2184, 60
1791645942.998131,23.52, 2184, 60
1791645943.998560,23.59, 2184, 60
1791645944.999190,23.65, 2184, 60
1791645945.999761,23.68, 2184, 60
1791645947.000293,23.51, 2184, 60
1791645948.001000,23.61, 2184, 60
1791645949.001590,23.59, 2184, 60
1791645950.002243,23.55, 2184, 60
1791645951.002364,23.60, 2184, 60
1791645952.003037,23.53, 2184, 60
1791645953.003797,23.57, 2184, 60
1791645954.004539,23.53, 2184, 60
1791645955.005259,23.51, 2184, 60
1791645956.005350,23.47, 2184, 60
1791645957.005717,23.37, 2184, 60
1791645958.006308,23.70, 2184, 60
1791645959.006617,23.66, 2184, 60
1791645960.007021,23.74, 2184, 60
1791645961.007689,23.66, 2184, 60
1791645962.007644,23.64, 2184, 60
1791645963.007879,23.54, 2184, 60
1791645964.008824,23.58, 2184, 60
1791645965.008793,23.79, 2184, 60
1791645966.009441,23.67, 2184, 60
1791645967.010273,23.64, 2184, 60
1791645968.011069,23.61, 2184, 60
1791645969.011713,23.62, 2184, 60
1791645970.012503,23.58, 2184, 60
1791645971.013122,23.56, 2184, 60
1791645972.013998,23.54, 2184, 60
1791645973.014435,23.57, 2184, 60
1791645974.015206,23.93, 2184, 60
1791645975.015811,23.38, 2184, 60
1791645976.016136,23.35, 2184, 60
1791645977.016610,23.45, 2184, 60
1791645978.016751,23.35, 2184, 60
1791645979.017398,23.64, 2184, 60
1791645980.017521,23.72, 2184, 60
1791645981.018005,23.61, 2184, 60
1791645982.018503,23.64, 2184, 60
1791645983.019113,23.56, 2184, 60
1791645984.019758,23.66, 2184, 60
1791645985.020436,23.44, 2184, 60
1791645986.021093,23.55, 2184, 60
1791645987.021249,23.78, 2184, 60
1791645988.022130,23.73, 2184, 60
1791645989.022676,23.81, 2184, 60
1791645990.023195,23.74, 2184, 60
1791645991.023910,23.71, 2184, 60
1791645992.024442,23.78, 2184, 60
1791645993.025008,23.76, 2184, 60
1791645994.025223,23.67, 2184, 60
1791645995.025939,23.64, 2184, 60
1791645996.026591,23.66, 2184, 60
1791645997.027406,23.57, 2184, 60
1791645998.027913,23.52, 2184, 60
1791645999.028635,23.42, 2184, 60
1791646000.028750,23.64, 2184, 60
1791646001.028856,23.72, 2184, 60
1791646002.029558,23.55, 2184, 60
1791646003.030170,23.59, 2184, 60
1791646004.030974,23.67, 2184, 60
1791646005.031721,23.57, 2184, 60
1791646006.032324,23.47, 2184, 60
1791646007.032464,23.50, 2184, 60
1791646008.033352,23.63, 2184, 60
1791646009.033978,23.57, 2184, 60
1791646010.034618,23.55, 2184, 60
1791646011.035153,23.48, 2184, 60
1791646012.035794,23.42, 2184, 60
1791646013.036582,23.48, 2184, 60
1791646014.037336,23.43, 2184, 60
1791646015.038312,23.70, 2184, 60
1791646016.038851,23.40, 2184, 60
1791646017.039336,23.42, 2184, 60
1791646018.040051,23.37, 2184, 60
1791646019.040760,23.55, 2184, 60
1791646020.041120,23.52, 2184, 60
1791646021.041581,23.43, 2184, 60
1791646022.041911,23.66, 2184, 60
1791646023.042283,23.68, 2184, 60
1791646024.042864,23.61, 2184, 60
1791646025.042989,23.55, 2184, 60
1791646026.043647,23.68, 2184, 60
1791646027.044061,23.66, 2184, 60
1791646028.044257,23.67, 2184, 60
1791646029.044884,23.39, 2184, 60
1791646030.045096,23.59, 2184, 60
1791646031.045649,23.66, 2184, 60
1791646032.045789,23.50, 2184, 60
1791646033.045910,23.53, 2184, 60
1791646034.046458,23.63, 2184, 60
1791646035.047171,23.62, 2184, 60
1791646036.047924,23.58, 2184, 60
1791646037.048758,23.58, 2184, 60
1791646038.048861,23.56, 2184, 60
1791646039.049676,23.99, 2184, 60
1791646040.049768,23.32, 2184, 60
1791646041.050021,23.50, 2184, 60
1791646042.050440,23.45, 2184, 60
1791646043.051074,23.48, 2184, 60
1791646044.051639,23.66, 2184, 60
1791646045.052448,23.54, 2184, 60
1791646046.052959,23.55, 2184, 60
1791646047.053011,23.60, 2184, 60
1791646048.053656,23.58, 2184, 60
1791646049.055436,23.53, 2184, 60
1791646050.055731,23.52, 2184, 60
1791646051.056350,23.72, 2184, 60
1791646052.056986,23.67, 2184, 60
1791646053.057708,23.74, 2184, 60
1791646054.058304,23.69, 2184, 60
1791646055.059019,23.57, 2184, 60
1791646056.059977,23.47, 2184, 60
1791646057.060796,23.52, 2184, 60
1791646058.061406,23.52, 2184, 60
1791646059.062286,23.60, 2184, 60
1791646060.063037,23.68, 2184, 60
1791646061.063125,23.67, 2184, 60
1791646062.063525,23.64, 2184, 60
1791646063.064341,23.68, 2184, 60
1791646064.065012,23.62, 2184, 60
1791646065.065763,23.55, 2184, 60
1791646066.065779,23.60, 2184, 60
1791646067.066623,23.50, 2184, 60
1791646068.067429,23.44, 2184, 60
1791646069.067633,23.43, 2184, 60
1791646070.067779,23.47, 2184, 60
1791646071.067908,23.37, 2184, 60
1791646072.068462,23.49, 2184, 60
1791646073.068805,23.57, 2184, 60
1791646074.069096,23.58, 2184, 60
1791646075.069627,23.65, 2184, 60
1791646076.070039,23.44, 2184, 60
1791646077.070512,23.50, 2184, 60
1791646078.071447,23.38, 2184, 60
1791646079.071907,23.55, 2184, 60
1791646080.072253,23.66, 2184, 60
1791646081.072404,23.55, 2184, 60
1791646082.072543,23.57, 2184, 60
1791646083.073074,23.50, 2184, 60
1791646084.073408,23.61, 2184, 60
1791646085.073618,23.65, 2184, 60
1791646086.073981,23.66, 2184, 60
1791646087.074549,23.65, 2184, 60
1791646088.075054,23.49, 2184, 60
1791646089.075215,23.56, 2184, 60
1791646090.075797,23.48, 2184, 60
1791646091.076187,23.51, 2184, 60
1791646092.076296,23.56, 2184, 60
1791646093.076769,23.55, 2184, 60
1791646094.076908,23.53, 2184, 60
1791646095.077272,23.50, 2184, 60
1791646096.077401,23.49, 2184, 60
1791646097.077896,23.45, 2184, 60
1791646098.078414,23.96, 2184, 60
1791646099.078882,23.38, 2184, 60
1791646100.079554,23.47, 2184, 60
1791646101.079759,23.55, 2184, 60
1791646102.079990,23.56, 2184, 60
1791646103.080245,23.55, 2184, 60
1791646104.080608,23.51, 2184, 60
1791646105.080798,23.50, 2184, 60
1791646106.080934,23.55, 2184, 60
1791646107.081214,23.65, 2184, 60
1791646108.081431,23.69, 2184, 60
1791646109.081653,23.53, 2184, 60
1791646110.081871,23.54, 2184, 60
1791646111.082588,23.49, 2184, 60
1791646112.082544,23.52, 2184, 60
1791646113.082999,23.52, 2184, 60
1791646114.083505,23.49, 2184, 60
1791646115.084358,23.55, 2184, 60
1791646116.084136,23.50, 2184, 60
1791646117.084618,23.46, 2184, 60
1791646118.084995,23.40, 2184, 60
1791646119.085196,23.41, 2184, 60
1791646120.085910,23.48, 2184, 60
1791646121.086205,23.42, 2184, 60
1791646122.086688,23.35, 2184, 60
1791646123.087004,23.48, 2184, 60
1791646124.087468,23.65, 2184, 60
1791646125.088048,23.54, 2184, 60
1791646126.088608,23.48, 2184, 60
1791646127.089131,23.51, 2184, 60
1791646128.089626,23.48, 2184, 60
1791646129.090111,23.49, 2184, 60
1791646130.090339,23.55, 2184, 60
1791646131.090576,23.58, 2184, 60
1791646132.090975,23.59, 2184, 60
1791646133.091131,23.62, 2184, 60
1791646134.091382,23.58, 2184, 60
1791646135.091837,23.61, 2184, 60
1791646136.092000,23.58, 2184, 60
1791646137.092465,23.48, 2184, 60
1791646138.092610,23.54, 2184, 60
1791646139.093198,23.43, 2184, 60
1791646140.093610,23.48, 2184, 60
1791646141.093932,23.42, 2184, 60
1791646142.094397,23.41, 2184, 60
1791646143.094872,23.46, 2184, 60
1791646144.095401,23.55, 2184, 60
1791646145.095824,23.58, 2184, 60
1791646146.095913,23.64, 2184, 60
1791646147.096204,23.15, 2184, 60
1791646148.096685,26.79, 2184, 60
1791646149.097125,26.02, 2184, 60
1791646150.097729,25.55, 2184, 60
1791646151.097728,25.54, 2184, 60
1791646152.098274,25.58, 2184, 60
1791646153.098416,25.55, 2184, 60
1791646154.098841,25.43, 2184, 60
1791646155.099618,25.31, 2184, 60
1791646156.100088,25.50, 2184, 60
1791646157.100310,25.50, 2184, 60
1791646158.100458,25.52, 2184, 60
1791646159.100583,25.47, 2184, 60
1791646160.100814,25.55, 2184, 60
1791646161.101444,25.50, 2184, 60
1791646162.101787,25.55, 2184, 60
1791646163.102194,25.57, 2184, 60
1791646164.102400,25.13, 2184, 60
1791646165.102624,25.54, 2184, 61
1791646166.102783,25.56, 2184, 60
1791646167.103382,25.53, 2184, 61
1791646168.103793,25.59, 2184, 61
1791646169.104415,25.03, 2184, 60
1791646170.104913,25.54, 2184, 61
1791646171.105356,25.60, 2184, 61
1791646172.105998,25.79, 2184, 61
1791646173.106387,25.62, 2184, 61
1791646174.107104,25.48, 2184, 61
1791646175.107363,25.63, 2184, 61
1791646176.107851,25.54, 2184, 61
1791646177.108240,25.55, 2184, 61
1791646178.108744,25.60, 2184, 61
1791646179.108891,26.02, 2184, 61
1791646180.109142,25.42, 2184, 61
1791646181.109258,25.90, 2184, 61
1791646182.109920,25.66, 2184, 61
1791646183.110307,25.45, 2184, 61
1791646184.110692,25.67, 2184, 61
1791646185.111131,25.42, 2184, 60
1791646186.111625,25.31, 2184, 61
1791646187.112426,25.57, 2184, 61
1791646188.112917,25.84, 2184, 61
1791646189.113400,25.72, 2184, 61
1791646190.113687,25.75, 2184, 61
1791646191.113966,25.40, 2184, 61
1791646192.114426,25.48, 2184, 61
1791646193.114591,25.28, 2184, 61
1791646194.115317,25.65, 2184, 61
1791646195.115643,25.86, 2184, 61
1791646196.116083,25.73, 2184, 61
1791646197.116474,25.79, 2184, 61
1791646198.117036,25.92, 2184, 61
1791646199.117427,25.67, 2184, 61
1791646200.117393,25.60, 2184, 61
1791646201.117878,25.63, 2184, 61
1791646202.118404,25.59, 2184, 61
1791646203.118910,25.23, 2184, 61
1791646204.119282,25.63, 2184, 61
1791646205.119800,25.89, 2184, 61
1791646206.119871,25.71, 2184, 61
1791646207.120606,25.79, 2184, 61
1791646208.120495,25.80, 2184, 61
1791646209.120735,25.82, 2184, 60
1791646210.121095,25.66, 2184, 61
1791646211.121609,25.34, 2184, 61
1791646212.121729,25.94, 2184, 61
1791646213.121904,25.52, 2184, 61
1791646214.122391,25.60, 2184, 61
1791646215.122874,25.73, 2184, 61
1791646216.123057,25.96, 2184, 61
1791646217.123551,25.88, 2184, 61
1791646218.123969,25.58, 2184, 61
1791646219.124434,25.86, 2184, 61
1791646220.124833,25.93, 2184, 61
1791646221.125584,25.82, 2184, 61
1791646222.125980,25.96, 2184, 62
1791646223.126410,25.76, 2184, 61
1791646224.126850,25.74, 2184, 61
1791646225.127197,25.89, 2184, 61
1791646226.127480,25.50, 2184, 61
1791646227.127921,25.64, 2184, 61
1791646228.128632,25.44, 2184, 61
1791646229.129303,25.52, 2184, 61
1791646230.129868,25.50, 2184, 61
1791646231.130199,25.48, 2184, 61
1791646232.130849,25.64, 2184, 61
1791646233.131428,25.60, 2184, 61
1791646234.131816,25.79, 2184, 61
1791646235.132965,25.86, 2184, 61
1791646236.133335,25.75, 2184, 61
1791646237.134129,25.94, 2184, 61
1791646238.134729,25.49, 2184, 61
1791646239.135215,25.77, 2184, 61
1791646240.135446,25.66, 2184, 61
1791646241.136212,25.53, 2184, 61
1791646242.136892,25.80, 2184, 61
1791646243.137665,26.03, 2184, 61
1791646244.138165,25.83, 2184, 61
1791646245.138794,25.71, 2184, 61
1791646246.139279,25.34, 2184, 62
1791646247.139985,24.98, 2184, 61
1791646248.140218,24.84, 2184, 62
1791646249.141122,24.83, 2184, 61
1791646250.141742,24.99, 2184, 61
1791646251.141865,24.94, 2184, 61
1791646252.142290,24.85, 2184, 61
1791646253.142401,24.77, 2184, 61
1791646254.142614,24.84, 2184, 61
1791646255.143424,24.60, 2184, 61
1791646256.144043,24.55, 2184, 61
1791646257.144127,23.72, 2184, 61
1791646258.144917,23.58, 2184, 61
1791646259.145362,23.47, 2184, 61
1791646260.145575,23.49, 2184, 61
1791646261.145664,26.99, 2184, 61
1791646262.146406,25.94, 2184, 61
1791646263.146687,25.53, 2184, 61
1791646264.147148,25.82, 2184, 61
1791646265.147489,25.84, 2184, 62
1791646266.148260,25.61, 2184, 61
1791646267.148321,25.62, 2184, 61
1791646268.148903,25.55, 2184, 61
1791646269.149285,25.55, 2184, 61
1791646270.149462,25.77, 2184, 61
1791646271.149813,25.66, 2184, 62
1791646272.149951,25.63, 2184, 61
1791646273.150492,25.68, 2184, 61
1791646274.150501,25.75, 2184, 61
1791646275.150814,25.78, 2184, 61
1791646276.150997,25.70, 2184, 61
1791646277.151063,25.39, 2184, 62
1791646278.151365,25.65, 2184, 61
1791646279.151918,25.40, 2184, 61
1791646280.152172,25.91, 2184, 62
1791646281.152397,25.72, 2184, 61
1791646282.152475,25.74, 2184, 61
1791646283.153321,25.74, 2184, 61
1791646284.153798,25.79, 2184, 61
1791646285.154597,25.90, 2184, 61
1791646286.155384,25.78, 2184, 62
1791646287.155503,25.74, 2184, 62
1791646288.156188,25.92, 2184, 61
1791646289.156785,25.83, 2184, 62
1791646290.157235,25.90, 2184, 61
1791646291.157427,25.59, 2184, 61
1791646292.158234,25.75, 2184, 62
1791646293.158926,25.22, 2184, 61
1791646294.159123,25.69, 2184, 61
1791646295.159342,25.94, 2184, 61
1791646296.159437,25.77, 2184, 62
1791646297.159579,26.00, 2184, 61
1791646298.159761,25.89, 2184, 61
1791646299.159891,25.67, 2184, 61
1791646300.159992,25.72, 2184, 61
1791646301.160196,25.76, 2184, 61
1791646302.160316,25.71, 2184, 61
1791646303.160452,25.67, 2184, 62
1791646304.161428,25.49, 2184, 61
1791646305.161536,25.56, 2184, 61
1791646306.161767,25.72, 2184, 62
1791646307.162264,25.65, 2184, 61
1791646308.162858,25.46, 2184, 62
1791646309.163245,25.75, 2184, 61
1791646310.163966,25.65, 2184, 62
1791646311.164442,26.11, 2184, 62
1791646312.164624,25.95, 2184, 62
1791646313.164731,25.77, 2184, 61
1791646314.165598,25.62, 2184, 61
1791646315.165790,25.45, 2184, 61
1791646316.166091,25.69, 2184, 62
1791646317.166779,25.58, 2177, 61
1791646318.167435,25.75, 2184, 62
1791646319.167700,25.65, 2184, 62
1791646320.168454,25.78, 2184, 62
1791646321.168576,25.66, 2184, 62
1791646322.169287,25.40, 2184, 62
1791646323.169902,26.00, 2184, 62
1791646324.170659,26.00, 2184, 62
1791646325.171453,25.99, 2184, 62
1791646326.172233,25.82, 2184, 62
1791646327.172611,25.92, 2184, 61
1791646328.173179,25.71, 2184, 61
1791646329.173953,26.35, 2177, 62
1791646330.174839,25.85, 2184, 62
1791646331.175701,26.08, 2184, 62
1791646332.175889,25.75, 2184, 62
1791646333.176412,25.67, 2184, 62
1791646334.177156,25.77, 2184, 62
1791646335.177932,25.74, 2184, 62
1791646336.178728,25.60, 2184, 62
1791646337.179493,25.76, 2184, 62
1791646338.179589,25.76, 2184, 62
1791646339.180467,25.88, 2184, 62
1791646340.181167,25.77, 2184, 62
1791646341.181737,25.82, 2184, 62
1791646342.181775,25.76, 2184, 62
1791646343.182288,25.62, 2184, 62
1791646344.182763,25.63, 2184, 62
1791646345.183313,25.54, 2184, 62
1791646346.183948,25.45, 2184, 62
1791646347.184441,25.54, 2184, 62
1791646348.184950,25.68, 2184, 62
1791646349.184998,25.66, 2184, 62
1791646350.185862,25.92, 2184, 62
1791646351.186414,25.38, 2184, 62
1791646352.186889,26.06, 2184, 62
1791646353.187156,25.85, 2184, 62
1791646354.187357,25.74, 2184, 62
1791646355.187856,25.63, 2184, 62
1791646356.188104,25.15, 2184, 62
1791646357.189041,24.99, 2184, 61
1791646358.188950,24.89, 2184, 62
1791646359.189787,24.88, 2184, 61
1791646360.189715,24.82, 2184, 61
1791646361.190192,24.54, 2184, 61
1791646362.190575,24.65, 2184, 61
1791646363.191041,24.70, 2184, 61
1791646364.191521,24.57, 2184, 61
1791646365.191966,24.58, 2184, 62
1791646366.192470,24.42, 2184, 61
1791646367.192925,24.10, 2184, 61
1791646368.193406,23.61, 2184, 61
1791646369.193680,24.49, 2177, 62
1791646370.194562,27.04, 2184, 62
1791646371.194705,25.95, 2184, 61
1791646372.194986,25.68, 2184, 62
1791646373.195449,25.80, 2184, 62
1791646374.196152,25.83, 2184, 61
1791646375.196650,25.74, 2184, 61
1791646376.197010,25.70, 2184, 61
1791646377.197874,25.55, 2184, 61
1791646378.197971,25.65, 2184, 62
1791646379.198467,25.72, 2184, 62
1791646380.198950,25.64, 2184, 61
1791646381.199201,25.53, 2184, 61
1791646382.199800,25.26, 2184, 62
1791646383.200347,25.61, 2184, 61
1791646384.200839,25.46, 2184, 61
1791646385.201287,25.38, 2184, 62
1791646386.201752,25.57, 2184, 62
1791646387.202207,25.59, 2184, 62
1791646388.203130,25.68, 2184, 61
1791646389.203348,25.32, 2184, 62
1791646390.204094,25.89, 2184, 61
1791646391.204072,25.51, 2184, 61
1791646392.204566,25.52, 2184, 62
1791646393.204923,25.83, 2184, 62
1791646394.205439,25.62, 2184, 62
1791646395.205867,25.73, 2184, 62
1791646396.206119,25.81, 2184, 62
1791646397.206602,25.77, 2184, 62
1791646398.207097,25.60, 2184, 62
1791646399.207320,25.69, 2184, 62
1791646400.207731,26.02, 2177, 62
1791646401.207828,25.74, 2184, 62
1791646402.208575,25.75, 2177, 62
1791646403.209035,25.69, 2184, 62
1791646404.209503,25.65, 2184, 62
1791646405.209966,25.22, 2184, 62
1791646406.210616,25.59, 2184, 62
1791646407.210606,25.78, 2184, 62
1791646408.210893,25.46, 2184, 62
1791646409.211442,25.72, 2184, 62
1791646410.211618,25.81, 2184, 62
1791646411.212071,25.71, 2184, 62
1791646412.212228,25.62, 2184, 62
1791646413.212682,25.66, 2184, 62
1791646414.213174,25.68, 2184, 62
1791646415.213455,25.72, 2184, 62
1791646416.213955,25.67, 2184, 62
1791646417.214431,25.83, 2184, 62
1791646418.214970,25.86, 2184, 62
1791646419.215435,25.67, 2184, 62
1791646420.215922,25.43, 2184, 62
1791646421.216409,25.78, 2184, 62
1791646422.216971,25.83, 2184, 62
1791646423.217448,25.48, 2184, 62
1791646424.217823,25.62, 2184, 62
1791646425.218397,25.88, 2184, 62
1791646426.219258,25.62, 2184, 62
1791646427.219334,25.67, 2184, 62
1791646428.219816,25.55, 2184, 62
1791646429.220345,25.56, 2184, 62
1791646430.220929,25.81, 2184, 62
1791646431.221057,24.81, 2184, 62
1791646432.221606,25.79, 2184, 62
1791646433.222107,26.04, 2184, 62
1791646434.222621,25.62, 2184, 62
1791646435.223082,25.87, 2184, 62
1791646436.223616,25.71, 2184, 62
1791646437.224130,25.93, 2184, 62
1791646438.224621,25.85, 2184, 62
1791646439.224842,26.03, 2184, 62
1791646440.225994,25.95, 2184, 62
1791646441.226041,25.72, 2184, 62
1791646442.226522,25.80, 2184, 62
1791646443.226962,25.61, 2184, 62
1791646444.227105,25.83, 2184, 62
1791646445.227341,25.69, 2184, 62
1791646446.227540,25.67, 2184, 62
1791646447.228027,25.45, 2184, 62
1791646448.228235,25.60, 2184, 62
1791646449.228429,25.52, 2184, 62
1791646450.228549,25.61, 2184, 62
1791646451.228735,25.63, 2184, 62
1791646452.228984,25.46, 2184, 62
1791646453.229233,25.81, 2184, 62
1791646454.229436,25.84, 2184, 62
1791646455.230170,25.71, 2184, 62
1791646456.230328,25.91, 2184, 62
1791646457.230689,25.93, 2184, 62
1791646458.230975,25.64, 2184, 62
1791646459.231468,25.36, 2184, 62
1791646460.232046,25.93, 2184, 62
1791646461.232475,25.62, 2184, 62
1791646462.232539,25.95, 2184, 62
1791646463.232971,25.88, 2184, 62
1791646464.233874,25.70, 2184, 62
1791646465.233994,25.53, 2184, 62
1791646466.234498,25.59, 2184, 62
1791646467.234746,25.37, 2184, 62
1791646468.234880,24.98, 2184, 62
1791646469.235405,24.93, 2184, 62
1791646470.235863,24.94, 2184, 62
1791646471.236023,25.07, 2184, 62
1791646472.236124,24.95, 2184, 62
1791646473.236630,24.95, 2184, 62
1791646474.237150,24.91, 2184, 62
1791646475.237624,24.68, 2184, 62
1791646476.237789,24.56, 2184, 62
1791646477.237935,24.50, 2184, 61
1791646478.238544,23.74, 2184, 61
1791646479.238991,23.72, 2184, 61
1791646480.238955,19.47, 2184, 59
1791646481.239282,11.31, 2184, 59
1791646482.239768,11.45, 2184, 59
1791646483.239879,11.99, 2184, 58
1791646484.240643,11.14, 2184, 58
1791646485.241781,10.02, 1150, 57
1791646486.242012,6.96, 305, 57
1791646487.242274,6.94, 305, 56
1791646488.243183,6.33, 305, 56
1791646489.243987,6.15, 305, 56
1791646490.244572,5.92, 305, 56
1791646491.245362,5.89, 208, 55
1791646492.246123,5.88, 305, 55
1791646493.246919,5.83, 208, 55
1791646494.247044,5.84, 305, 54
1791646495.247915,5.89, 305, 54
1791646496.248724,5.95, 305, 54
1791646497.249328,5.86, 305, 54
1791646498.250085,5.83, 208, 54
1791646499.250907,5.83, 305, 53
1791646500.252247,5.84, 208, 53
1791646501.251699,5.84, 305, 53
1791646502.251990,5.93, 305, 53
1791646503.252916,6.01, 305, 53
1791646504.253718,5.81, 305, 53
1791646505.254566,5.78, 208, 52
1791646506.255343,5.76, 305, 52
1791646507.256064,5.83, 208, 52
1791646508.256046,5.85, 305, 52
1791646509.256253,5.82, 260, 52
1791646510.256830,5.94, 305, 52
1791646511.257660,5.78, 305, 52
1791646512.259144,5.74, 208, 52
1791646513.259924,5.75, 305, 51
1791646514.259660,5.72, 208, 51
1791646515.259982,5.75, 305, 51
1791646516.260785,5.74, 208, 51
1791646517.261607,5.87, 305, 51
1791646518.262233,5.87, 305, 51
1791646519.263150,5.71, 305, 50
1791646520.263937,5.68, 208, 50
1791646521.264289,5.70, 305, 50
1791646522.264894,5.68, 208, 50
1791646523.265629,5.67, 305, 50
1791646524.266163,5.78, 305, 50
1791646525.266963,5.79, 305, 50
1791646526.267773,5.66, 305, 50
1791646527.268541,5.66, 208, 50
1791646528.268882,5.68, 305, 49
1791646529.269635,5.63, 208, 49
1791646530.270426,5.65, 305, 49
1791646531.271222,5.73, 305, 49
1791646532.271732,5.77, 305, 49
1791646533.272314,5.67, 305, 49
1791646534.273099,5.64, 208, 49
1791646535.273884,5.64, 305, 49
1791646536.274292,5.61, 208, 49
1791646537.275103,5.65, 305, 49
1791646538.275875,5.68, 305, 48
1791646539.276740,5.75, 305, 48
1791646540.277554,5.61, 305, 48
1791646541.278352,5.60, 208, 48
1791646542.279165,5.62, 305, 48
1791646543.279999,5.60, 208, 48
1791646544.280768,5.58, 208, 48
1791646545.281580,5.66, 305, 48
1791646546.282413,5.71, 305, 48
1791646547.283215,5.58, 305, 48
1791646548.283718,5.57, 208, 48
1791646549.284512,5.61, 305, 48
1791646550.285306,5.57, 208, 48
1791646551.286037,5.59, 305, 47
1791646552.286872,5.59, 240, 47
1791646553.287440,5.70, 305, 47
1791646554.288197,5.61, 305, 47
1791646555.288419,5.58, 208, 47
1791646556.288885,5.66, 305, 47
1791646557.289296,5.63, 208, 47
1791646558.289922,5.62, 305, 47
1791646559.290434,5.67, 208, 47
1791646560.290560,5.75, 305, 47
1791646561.291034,5.75, 305, 47
1791646562.291470,5.68, 305, 47
1791646563.291923,5.65, 208, 47
1791646564.292365,5.68, 305, 47
1791646565.292469,5.62, 208, 47
1791646566.292912,5.64, 305, 47
1791646567.293353,5.74, 305, 47
1791646568.293801,5.75, 305, 47
1791646569.294181,5.66, 305, 47
1791646570.294797,5.63, 208, 47
1791646571.295078,5.65, 305, 47
1791646572.295548,5.63, 208, 47
1791646573.295930,5.61, 305, 47
1791646574.296110,5.69, 305, 47
1791646575.296609,5.77, 312, 47
1791646576.296927,5.79, 305, 47
1791646577.297326,5.64, 305, 47
1791646578.297793,5.61, 208, 47
1791646579.298243,5.61, 305, 47
1791646580.298693,5.56, 208, 47
1791646581.299411,5.69, 305, 47
1791646582.299353,5.71, 305, 47
1791646583.299842,5.61, 305, 47
1791646584.300302,5.59, 208, 47
1791646585.300971,5.64, 305, 47
1791646586.301620,5.60, 208, 47
1791646587.302269,6.22, 305, 47
1791646588.302343,10.13, 2190, 47
1791646589.302447,10.07, 2190, 47
1791646590.302956,10.04, 2190, 47
1791646591.303165,10.11, 2190, 47
1791646592.303257,10.29, 2190, 47
1791646593.303728,10.63, 2190, 48
1791646594.304187,10.62, 2190, 48
1791646595.304655,10.66, 2190, 48
1791646596.304926,10.61, 2190, 48
1791646597.305413,10.65, 2190, 48
1791646598.305870,10.65, 2190, 48
1791646599.305963,10.64, 2190, 48
1791646600.306408,10.62, 2190, 48
1791646601.306818,10.35, 2190, 47
1791646602.307042,10.10, 2190, 48
1791646603.307429,10.49, 2190, 48
1791646604.308158,10.28, 2190, 48
1791646605.308503,10.32, 2190, 48
1791646606.308597,10.12, 2190, 48
1791646607.309043,10.19, 2190, 48
1791646608.309636,10.18, 2190, 48
1791646609.309615,10.09, 2190, 48
1791646610.310433,10.25, 2190, 48
1791646611.310874,10.11, 2190, 48
1791646612.311549,10.35, 2190, 48
1791646613.312304,10.11, 2190, 48
1791646614.313054,10.14, 2190, 48
1791646615.313687,10.36, 2190, 48
1791646616.314419,10.11, 2190, 48
1791646617.315038,10.13, 2190, 48
1791646618.316093,10.11, 2190, 48
1791646619.316157,10.11, 2190, 48
1791646620.316178,10.13, 2190, 48
1791646621.316440,10.09, 2190, 48
1791646622.316733,10.10, 2190, 48
1791646623.317235,10.17, 2190, 48
1791646624.317427,10.25, 2190, 48
1791646625.317574,10.38, 2190, 48
1791646626.317778,10.12, 2190, 48
1791646627.317975,10.13, 2190, 48
1791646628.318236,10.40, 2190, 48
1791646629.318409,10.17, 2190, 48
1791646630.318631,11.08, 2190, 48
1791646631.318844,11.66, 2190, 48
1791646632.319057,10.50, 2190, 48
1791646633.319252,10.38, 2190, 48
1791646634.319463,10.26, 2190, 48
1791646635.319668,12.97, 2190, 48
1791646636.319876,10.12, 2190, 48
1791646637.320089,10.12, 2190, 48
1791646638.320299,10.14, 2190, 48
1791646639.320530,10.14, 2190, 48
1791646640.320737,10.15, 2190, 48
1791646641.320915,10.12, 2190, 47
1791646642.321091,10.69, 2190, 48
1791646643.321322,10.79, 2190, 47
1791646644.321816,22.45, 2190, 48
1791646645.322268,17.14, 2190, 49
1791646646.322767,19.26, 2190, 49
1791646647.323262,19.48, 2190, 50
1791646648.323546,19.52, 2190, 50
1791646649.323773,19.57, 2190, 50
1791646650.323965,19.80, 2190, 50
1791646651.324422,27.62, 2184, 50
1791646652.324605,15.59, 2190, 50
1791646653.325069,22.88, 2184, 50
1791646654.325532,12.96, 2190, 49
1791646655.326128,10.27, 2190, 49
1791646656.326554,12.15, 2190, 49
1791646657.327117,12.16, 2190, 49
1791646658.327822,12.21, 2190, 49
1791646659.328558,12.16, 2190, 49
1791646660.328738,12.18, 2190, 49
1791646661.329153,12.14, 2190, 49
1791646662.329704,12.18, 2190, 49
1791646663.329811,12.18, 2190, 49
1791646664.330004,12.16, 2190, 49
1791646665.330192,12.19, 2190, 49
1791646666.330403,12.20, 2190, 49
1791646667.330582,12.15, 2190, 49
1791646668.330672,12.13, 2190, 49
1791646669.330819,12.12, 2190, 49
1791646670.331009,12.12, 2190, 49
1791646671.331195,12.13, 2190, 49
1791646672.331387,11.68, 2190, 49
1791646673.331479,10.16, 2190, 49
1791646674.331796,15.80, 2190, 52
1791646675.332045,34.56, 2184, 53
1791646676.332457,19.19, 2190, 50
1791646677.332918,10.25, 2190, 49
1791646678.333434,13.99, 2184, 51
1791646679.333496,23.70, 2190, 53
1791646680.333992,31.50, 2184, 54
1791646681.334559,30.32, 2184, 54
1791646682.334750,29.38, 2184, 54
1791646683.334961,19.67, 2190, 50
1791646684.334968,11.33, 2190, 50
1791646685.335267,13.08, 2190, 50
1791646686.335410,12.11, 2190, 50
1791646687.335471,12.41, 2190, 50
1791646688.335673,12.23, 2190, 50
1791646689.335866,12.11, 2190, 49
1791646690.336065,12.04, 2190, 49
1791646691.336252,11.52, 2190, 50
1791646692.336382,10.90, 2190, 49
1791646693.336786,12.26, 2190, 50
1791646694.337255,12.05, 2190, 49
1791646695.337704,10.26, 2190, 49
1791646696.338183,10.23, 2190, 49
1791646697.338620,11.63, 2190, 49
1791646698.339700,11.64, 2190, 49
1791646699.340346,18.79, 2190, 51
1791646700.340799,23.00, 2190, 53
1791646701.341482,23.39, 2190, 50
1791646702.342221,24.40, 2184, 53
1791646703.342327,23.26, 2190, 52
1791646704.342505,30.44, 2184, 53
1791646705.342613,15.80, 2190, 49
1791646706.343104,10.34, 2190, 49
1791646707.343617,13.33, 2190, 50
1791646708.344119,12.60, 2190, 49
1791646709.344756,12.28, 2190, 49
1791646710.344987,12.10, 2190, 49
1791646711.345600,12.02, 2190, 49
1791646712.345528,12.10, 2190, 49
1791646713.345924,11.78, 2190, 49
1791646714.346390,11.40, 2190, 49
1791646715.346468,10.98, 2190, 49
1791646716.346995,12.45, 2190, 49
1791646717.347378,12.15, 2190, 49
1791646718.347963,11.43, 2190, 49
1791646719.347658,11.75, 2190, 49
1791646720.347847,11.50, 2190, 49
1791646721.348303,15.62, 2190, 50
1791646722.348754,10.19, 2190, 49
1791646723.349145,10.18, 2190, 49
1791646724.349101,10.11, 2190, 48
1791646725.349192,10.15, 2190, 48
1791646726.349278,10.13, 2190, 48
1791646727.349706,10.09, 2190, 48
1791646728.350143,10.13, 2190, 48
1791646729.350577,10.08, 2190, 48
1791646730.351104,10.07, 2190, 48
1791646731.351523,10.04, 2190, 48
1791646732.352024,10.06, 2190, 48
1791646733.352117,10.03, 2190, 48
1791646734.352330,10.04, 2190, 47
1791646735.352512,10.04, 2190, 47
1791646736.352816,10.05, 2190, 47
1791646737.353443,10.02, 2190, 47
1791646738.353894,10.03, 2190, 47
1791646739.353983,10.03, 2190, 47
1791646740.354434,10.00, 2190, 47
1791646741.354657,10.04, 2190, 47
1791646742.355491,10.03, 2190, 47
1791646743.356241,10.00, 2190, 47
1791646744.356739,10.02, 2190, 47
1791646745.356821,10.04, 2190, 47
1791646746.357512,10.03, 2190, 47
1791646747.357575,10.01, 2190, 47
1791646748.357793,9.98, 2190, 47
1791646749.358658,10.01, 2190, 47
1791646750.358654,10.00, 2190, 46
1791646751.359081,9.99, 2190, 46
1791646752.359208,9.98, 2190, 46
1791646753.359839,11.73, 2190, 47
1791646754.360025,9.97, 2190, 46
1791646755.360246,9.95, 2190, 46
1791646756.360600,9.94, 2190, 46
1791646757.361274,9.95, 2190, 46
1791646758.361261,9.98, 2190, 46
1791646759.361947,9.98, 2190, 46
1791646760.362457,9.97, 2190, 46
1791646761.362430,9.97, 2190, 46
1791646762.362569,9.97, 2190, 46
1791646763.363224,9.97, 2190, 46
1791646764.363762,9.94, 2190, 46
1791646765.364236,9.94, 2190, 46
1791646766.364902,9.91, 2190, 46
1791646767.365482,9.89, 2190, 46
1791646768.365798,9.88, 2190, 46
1791646769.366397,9.87, 2190, 46
1791646770.366829,9.87, 2190, 46
1791646771.367336,9.93, 2190, 46
1791646772.367942,9.93, 2190, 46
1791646773.368522,9.94, 2190, 46
1791646774.369087,9.93, 2190, 46
1791646775.369533,9.93, 2190, 46
1791646776.369652,9.89, 2190, 46
1791646777.370242,9.92, 2190, 46
1791646778.370870,9.92, 2190, 46
1791646779.370831,9.93, 2190, 46
1791646780.371502,9.92, 2190, 46
1791646781.372068,9.92, 2190, 46
1791646782.372278,9.92, 2190, 46
1791646783.372754,9.91, 2190, 46
1791646784.372806,9.91, 2190, 46
1791646785.373264,9.94, 2190, 46
1791646786.373738,9.90, 2190, 46
1791646787.374361,9.91, 2190, 46
1791646788.374384,9.96, 2190, 46
1791646789.374993,9.93, 2190, 46
1791646790.375328,9.94, 2190, 46
1791646791.375833,9.93, 2190, 46
1791646792.376455,9.95, 2190, 46
1791646793.376721,9.93, 2190, 46
1791646794.377513,9.92, 2190, 46
1791646795.377596,9.92, 2190, 46
1791646796.378098,9.91, 2190, 46
1791646797.378222,9.92, 2190, 46
1791646798.378739,9.92, 2190, 46
1791646799.379421,9.94, 2190, 46
1791646800.379403,9.94, 2190, 46
1791646801.379963,9.93, 2190, 46
1791646802.380808,9.96, 2190, 46
1791646803.380903,9.93, 2190, 46
1791646804.381082,9.92, 2190, 46
1791646805.381324,9.93, 2190, 46
1791646806.381525,9.92, 2190, 46
1791646807.381702,9.91, 2190, 46
1791646808.381882,9.91, 2190, 46
1791646809.381980,9.90, 2190, 46
1791646810.381991,9.90, 2190, 46
1791646811.382167,9.90, 2190, 46
1791646812.382263,9.88, 2190, 46
1791646813.382445,9.88, 2190, 46
1791646814.382629,9.89, 2190, 46
1791646815.382816,9.89, 2190, 46
1791646816.382913,9.88, 2190, 46
1791646817.383151,9.90, 2190, 46
1791646818.383333,9.89, 2190, 46
1791646819.383424,9.86, 2190, 46
1791646820.383613,9.87, 2190, 46
1791646821.383895,9.91, 2190, 46
1791646822.384135,9.90, 2190, 46
1791646823.384330,9.90, 2190, 46
1791646824.384422,9.89, 2190, 46
1791646825.384598,9.86, 2190, 46
1791646826.384706,9.87, 2190, 46
1791646827.384874,9.85, 2190, 46
1791646828.385068,9.89, 2190, 46
1791646829.385249,9.88, 2190, 46
1791646830.385433,9.86, 2190, 46
1791646831.385522,9.89, 2190, 46
1791646832.385712,9.88, 2190, 46
1791646833.386152,9.90, 2190, 46
1791646834.386588,9.87, 2190, 46
1791646835.386899,9.85, 2190, 46
1791646836.387335,9.85, 2190, 46
1791646837.387770,9.86, 2190, 46
1791646838.388212,9.87, 2190, 46
1791646839.388985,9.85, 2190, 46
1791646840.389086,9.86, 2190, 46
1791646841.389514,9.87, 2190, 46
1791646842.389600,9.88, 2190, 46
1791646843.390034,9.90, 2190, 46
1791646844.390475,9.89, 2190, 46
1791646845.390561,9.88, 2190, 46
1791646846.390990,9.87, 2190, 46
1791646847.391454,9.85, 2190, 46
1791646848.391727,9.84, 2190, 46
1791646849.392160,9.85, 2190, 46
1791646850.392594,9.85, 2190, 46
1791646851.393025,9.85, 2190, 46
1791646852.393207,9.86, 2190, 46
1791646853.393532,9.86, 2190, 46
1791646854.393974,9.86, 2190, 46
1791646855.394409,9.85, 2190, 46
1791646856.394827,9.83, 2190, 46
1791646857.395269,9.82, 2190, 46
1791646858.395699,9.81, 2190, 46
1791646859.395787,9.84, 2190, 46
1791646860.396168,9.83, 2190, 46
1791646861.396915,9.85, 2190, 46
1791646862.397265,9.86, 2190, 46
1791646863.397389,9.87, 2190, 46
1791646864.397580,9.85, 2190, 46
1791646865.397700,9.87, 2190, 46
1791646866.398147,9.87, 2190, 46
1791646867.398154,9.88, 2190, 46
1791646868.398279,9.85, 2190, 46
1791646869.398723,9.87, 2190, 46
1791646870.399118,9.88, 2190, 46
1791646871.399528,9.86, 2190, 46
1791646872.399834,9.87, 2190, 46
1791646873.400338,9.86, 2190, 46
1791646874.401082,9.88, 2190, 46
1791646875.401628,16.43, 2184, 48
1791646876.401818,30.22, 2184, 49
1791646877.401907,22.50, 2184, 49
1791646878.402506,22.58, 2190, 49
1791646879.403143,30.87, 2184, 50
1791646880.403742,22.62, 2190, 50
1791646881.404071,22.61, 2184, 50
1791646882.404475,22.71, 2190, 50
1791646883.405427,24.41, 2190, 52
1791646884.405442,29.43, 2184, 51
1791646885.405865,22.69, 2184, 51
1791646886.406425,22.71, 2190, 51
1791646887.406716,30.72, 2177, 52
1791646888.407268,22.77, 2190, 51
1791646889.407700,22.87, 2184, 52
1791646890.408189,23.08, 2190, 52
1791646891.408660,23.13, 2190, 52
1791646892.409128,23.18, 2190, 52
1791646893.409983,21.18, 2190, 51
1791646894.410434,12.84, 2190, 52
1791646895.411071,27.73, 2177, 54
1791646896.411616,34.28, 2177, 55
1791646897.412194,36.42, 2177, 56
1791646898.412636,33.81, 2177, 56
1791646899.412961,36.89, 2177, 56
1791646900.413133,33.37, 2177, 57
1791646901.413943,28.25, 2177, 55
1791646902.414438,27.73, 2177, 55
1791646903.415177,27.79, 2177, 55
1791646904.415231,27.75, 2177, 55
1791646905.415787,27.68, 2177, 55
1791646906.416071,27.69, 2177, 55
1791646907.416562,27.93, 2184, 56
1791646908.416875,27.31, 2184, 55
1791646909.417509,26.17, 2184, 56
1791646910.417877,26.19, 2184, 56
1791646911.418128,26.05, 2184, 56
1791646912.418349,25.49, 2184, 56
1791646913.418847,24.31, 2184, 56
1791646914.419446,34.80, 2177, 58
1791646915.420162,34.64, 2177, 58
1791646916.420654,37.07, 2177, 59
1791646917.420942,34.34, 2177, 59
1791646918.421213,37.23, 2177, 59
1791646919.421669,30.74, 2177, 58
1791646920.421921,28.11, 2177, 58
1791646921.422436,28.21, 2177, 58
1791646922.422901,28.04, 2177, 58
1791646923.423394,27.99, 2177, 58
1791646924.423628,27.85, 2177, 58
1791646925.424061,27.95, 2177, 58
1791646926.424847,27.96, 2184, 58
1791646927.424672,27.65, 2184, 58
1791646928.424850,27.76, 2184, 58
1791646929.425394,27.74, 2184, 58
1791646930.425874,27.68, 2184, 59
1791646931.426419,27.01, 2184, 58
1791646932.426888,26.82, 2184, 58
1791646933.427069,30.60, 2177, 61
1791646934.427265,37.38, 2177, 61
1791646935.427690,34.61, 2177, 61
1791646936.427819,35.65, 2177, 60
1791646937.428026,37.35, 2177, 60
1791646938.428327,34.42, 2177, 60
1791646939.428533,28.55, 2177, 60
1791646940.428739,28.59, 2177, 60
1791646941.428948,28.55, 2177, 60
1791646942.429109,28.33, 2177, 60
1791646943.429382,28.33, 2177, 60
1791646944.429852,28.36, 2177, 60
1791646945.429980,28.45, 2184, 60
1791646946.430474,27.24, 2184, 60
1791646947.430924,26.76, 2184, 60
1791646948.431188,25.77, 2184, 60
1791646949.431969,24.80, 2184, 60
1791646950.432240,27.44, 2184, 63
1791646951.432822,37.02, 2177, 62
1791646952.433334,35.48, 2177, 62
1791646953.433946,36.92, 2177, 61
1791646954.434590,35.28, 2177, 62
1791646955.435098,37.27, 2177, 62
1791646956.435573,27.96, 2177, 61
1791646957.436049,28.54, 2177, 61
1791646958.436363,28.62, 2177, 61
1791646959.436861,28.60, 2177, 61
1791646960.437330,28.37, 2177, 61
1791646961.437529,28.45, 2177, 61
1791646962.437779,28.48, 2177, 61
1791646963.437986,28.30, 2177, 61
1791646964.438499,28.28, 2177, 62
1791646965.438926,28.54, 2184, 61
1791646966.439575,28.81, 2184, 61
1791646967.440071,28.36, 2184, 61
1791646968.440969,28.36, 2184, 62
1791646969.441257,26.07, 2184, 61
1791646970.441524,14.87, 2184, 59
1791646971.441975,22.20, 2184, 62
1791646972.442200,30.83, 2177, 61
1791646973.442403,32.40, 2177, 61
1791646974.442467,23.98, 2184, 61
1791646975.442599,24.08, 2184, 61
1791646976.442803,24.23, 2184, 61
1791646977.442840,24.32, 2184, 61
1791646978.442991,28.65, 2177, 63
1791646979.443058,27.82, 2184, 61
1791646980.443174,23.98, 2184, 61
1791646981.443688,23.98, 2184, 61
1791646982.443772,23.91, 2184, 61
1791646983.444020,24.25, 2184, 61
1791646984.444811,32.47, 2171, 61
1791646985.445390,23.95, 2184, 61
1791646986.445451,24.02, 2184, 61
1791646987.445961,24.05, 2184, 61
1791646988.446061,24.05, 2184, 61
1791646989.446150,19.18, 2184, 59
1791646990.446484,17.66, 2184, 61
1791646991.447090,34.16, 2177, 63
1791646992.447964,37.56, 2177, 65
1791646993.448681,35.30, 2177, 65
1791646994.449067,37.68, 2171, 64
1791646995.449843,35.19, 2177, 63
1791646996.450199,33.05, 2177, 63
1791646997.450658,28.57, 2177, 63
1791646998.450868,28.71, 2184, 63
1791646999.450994,28.43, 2184, 63
1791647000.451412,28.38, 2184, 63
1791647001.452002,28.59, 2184, 63
1791647002.452168,28.65, 2184, 63
1791647003.452914,28.62, 2184, 63
1791647004.453208,28.12, 2184, 63
1791647005.453996,27.78, 2184, 63
1791647006.454604,26.61, 2184, 62
1791647007.455202,23.07, 2184, 62
1791647008.455975,28.44, 2177, 64
1791647009.456149,38.12, 2171, 65
1791647010.456280,35.30, 2177, 65
1791647011.456480,36.32, 2171, 64
1791647012.456721,37.92, 2177, 65
1791647013.456972,35.42, 2171, 65
1791647014.457551,28.72, 2177, 64
1791647015.457694,28.55, 2177, 64
1791647016.457896,28.50, 2177, 64
1791647017.458404,28.44, 2177, 64
1791647018.458824,28.27, 2177, 64
1791647019.459153,28.40, 2177, 64
1791647020.459604,28.54, 2177, 64
1791647021.459959,28.57, 2177, 64
1791647022.460424,28.49, 2177, 64
1791647023.460944,28.48, 2177, 64
1791647024.461391,28.44, 2177, 64
1791647025.461654,28.40, 2177, 64
1791647026.462002,26.09, 2177, 63
1791647027.462496,34.24, 2171, 66
1791647028.462789,38.09, 2171, 65
1791647029.463152,35.40, 2177, 65
1791647030.463450,38.03, 2171, 65
1791647031.463945,35.58, 2177, 65
1791647032.464398,33.41, 2177, 64
1791647033.464554,28.80, 2177, 64
1791647034.465008,28.79, 2177, 64
1791647035.465206,28.56, 2177, 64
1791647036.465300,28.74, 2177, 64
1791647037.465542,28.68, 2177, 64
1791647038.465740,28.67, 2177, 64
1791647039.466199,28.65, 2177, 64
1791647040.466635,28.59, 2177, 64
1791647041.466883,28.62, 2177, 64
1791647042.467407,27.63, 2177, 63
1791647043.467913,27.74, 2177, 65
1791647044.468405,38.10, 2171, 65
1791647045.468916,34.99, 2177, 64
1791647046.469415,37.92, 2177, 65
1791647047.469950,35.72, 2171, 64
1791647048.470801,37.86, 2171, 65
1791647049.470881,30.59, 2177, 64
1791647050.471530,28.75, 2177, 64
1791647051.471782,28.62, 2177, 64
1791647052.471973,28.43, 2177, 64
1791647053.472469,28.53, 2177, 63
1791647054.472930,28.20, 2177, 63
1791647055.473395,28.48, 2177, 63
1791647056.473762,28.40, 2177, 63
1791647057.473984,28.51, 2177, 63
1791647058.474460,28.44, 2177, 63
1791647059.474911,28.46, 2177, 63
1791647060.475124,28.64, 2177, 63
1791647061.475454,27.27, 2177, 63
1791647062.475809,24.84, 2184, 63
1791647063.476064,21.16, 2184, 62
1791647064.476471,24.10, 2184, 62
1791647065.477163,24.08, 2184, 62
1791647066.477645,24.07, 2184, 62
1791647067.478135,24.11, 2184, 62
1791647068.478353,24.24, 2184, 62
1791647069.478489,24.23, 2184, 62
1791647070.478925,24.38, 2184, 62
1791647071.479456,24.40, 2184, 62
1791647072.479837,24.39, 2184, 62
1791647073.480002,24.38, 2184, 62
1791647074.480100,24.45, 2184, 62
1791647075.480552,24.00, 2184, 62
1791647076.480758,24.27, 2184, 62
1791647077.481217,24.38, 2184, 61
1791647078.481409,24.39, 2184, 61
1791647079.481632,24.38, 2184, 62
1791647080.481846,24.28, 2184, 61
1791647081.482298,24.04, 2184, 61
1791647082.482527,24.03, 2184, 61
1791647083.482906,24.16, 2184, 61
1791647084.483143,24.36, 2184, 61
1791647085.483634,24.32, 2184, 61
1791647086.484338,24.32, 2184, 61
1791647087.484822,24.45, 2184, 61
1791647088.484993,23.98, 2184, 61
1791647089.485183,24.01, 2184, 61
1791647090.485423,24.15, 2184, 61
1791647091.485601,24.19, 2184, 61
1791647092.485842,24.01, 2184, 61
1791647093.486303,23.92, 2184, 61
1791647094.486741,23.91, 2184, 61
1791647095.486957,24.11, 2184, 61
1791647096.487080,23.97, 2184, 61
1791647097.487240,24.04, 2184, 61
1791647098.487425,24.27, 2184, 61
1791647099.487636,24.35, 2184, 61
1791647100.487912,24.31, 2184, 61
1791647101.487962,24.27, 2184, 61
1791647102.488340,24.23, 2184, 61
1791647103.488532,23.98, 2184, 61
1791647104.488941,24.04, 2184, 61
1791647105.489601,24.23, 2184, 61
1791647106.489851,24.31, 2184, 61
1791647107.490040,24.22, 2184, 61
1791647108.490498,23.96, 2184, 61
1791647109.490918,23.91, 2184, 61
1791647110.491425,23.97, 2184, 60
1791647111.492012,24.03, 2184, 61
1791647112.492343,23.96, 2184, 60
1791647113.492553,24.05, 2184, 60
1791647114.493014,24.03, 2184, 61
1791647115.493205,24.20, 2184, 60
1791647116.493400,23.88, 2184, 61
1791647117.493559,23.86, 2184, 60
1791647118.494071,23.91, 2184, 60
1791647119.494189,24.10, 2184, 60
1791647120.494753,24.03, 2184, 60
1791647121.495142,24.04, 2184, 60
1791647122.495622,24.05, 2184, 60
1791647123.495723,24.18, 2184, 60
1791647124.496181,23.92, 2184, 60
1791647125.496646,23.94, 2184, 60
1791647126.496837,24.13, 2184, 60
1791647127.497064,24.11, 2184, 60
1791647128.497467,23.88, 2184, 60
1791647129.497874,23.91, 2184, 60
1791647130.498083,23.90, 2184, 60
1791647131.498766,23.84, 2184, 60
1791647132.498779,24.19, 2184, 60
1791647133.498989,24.19, 2184, 60
1791647134.499182,24.22, 2184, 60
1791647135.499413,24.25, 2184, 60
1791647136.499632,24.27, 2184, 60
1791647137.499895,24.28, 2184, 60
1791647138.499922,24.23, 2184, 60
1791647139.500135,24.57, 2184, 60
1791647140.500294,23.94, 2184, 60
1791647141.500396,24.09, 2184, 60
1791647142.500624,23.87, 2184, 60
1791647143.500832,23.84, 2184, 60
1791647144.500981,23.85, 2184, 60
1791647145.501441,23.89, 2184, 60
1791647146.501901,23.90, 2184, 60
1791647147.502353,24.18, 2184, 60
1791647148.503062,23.93, 2184, 60
1791647149.502908,24.03, 2184, 60
1791647150.503333,24.02, 2184, 60
1791647151.503512,24.02, 2184, 60
1791647152.504017,24.00, 2184, 60
1791647153.504472,24.00, 2184, 60
1791647154.504890,23.99, 2184, 60
1791647155.505325,24.08, 2184, 60
1791647156.505608,24.19, 2184, 60
1791647157.506313,24.27, 2184, 60
1791647158.506504,24.37, 2184, 60
1791647159.506961,23.88, 2184, 60
1791647160.507355,23.91, 2184, 60
1791647161.507780,24.16, 2184, 60
1791647162.508003,24.03, 2184, 60
1791647163.508454,24.26, 2184, 60
1791647164.509096,24.25, 2184, 60
1791647165.509258,23.60, 2184, 60
1791647166.509982,23.90, 2184, 60
1791647167.510115,23.89, 2184, 60
1791647168.510251,24.20, 2184, 60
1791647169.510749,24.05, 2184, 60
1791647170.511220,24.19, 2184, 60
1791647171.511684,24.24, 2184, 60
1791647172.511806,24.24, 2184, 60
1791647173.512285,24.25, 2184, 60
1791647174.512786,24.23, 2184, 60
1791647175.513231,24.70, 2184, 60
1791647176.513763,24.17, 2184, 60
1791647177.514301,23.97, 2184, 60
1791647178.515050,23.99, 2184, 60
1791647179.515503,24.00, 2184, 60
1791647180.515964,23.99, 2184, 60
1791647181.516566,24.00, 2184, 60
1791647182.516958,24.24, 2184, 60
1791647183.517256,23.92, 2184, 60
1791647184.517429,24.17, 2184, 60
1791647185.517638,24.26, 2184, 60
1791647186.518109,23.81, 2184, 60
1791647187.518748,23.86, 2184, 60
1791647188.519483,23.84, 2184, 60
1791647189.520026,24.04, 2184, 60
1791647190.519792,23.91, 2184, 60
1791647191.520211,24.08, 2184, 60
1791647192.520391,24.17, 2184, 60
1791647193.520848,24.19, 2184, 60
1791647194.521056,24.20, 2184, 60
1791647195.521228,24.27, 2184, 60
1791647196.521333,23.83, 2184, 60
1791647197.521829,24.11, 2184, 60
1791647198.521943,23.89, 2184, 60
1791647199.522469,23.95, 2184, 60
1791647200.522963,23.98, 2184, 60
1791647201.523318,23.98, 2184, 60
1791647202.523787,23.96, 2184, 60
1791647203.524262,23.97, 2184, 60
1791647204.524498,24.24, 2184, 60
1791647205.524964,24.03, 2184, 60
1791647206.525073,24.14, 2184, 60
1791647207.525277,24.22, 2184, 60
1791647208.525415,24.20, 2184, 60
1791647209.525656,24.26, 2184, 60
1791647210.525906,24.24, 2184, 60
1791647211.526121,24.59, 2184, 60
1791647212.526382,24.06, 2184, 60
1791647213.526594,24.19, 2184, 60
1791647214.526841,24.23, 2184, 60
1791647215.527081,24.18, 2184, 60
1791647216.527632,24.19, 2184, 60
1791647217.527892,23.85, 2184, 60
1791647218.528129,23.81, 2184, 60
1791647219.528657,23.94, 2184, 60
1791647220.529188,24.25, 2184, 60
1791647221.529787,24.24, 2184, 60
1791647222.529905,24.14, 2184, 60
1791647223.530031,24.27, 2184, 60
1791647224.530529,23.79, 2184, 60
1791647225.530772,23.85, 2184, 60
1791647226.530937,23.97, 2184, 60
1791647227.531415,24.15, 2184, 60
1791647228.531865,24.20, 2184, 60
1791647229.532341,24.23, 2184, 60
1791647230.532532,24.07, 2184, 60
1791647231.532748,23.77, 2184, 60
1791647232.533195,23.73, 2184, 60
1791647233.533417,23.81, 2184, 60
1791647234.533668,24.05, 2184, 60
1791647235.533933,24.16, 2184, 60
1791647236.534084,24.29, 2184, 60
1791647237.534414,23.80, 2184, 60
1791647238.534580,23.81, 2184, 60
1791647239.535022,23.80, 2184, 60
1791647240.535482,23.84, 2184, 60
1791647241.535978,24.11, 2184, 60
1791647242.536099,24.20, 2184, 60
1791647243.536272,24.12, 2184, 60
1791647244.536496,23.83, 2184, 60
1791647245.536916,23.89, 2184, 60
1791647246.537114,23.82, 2184, 60
1791647247.537329,24.06, 2184, 60
1791647248.537547,24.01, 2184, 60
1791647249.537994,24.17, 2184, 60
1791647250.538264,24.19, 2184, 60
1791647251.538793,24.13, 2184, 60
1791647252.539043,24.23, 2184, 60
1791647253.539219,24.24, 2184, 60
1791647254.539675,24.06, 2184, 60
1791647255.539889,24.02, 2184, 60
1791647256.540356,24.22, 2184, 60
1791647257.540547,24.28, 2184, 60
1791647258.540636,23.94, 2184, 60
1791647259.540941,23.80, 2184, 60
1791647260.541387,23.79, 2184, 60
1791647261.541825,23.82, 2184, 60
1791647262.542317,23.89, 2184, 60
1791647263.542884,24.14, 2184, 60
1791647264.542907,24.12, 2184, 60
1791647265.543386,23.81, 2184, 60
1791647266.543824,23.78, 2184, 60
1791647267.544384,23.86, 2184, 60
1791647268.544523,24.02, 2184, 60
1791647269.544912,23.91, 2184, 60
1791647270.545015,24.08, 2184, 60
1791647271.545130,24.18, 2184, 60
1791647272.545637,24.19, 2184, 60
1791647273.545930,23.78, 2184, 60
1791647274.546425,23.86, 2184, 60
1791647275.546889,23.86, 2184, 60
1791647276.547117,23.92, 2184, 60
1791647277.547574,24.13, 2184, 60
1791647278.547944,24.21, 2184, 60
1791647279.548437,24.11, 2184, 60
1791647280.549040,23.83, 2184, 60
1791647281.549150,23.86, 2184, 60
1791647282.549692,23.73, 2184, 60
1791647283.550189,23.87, 2184, 60
1791647284.550641,24.18, 2184, 60
1791647285.551142,23.98, 2184, 60
1791647286.551555,23.94, 2184, 60
1791647287.552032,24.00, 2184, 60
1791647288.552515,24.12, 2184, 60
1791647289.552931,23.86, 2184, 60
1791647290.553392,23.92, 2184, 60
1791647291.553852,24.04, 2184, 60
1791647292.554048,24.10, 2184, 60
1791647293.554096,23.83, 2184, 60
1791647294.554202,23.89, 2184, 60
1791647295.554335,23.96, 2184, 60
1791647296.554768,23.81, 2184, 60
1791647297.554895,23.82, 2184, 60
1791647298.554993,24.02, 2184, 60
1791647299.555452,24.20, 2184, 60
1791647300.556009,24.06, 2184, 60
1791647301.556118,23.79, 2184, 60
1791647302.556221,23.82, 2184, 60
1791647303.556671,23.77, 2184, 59
1791647304.556694,23.96, 2184, 60
1791647305.556994,23.92, 2184, 60
1791647306.557042,24.15, 2184, 60
1791647307.557231,24.19, 2184, 60
1791647308.557532,24.23, 2184, 60
1791647309.557649,24.19, 2184, 60
1791647310.557862,24.34, 2184, 60
1791647311.557995,21.90, 2184, 59
1791647312.558717,20.65, 2184, 59
1791647313.558979,20.35, 2184, 59
1791647314.559520,22.31, 2184, 59
1791647315.559399,21.57, 2184, 59
1791647316.559684,22.05, 2184, 59
1791647317.559769,22.30, 2184, 59
1791647318.560457,21.72, 2184, 59
1791647319.560330,23.78, 2184, 59
1791647320.560729,24.03, 2184, 59
1791647321.560789,24.12, 2184, 59
1791647322.560997,24.13, 2184, 59
1791647323.561202,24.13, 2184, 59
1791647324.561423,24.08, 2184, 60
1791647325.561644,24.17, 2184, 60
1791647326.561839,23.81, 2184, 59
1791647327.562039,23.99, 2184, 60
1791647328.562244,24.12, 2184, 60
1791647329.562441,24.08, 2184, 60
1791647330.562745,24.06, 2184, 60
1791647331.562930,24.28, 2184, 60
1791647332.563124,23.66, 2184, 60
1791647333.563387,23.73, 2184, 60
1791647334.563582,23.97, 2184, 60
1791647335.563797,24.12, 2184, 60
1791647336.563979,24.12, 2184, 60
1791647337.564195,24.08, 2184, 60
1791647338.564360,23.87, 2184, 60
1791647339.564569,23.75, 2184, 60
1791647340.564774,23.81, 2184, 60
1791647341.565066,23.95, 2184, 60
1791647342.565528,24.08, 2184, 60
1791647343.566036,23.81, 2184, 60
1791647344.566259,23.81, 2184, 60
1791647345.566714,24.04, 2184, 60
1791647346.567186,23.80, 2184, 60
1791647347.567642,23.76, 2184, 60
1791647348.568106,24.19, 2184, 60
1791647349.568554,23.97, 2184, 60
1791647350.568941,23.97, 2184, 60
1791647351.569415,23.99, 2184, 60
1791647352.569990,23.95, 2184, 60
1791647353.570136,24.22, 2184, 60
1791647354.570339,23.70, 2184, 60
1791647355.570846,23.87, 2184, 60
1791647356.571028,24.06, 2184, 60
1791647357.571253,24.09, 2184, 60
1791647358.571706,24.17, 2184, 60
1791647359.571909,24.09, 2184, 60
1791647360.571995,24.70, 2177, 60
1791647361.572454,24.04, 2184, 60
1791647362.572936,23.79, 2184, 60
1791647363.573160,23.98, 2184, 60
1791647364.573356,24.11, 2184, 60
1791647365.573452,24.14, 2184, 60
1791647366.573928,24.14, 2184, 60
1791647367.574379,24.32, 2184, 60
1791647368.574496,23.66, 2184, 60
1791647369.574945,23.80, 2184, 60
1791647370.575213,24.03, 2184, 60
1791647371.575658,24.06, 2184, 60
1791647372.575937,23.75, 2184, 60
1791647373.576539,23.81, 2184, 60
1791647374.576955,23.82, 2184, 60
1791647375.577758,24.01, 2184, 60
1791647376.578170,23.85, 2184, 60
1791647377.578924,24.06, 2184, 60
1791647378.579462,24.24, 2184, 60
1791647379.580001,24.26, 2184, 60
1791647380.580475,24.19, 2184, 60
1791647381.580950,24.16, 2184, 60
1791647382.581418,23.85, 2184, 60
1791647383.581839,23.86, 2184, 60
1791647384.582047,24.08, 2184, 60
1791647385.582506,23.97, 2184, 60
1791647386.582721,23.98, 2184, 60
1791647387.583164,23.95, 2184, 60
1791647388.583309,23.97, 2184, 60
1791647389.583835,23.96, 2184, 60
1791647390.584003,24.37, 2184, 60
1791647391.584212,23.92, 2184, 60
1791647392.584344,24.12, 2184, 60
1791647393.584845,24.21, 2184, 60
1791647394.584918,24.59, 2184, 60
1791647395.585384,23.77, 2184, 60
1791647396.585857,23.81, 2184, 60
1791647397.586351,23.86, 2184, 60
1791647398.586919,23.93, 2184, 60
1791647399.586885,24.11, 2184, 60
1791647400.587033,24.26, 2184, 60
1791647401.587146,23.82, 2184, 60
1791647402.587419,23.72, 2184, 60
1791647403.587634,23.87, 2184, 60
1791647404.587945,23.84, 2184, 60
1791647405.588348,23.97, 2184, 60
1791647406.588920,24.26, 2184, 60
1791647407.589253,23.83, 2184, 60
1791647408.589683,23.80, 2184, 60
1791647409.589824,23.84, 2184, 60
1791647410.589944,23.86, 2184, 60
1791647411.590420,23.87, 2184, 60
1791647412.590854,23.92, 2184, 60
1791647413.591468,24.09, 2184, 60
1791647414.591842,24.10, 2184, 60
1791647415.592033,23.85, 2184, 60
1791647416.592179,23.87, 2184, 60
1791647417.592289,23.87, 2184, 60
1791647418.592871,23.84, 2184, 60
1791647419.592804,23.90, 2184, 60
1791647420.593013,24.04, 2184, 60
1791647421.593476,23.76, 2184, 60
1791647422.593953,23.83, 2184, 60
1791647423.594150,23.82, 2184, 60
1791647424.594638,23.82, 2184, 60
1791647425.594832,23.84, 2184, 60
1791647426.595123,24.08, 2184, 60
1791647427.595304,23.98, 2184, 60
1791647428.595872,24.16, 2184, 60
1791647429.595969,24.15, 2184, 60
1791647430.596450,24.14, 2184, 60
1791647431.596931,24.02, 2184, 60
1791647432.597144,23.77, 2184, 60
1791647433.597338,23.82, 2184, 60
1791647434.597459,23.92, 2184, 60
1791647435.597658,24.18, 2184, 60
1791647436.598070,24.21, 2184, 60
1791647437.598203,24.13, 2184, 60
1791647438.598839,23.86, 2184, 60
1791647439.599106,23.87, 2184, 60
1791647440.599207,23.82, 2184, 60
1791647441.599467,23.98, 2184, 60
1791647442.599640,23.92, 2184, 60
1791647443.600326,23.94, 2184, 60
1791647444.600534,23.92, 2184, 60
1791647445.600736,23.91, 2184, 60
1791647446.600891,23.97, 2184, 60
1791647447.600995,24.27, 2184, 60
1791647448.601128,23.86, 2184, 60
1791647449.601309,24.10, 2184, 60
1791647450.601494,24.12, 2184, 60
1791647451.601707,24.14, 2184, 60
1791647452.601906,23.81, 2184, 60
1791647453.601943,23.80, 2184, 60
1791647454.602750,23.82, 2184, 60
1791647455.602771,23.99, 2184, 60
1791647456.603039,23.89, 2184, 60
1791647457.603524,23.96, 2184, 60
1791647458.603991,23.96, 2184, 60
1791647459.604428,23.95, 2184, 60
1791647460.604693,23.95, 2184, 60
1791647461.605417,23.95, 2184, 60
1791647462.605611,24.03, 2184, 60
1791647463.606082,24.05, 2184, 60
1791647464.606565,24.16, 2184, 60
1791647465.607043,24.20, 2184, 60
1791647466.607766,24.20, 2184, 60
1791647467.607949,23.76, 2184, 60
1791647468.608360,23.81, 2184, 60
1791647469.608628,23.84, 2184, 60
1791647470.608911,24.04, 2184, 60
1791647471.609149,24.03, 2184, 60
1791647472.609338,23.84, 2184, 60
1791647473.609934,23.85, 2184, 60
1791647474.610012,24.12, 2184, 60
1791647475.610457,23.88, 2184, 60
1791647476.610734,23.81, 2184, 60
1791647477.611194,24.01, 2184, 60
1791647478.611649,24.13, 2184, 60
1791647479.611766,23.89, 2184, 60
1791647480.611868,23.91, 2184, 60
1791647481.612310,23.92, 2184, 60
1791647482.612774,23.94, 2184, 60
1791647483.612934,24.10, 2184, 60
1791647484.613171,23.97, 2184, 60
1791647485.613259,24.25, 2184, 60
1791647486.613972,24.36, 2184, 60
1791647487.614134,23.84, 2184, 60
1791647488.614591,23.91, 2184, 60
1791647489.615205,23.86, 2184, 60
1791647490.615510,23.91, 2184, 60
1791647491.615722,24.01, 2184, 60
1791647492.615917,24.20, 2184, 60
1791647493.616408,24.52, 2184, 60
1791647494.616886,23.89, 2184, 60
1791647495.617113,23.89, 2184, 60
1791647496.617344,23.88, 2184, 60
1791647497.617816,23.87, 2184, 60
1791647498.618302,23.90, 2184, 60
1791647499.618621,24.61, 2184, 60
1791647500.618854,23.88, 2184, 60
1791647501.619322,23.88, 2184, 60
1791647502.619469,23.88, 2184, 60
1791647503.620121,23.89, 2184, 60
1791647504.620316,23.86, 2184, 60
1791647505.620393,23.87, 2184, 60
1791647506.620610,24.15, 2184, 60
1791647507.621124,24.24, 2184, 60
1791647508.621327,24.17, 2184, 60
1791647509.621782,23.81, 2184, 60
1791647510.622250,23.84, 2184, 60
1791647511.622733,23.82, 2184, 60
1791647512.623180,23.85, 2184, 60
1791647513.623664,24.06, 2184, 60
1791647514.623827,24.23, 2184, 60
1791647515.624293,23.80, 2184, 60
1791647516.624780,23.81, 2184, 60
1791647517.625222,23.86, 2184, 60
1791647518.625712,23.84, 2184, 60
1791647519.625845,23.92, 2184, 60
1791647520.626321,24.08, 2184, 60
1791647521.626773,23.91, 2184, 60
1791647522.627348,23.90, 2184, 60
1791647523.627901,24.00, 2184, 60
1791647524.627867,24.02, 2184, 60
1791647525.628330,23.99, 2184, 60
1791647526.628964,24.06, 2184, 60
1791647527.628971,24.02, 2184, 60
1791647528.629166,24.23, 2184, 60
1791647529.629385,24.36, 2184, 60
1791647530.629627,23.94, 2184, 60
1791647531.629807,23.95, 2184, 60
1791647532.629985,23.90, 2184, 60
1791647533.630206,24.24, 2184, 60
1791647534.630417,23.92, 2184, 60
1791647535.630631,24.15, 2184, 60
1791647536.630911,24.20, 2184, 60
1791647537.631073,24.20, 2184, 60
1791647538.631281,24.35, 2184, 60
1791647539.631734,23.87, 2184, 60
1791647540.631888,23.90, 2184, 60
1791647541.632108,23.92, 2184, 60
1791647542.632613,24.09, 2184, 60
1791647543.632834,24.17, 2184, 60
1791647544.633586,24.22, 2184, 60
1791647545.634052,24.60, 2184, 60
1791647546.634525,24.13, 2184, 60
1791647547.634695,23.92, 2184, 60
1791647548.635385,23.90, 2184, 60
1791647549.635502,24.08, 2184, 60
1791647550.635985,24.27, 2184, 60
1791647551.636474,24.32, 2184, 60
1791647552.636930,24.18, 2184, 60
1791647553.637410,23.84, 2184, 60
1791647554.637997,23.82, 2184, 60
1791647555.638350,23.85, 2184, 60
1791647556.638945,23.94, 2184, 60
1791647557.638912,23.96, 2184, 60
1791647558.639382,23.98, 2184, 60
1791647559.639857,24.02, 2184, 60
1791647560.640133,23.98, 2184, 60
1791647561.640237,23.96, 2184, 60
1791647562.640510,24.08, 2184, 60
1791647563.640686,24.18, 2184, 60
1791647564.641008,24.19, 2184, 60
1791647565.641277,24.21, 2184, 60
1791647566.641494,24.21, 2184, 60
1791647567.641942,24.19, 2184, 60
1791647568.642425,24.24, 2184, 60
1791647569.642740,24.19, 2184, 60
1791647570.642930,23.97, 2184, 60
1791647571.643231,24.32, 2184, 60
1791647572.643341,23.85, 2184, 60
1791647573.643844,23.92, 2184, 60
1791647574.643958,23.90, 2184, 60
1791647575.644499,23.90, 2184, 60
1791647576.644922,23.90, 2184, 60
1791647577.645413,24.31, 2184, 60
1791647578.645482,23.98, 2184, 60
1791647579.645585,24.02, 2184, 60
1791647580.645961,24.03, 2184, 60
1791647581.646650,23.97, 2184, 60
1791647582.646632,24.09, 2184, 60
1791647583.647093,24.40, 2184, 60
1791647584.647943,23.88, 2184, 60
1791647585.647893,24.12, 2184, 60
1791647586.648342,24.27, 2184, 60
1791647587.648797,24.20, 2184, 60
1791647588.649012,24.36, 2184, 60
1791647589.649123,23.76, 2184, 60
1791647590.649202,23.86, 2184, 60
1791647591.649420,23.98, 2184, 60
1791647592.649622,24.23, 2184, 60
1791647593.649701,24.23, 2184, 60
1791647594.649851,24.36, 2184, 60
1791647595.650265,23.84, 2184, 60
1791647596.650720,23.92, 2184, 60
1791647597.651188,23.91, 2184, 60
1791647598.651242,23.96, 2184, 60
1791647599.651449,24.15, 2184, 60
1791647600.651695,24.22, 2184, 60
1791647601.651959,24.17, 2184, 60
1791647602.652365,24.14, 2184, 60
1791647603.652625,23.78, 2184, 60
1791647604.652743,23.83, 2184, 60
1791647605.653263,23.84, 2184, 60
1791647606.653448,24.09, 2184, 60
1791647607.653679,24.17, 2184, 60
1791647608.654100,24.21, 2184, 60
1791647609.654534,23.97, 2184, 60
1791647610.655010,23.86, 2184, 60
1791647611.655456,23.95, 2184, 60
1791647612.655990,23.92, 2184, 60
1791647613.656119,24.12, 2184, 60
1791647614.656279,24.29, 2184, 60
1791647615.656413,23.25, 2184, 60
1791647616.656911,28.20, 2177, 61
1791647617.657357,28.06, 2177, 61
1791647618.657988,28.03, 2177, 60
1791647619.658057,27.80, 2177, 60
1791647620.658271,27.88, 2177, 61
1791647621.658489,28.26, 2177, 61
1791647622.658896,28.11, 2177, 61
1791647623.659364,28.17, 2184, 61
1791647624.659887,28.22, 2177, 61
1791647625.659856,28.03, 2184, 61
1791647626.660371,27.88, 2177, 61
1791647627.660863,27.98, 2177, 61
1791647628.661226,27.83, 2184, 61
1791647629.661713,27.93, 2177, 61
1791647630.661899,28.17, 2177, 61
1791647631.662354,28.01, 2177, 61
1791647632.662893,28.10, 2177, 62
1791647633.663045,28.26, 2177, 61
1791647634.663075,27.79, 2184, 61
1791647635.663774,28.11, 2177, 61
1791647636.664146,28.00, 2177, 61
1791647637.664290,28.02, 2184, 61
1791647638.664744,28.21, 2177, 61
1791647639.665146,28.14, 2177, 61
1791647640.665619,28.04, 2184, 61
1791647641.665867,28.10, 2177, 61
1791647642.666317,28.15, 2177, 61
1791647643.666830,28.20, 2177, 61
1791647644.667482,28.21, 2184, 61
1791647645.667897,28.09, 2177, 62
1791647646.668146,28.07, 2177, 62
1791647647.668570,28.20, 2177, 62
1791647648.668796,28.28, 2184, 62
1791647649.669045,28.02, 2184, 62
1791647650.669590,28.21, 2177, 62
1791647651.669957,28.16, 2177, 62
1791647652.670425,28.14, 2184, 62
1791647653.670857,28.55, 2184, 62
1791647654.671315,27.72, 2177, 62
1791647655.671425,28.14, 2177, 62
1791647656.671687,28.35, 2177, 62
1791647657.672134,27.85, 2177, 62
1791647658.672200,28.19, 2177, 62
1791647659.672671,28.03, 2177, 62
1791647660.673126,28.17, 2177, 62
1791647661.673603,28.26, 2177, 62
1791647662.673916,28.24, 2177, 62
1791647663.674311,28.31, 2177, 62
1791647664.674558,28.35, 2177, 62
1791647665.674941,28.41, 2177, 62
1791647666.675248,28.06, 2177, 62
1791647667.675484,28.44, 2184, 62
1791647668.675897,28.95, 2184, 62
1791647669.676413,29.00, 2184, 62
1791647670.676539,28.26, 2184, 62
1791647671.676841,27.33, 2184, 62
1791647672.677319,27.41, 2184, 62
1791647673.677425,27.46, 2184, 62
1791647674.677896,27.14, 2184, 62
1791647675.678452,26.40, 2184, 62
1791647676.678851,26.29, 2184, 62
1791647677.679319,25.80, 2184, 61
1791647678.679818,25.00, 2184, 61
1791647679.680058,25.29, 2177, 62
1791647680.680137,28.70, 2177, 62
1791647681.680635,28.08, 2177, 62
1791647682.680762,28.22, 2177, 62
1791647683.681184,28.07, 2177, 62
1791647684.681626,28.07, 2177, 62
1791647685.682104,28.26, 2177, 62
1791647686.682554,28.18, 2177, 62
1791647687.683066,28.24, 2184, 62
1791647688.683493,28.08, 2177, 62
1791647689.683938,28.18, 2177, 62
1791647690.684128,28.18, 2184, 62
1791647691.684597,28.18, 2177, 62
1791647692.684942,28.29, 2177, 62
1791647693.685387,28.14, 2177, 62
1791647694.685795,28.22, 2177, 62
1791647695.686034,28.13, 2177, 62
1791647696.686398,28.22, 2177, 62
1791647697.686897,28.42, 2177, 62
1791647698.687358,28.21, 2177, 62
1791647699.687576,28.15, 2184, 62
1791647700.687781,28.17, 2177, 62
1791647701.688036,28.04, 2177, 62
1791647702.688293,28.08, 2177, 62
1791647703.688727,28.04, 2177, 62
1791647704.688915,28.16, 2177, 62
1791647705.689389,28.20, 2177, 62
1791647706.689856,28.26, 2177, 62
1791647707.690195,28.38, 2177, 62
1791647708.690645,28.31, 2184, 62
1791647709.691086,28.27, 2177, 62
1791647710.691539,27.91, 2177, 62
1791647711.691676,28.14, 2177, 62
1791647712.691935,28.26, 2177, 62
1791647713.692437,28.45, 2177, 62
1791647714.692898,28.23, 2184, 62
1791647715.693321,28.16, 2177, 62
1791647716.693463,28.23, 2177, 62
1791647717.693917,28.28, 2177, 62
1791647718.694060,28.48, 2177, 62
1791647719.694438,28.36, 2177, 62
1791647720.694554,28.28, 2177, 62
1791647721.694767,28.48, 2177, 62
1791647722.694990,28.51, 2177, 62
1791647723.695240,27.99, 2177, 62
1791647724.695430,28.25, 2177, 62
1791647725.695673,28.15, 2177, 62
1791647726.695853,28.10, 2177, 62
1791647727.696058,28.36, 2177, 62
1791647728.696261,28.39, 2177, 62
1791647729.696544,28.19, 2177, 62
1791647730.696786,28.29, 2177, 62
1791647731.696988,28.28, 2177, 62
1791647732.697477,28.27, 2177, 62
1791647733.697956,28.31, 2177, 63
1791647734.698347,28.44, 2184, 62
1791647735.698553,27.42, 2184, 62
1791647736.699032,27.42, 2184, 62
1791647737.699402,27.50, 2184, 62
1791647738.699550,27.50, 2184, 62
1791647739.700018,27.41, 2184, 62
1791647740.700518,26.45, 2184, 62
1791647741.700974,26.39, 2184, 62
1791647742.701459,26.35, 2184, 62
1791647743.701963,25.02, 2184, 62
1791647744.702469,26.33, 2177, 63
1791647745.702932,28.44, 2177, 62
1791647746.703403,28.26, 2177, 62
1791647747.703694,28.22, 2177, 63
1791647748.704134,28.09, 2177, 62
1791647749.704617,28.25, 2177, 62
1791647750.704839,28.31, 2177, 62
1791647751.705516,28.25, 2177, 63
1791647752.705732,28.23, 2177, 62
1791647753.706172,28.36, 2177, 63
1791647754.706677,28.20, 2177, 62
1791647755.707204,28.18, 2177, 62
1791647756.707821,28.10, 2177, 62
1791647757.708064,28.18, 2177, 63
1791647758.708545,28.20, 2177, 63
1791647759.708779,28.19, 2177, 63
1791647760.708976,28.26, 2177, 63
1791647761.709485,28.21, 2177, 63
1791647762.709964,28.21, 2177, 63
1791647763.710462,28.45, 2177, 63
1791647764.710889,28.09, 2177, 63
1791647765.711361,28.12, 2177, 63
1791647766.711567,28.14, 2177, 63
1791647767.712044,28.21, 2177, 63
1791647768.712497,28.29, 2177, 63
1791647769.713015,28.23, 2177, 63
1791647770.713385,28.36, 2177, 63
1791647771.713823,28.36, 2177, 63
1791647772.714023,28.39, 2177, 63
1791647773.714517,28.43, 2177, 63
1791647774.714965,28.07, 2177, 63
1791647775.715408,28.25, 2177, 63
1791647776.715580,28.48, 2177, 63
1791647777.715945,28.24, 2184, 63
1791647778.716420,28.09, 2177, 63
1791647779.716555,28.30, 2184, 63
1791647780.717053,28.47, 2177, 63
1791647781.717125,28.36, 2184, 63
1791647782.717290,28.47, 2184, 63
1791647783.717728,28.29, 2177, 63
1791647784.717932,28.42, 2177, 63
1791647785.718231,28.48, 2177, 63
1791647786.718759,28.47, 2177, 63
1791647787.719175,28.45, 2184, 63
1791647788.719687,28.12, 2184, 63
1791647789.720072,28.29, 2177, 63
1791647790.720644,28.25, 2177, 63
1791647791.720707,28.33, 2177, 63
1791647792.721292,28.40, 2177, 63
1791647793.721549,28.28, 2177, 63
1791647794.721935,28.22, 2177, 63
1791647795.721953,28.42, 2177, 63
1791647796.722305,28.92, 2184, 63
1791647797.722397,29.08, 2184, 63
1791647798.722621,29.09, 2184, 63
1791647799.722801,29.05, 2184, 63
1791647800.722874,27.77, 2184, 63
1791647801.723360,27.51, 2184, 63
1791647802.723566,27.50, 2184, 63
1791647803.723677,27.16, 2184, 63
1791647804.723764,26.49, 2184, 63
1791647805.723996,26.40, 2184, 63
1791647806.724210,25.75, 2184, 63
1791647807.724211,18.28, 2184, 60
1791647808.724822,11.41, 2184, 60
1791647809.725066,11.77, 2184, 59
1791647810.725245,11.43, 2184, 59
1791647811.725452,11.69, 2184, 59
1791647812.725894,11.14, 2184, 58
1791647813.726837,7.44, 305, 57
1791647814.726895,6.96, 305, 57
1791647815.728081,6.97, 305, 57
1791647816.728543,6.36, 305, 57
1791647817.729356,6.13, 208, 56
1791647818.729406,6.03, 312, 56
1791647819.730237,5.91, 208, 56
1791647820.730888,6.07, 240, 55
1791647821.731759,6.10, 305, 55
1791647822.731875,6.10, 305, 55
1791647823.732538,5.98, 305, 55
1791647824.733529,5.96, 208, 54
1791647825.734193,5.96, 305, 54
1791647826.734236,5.90, 208, 54
1791647827.734231,5.94, 208, 53
1791647828.735152,6.04, 305, 53
1791647829.735330,6.04, 305, 53
1791647830.735339,5.93, 312, 53
1791647831.736427,5.91, 208, 53
1791647832.736257,5.90, 305, 53
1791647833.737206,5.86, 208, 53
1791647834.737120,5.91, 305, 53
1791647835.737226,5.96, 305, 52
1791647836.738051,5.98, 305, 52
1791647837.738835,5.98, 305, 52
1791647838.739660,5.84, 305, 52
1791647839.740427,5.80, 208, 52
1791647840.741422,5.78, 305, 52
1791647841.742104,5.87, 208, 52
1791647842.742916,5.86, 305, 51
1791647843.742946,5.95, 305, 51
1791647844.743775,5.95, 305, 51
1791647845.744573,5.76, 312, 51
1791647846.745404,5.75, 208, 51
1791647847.745546,5.78, 305, 51
1791647848.746256,5.77, 208, 51
1791647849.747046,5.81, 305, 50
1791647850.747877,5.84, 305, 50
1791647851.748719,5.84, 305, 50
1791647852.749478,5.77, 305, 50
1791647853.749656,5.68, 208, 50
1791647854.750411,5.71, 299, 50
1791647855.751141,5.70, 208, 50
1791647856.751979,5.84, 299, 49
1791647857.752736,5.82, 305, 49
1791647858.753639,5.82, 305, 49
1791647859.754463,5.70, 305, 49
1791647860.755053,5.69, 208, 49
1791647861.755969,5.77, 305, 49
1791647862.756506,5.72, 208, 49
1791647863.757321,5.72, 234, 49
1791647864.757883,5.76, 305, 49
1791647865.759226,5.76, 305, 49
1791647866.759498,5.72, 305, 49
1791647867.760253,5.68, 208, 48
1791647868.760673,5.70, 305, 48
1791647869.761111,5.64, 208, 48
1791647870.761552,5.72, 208, 48
1791647871.762497,5.80, 305, 48
1791647872.762568,5.80, 305, 48
1791647873.763035,5.64, 305, 48
1791647874.763972,5.61, 208, 48
1791647875.764781,5.64, 305, 48
1791647876.765660,5.61, 208, 48
1791647877.766307,5.63, 305, 48
1791647878.767104,5.66, 305, 48
1791647879.767904,5.72, 305, 48
1791647880.768534,5.72, 305, 47
1791647881.769164,5.61, 305, 47
1791647882.769287,5.60, 208, 47
1791647883.769472,5.66, 305, 47
1791647884.769666,5.57, 208, 47
1791647885.769801,5.66, 305, 47
1791647886.770083,5.75, 305, 47
1791647887.770576,5.75, 305, 47
1791647888.770850,5.66, 312, 47
1791647889.771307,5.66, 208, 47
1791647890.771760,5.67, 305, 47
1791647891.772220,5.66, 208, 47
1791647892.772689,5.72, 305, 47
1791647893.773109,5.77, 305, 47
1791647894.773557,5.77, 305, 47
1791647895.774259,5.64, 305, 47
1791647896.774982,5.63, 208, 47
1791647897.775629,5.66, 305, 47
1791647898.775743,5.65, 208, 47
1791647899.775851,5.69, 299, 47
1791647900.776304,5.77, 305, 47
1791647901.776774,5.84, 305, 47
1791647902.777586,5.83, 305, 47
1791647903.778184,5.83, 305, 47
1791647904.778857,5.70, 305, 47
1791647905.779619,5.68, 208, 47
1791647906.780408,5.68, 234, 47
1791647907.781053,5.78, 305, 47
1791647908.781655,5.78, 305, 47
1791647909.782052,5.68, 305, 47
1791647910.782277,5.67, 208, 47
1791647911.782437,5.72, 305, 47
1791647912.782413,5.73, 305, 47
1791647913.782741,10.35, 2190, 47
1791647914.782903,10.18, 2190, 48
1791647915.783113,10.13, 2190, 47
1791647916.783294,10.16, 2190, 48
1791647917.783804,10.44, 2190, 48
1791647918.784005,10.65, 2190, 48
1791647919.784234,10.66, 2190, 48
1791647920.784476,10.69, 2190, 48
1791647921.784966,10.61, 2190, 48
1791647922.785190,10.61, 2190, 48
1791647923.785312,10.64, 2190, 48
1791647924.785914,10.64, 2190, 48
1791647925.786116,10.62, 2190, 48
1791647926.786327,10.32, 2190, 48
1791647927.786545,10.13, 2190, 48
1791647928.786776,10.51, 2190, 48
1791647929.786870,10.21, 2190, 48
1791647930.787180,10.36, 2190, 48
1791647931.787356,10.10, 2190, 48
1791647932.787473,10.13, 2190, 48
1791647933.788022,10.25, 2190, 48
1791647934.788237,10.12, 2190, 48
1791647935.788341,10.19, 2190, 48
1791647936.788625,10.22, 2190, 48
1791647937.788915,10.39, 2190, 48
1791647938.789187,10.12, 2190, 48
1791647939.789410,10.10, 2190, 48
1791647940.789502,10.35, 2190, 48
1791647941.789743,10.11, 2190, 48
1791647942.789919,10.12, 2190, 48
1791647943.790150,10.11, 2190, 48
1791647944.790253,10.12, 2190, 48
1791647945.790454,10.14, 2190, 48
1791647946.790571,10.15, 2190, 48
1791647947.790600,10.12, 2190, 48
1791647948.790930,10.12, 2190, 48
1791647949.791020,10.24, 2190, 48
1791647950.791115,10.36, 2190, 48
1791647951.791326,10.12, 2190, 48
1791647952.791338,10.12, 2190, 48
1791647953.791681,10.32, 2190, 48
1791647954.791762,10.19, 2190, 48
1791647955.791953,10.37, 2190, 48
1791647956.792172,11.62, 2190, 48
1791647957.792408,11.13, 2190, 48
1791647958.792666,10.20, 2190, 48
1791647959.793287,10.34, 2190, 48
1791647960.793403,12.90, 2184, 48
1791647961.793568,10.31, 2190, 48
1791647962.793821,10.11, 2190, 48
1791647963.794069,10.11, 2190, 48
1791647964.794331,10.11, 2190, 48
1791647965.794561,10.11, 2190, 48
1791647966.795202,10.10, 2190, 48
1791647967.795597,10.67, 2190, 48
1791647968.796289,16.11, 2190, 51
1791647969.796291,18.84, 2190, 49
1791647970.796780,18.20, 2190, 49
1791647971.797339,19.40, 2190, 50
1791647972.797471,19.44, 2190, 50
1791647973.798405,19.57, 2190, 50
1791647974.798996,19.69, 2190, 50
1791647975.799363,20.92, 2190, 52
1791647976.799934,24.47, 2190, 49
1791647977.800470,21.34, 2184, 51
1791647978.800686,17.07, 2184, 49
1791647979.801546,12.99, 2190, 49
1791647980.801894,10.94, 2190, 49
1791647981.802416,12.18, 2190, 49
1791647982.803172,12.18, 2190, 49
1791647983.803215,12.18, 2190, 49
1791647984.803378,12.18, 2190, 49
1791647985.803552,12.15, 2190, 49
1791647986.803749,12.17, 2190, 49
1791647987.803934,12.17, 2190, 49
1791647988.804130,12.18, 2190, 49
1791647989.804315,12.18, 2190, 49
1791647990.804521,12.18, 2190, 49
1791647991.804708,12.15, 2190, 49
1791647992.804906,12.16, 2190, 49
1791647993.805095,12.15, 2190, 49
1791647994.805286,12.19, 2190, 49
1791647995.805481,12.18, 2190, 49
1791647996.805592,12.19, 2190, 49
1791647997.805776,11.02, 2190, 49
1791647998.806235,10.81, 2190, 50
1791647999.806488,24.41, 2184, 52
1791648000.806935,31.92, 2184, 51
1791648001.807436,12.66, 2190, 49
1791648002.807882,10.34, 2190, 49
1791648003.808038,16.69, 2190, 50
1791648004.808763,31.59, 2184, 53
1791648005.808798,30.76, 2184, 54
1791648006.809443,29.50, 2184, 54
1791648007.809441,29.87, 2184, 51
1791648008.810147,10.43, 2190, 50
1791648009.811061,13.29, 2190, 50
1791648010.811848,12.69, 2190, 50
1791648011.812110,12.90, 2190, 50
1791648012.812616,12.06, 2190, 50
1791648013.812727,12.95, 2190, 50
1791648014.813501,12.82, 2190, 50
1791648015.814152,11.95, 2190, 50
1791648016.814206,11.19, 2190, 49
1791648017.814301,11.60, 2190, 49
1791648018.814562,13.18, 2190, 50
1791648019.815348,10.71, 2190, 49
1791648020.815998,10.27, 2190, 49
1791648021.816763,11.44, 2190, 50
1791648022.817443,13.46, 2184, 51
1791648023.818222,30.60, 2184, 53
1791648024.819002,31.65, 2184, 53
1791648025.819429,30.96, 2184, 53
1791648026.819759,31.87, 2184, 54
1791648027.819946,11.12, 2190, 50
1791648028.820325,10.99, 2190, 50
1791648029.820983,13.20, 2190, 50
1791648030.821239,13.01, 2190, 50
1791648031.821328,12.37, 2190, 49
1791648032.821422,12.81, 2190, 50
1791648033.821711,12.76, 2190, 50
1791648034.822137,12.53, 2190, 49
1791648035.822602,12.10, 2190, 49
1791648036.822925,11.49, 2190, 49
1791648037.823360,12.31, 2190, 49
1791648038.823547,12.63, 2190, 49
1791648039.823921,12.29, 2190, 50
1791648040.824026,11.93, 2190, 50
1791648041.824475,11.66, 2190, 49
1791648042.824600,15.36, 2190, 49
1791648043.825193,10.23, 2190, 49
1791648044.825831,10.18, 2190, 49
1791648045.826440,10.15, 2190, 49
1791648046.826834,10.13, 2190, 48
1791648047.827334,10.13, 2190, 48
1791648048.827670,10.12, 2190, 48
1791648049.828219,10.14, 2190, 48
1791648050.828930,10.10, 2190, 48
1791648051.829494,10.09, 2190, 48
1791648052.829500,10.09, 2190, 48
1791648053.830177,10.06, 2190, 48
1791648054.830617,10.05, 2190, 48
1791648055.831247,10.06, 2190, 47
1791648056.831869,10.04, 2190, 47
1791648057.832061,10.06, 2190, 47
1791648058.832745,10.05, 2190, 47
1791648059.833340,10.03, 2190, 47
1791648060.833735,10.03, 2190, 47
1791648061.833928,10.04, 2190, 47
1791648062.834105,10.00, 2190, 47
1791648063.834295,10.03, 2190, 47
1791648064.834649,10.01, 2190, 47
1791648065.834844,10.01, 2190, 47
1791648066.835035,10.00, 2190, 47
1791648067.835224,10.03, 2190, 47
1791648068.835424,10.02, 2190, 47
1791648069.835704,10.01, 2190, 47
1791648070.836145,10.01, 2190, 46
1791648071.836342,9.99, 2190, 46
1791648072.836814,10.00, 2190, 46
1791648073.836770,10.01, 2190, 46
1791648074.837188,10.00, 2190, 46
1791648075.837405,10.01, 2190, 46
1791648076.837478,9.98, 2190, 46
1791648077.837697,10.01, 2190, 46
1791648078.837881,10.01, 2190, 46
1791648079.838334,11.76, 2190, 46
1791648080.838434,10.03, 2190, 46
1791648081.839129,10.01, 2190, 46
1791648082.839277,9.98, 2190, 46
1791648083.839712,9.99, 2190, 46
1791648084.840192,9.99, 2190, 46
1791648085.840472,9.98, 2190, 46
1791648086.840930,10.00, 2190, 46
1791648087.841128,9.99, 2190, 46
1791648088.841315,9.95, 2190, 46
1791648089.841516,9.98, 2190, 46
1791648090.841610,9.98, 2190, 46
1791648091.842264,9.99, 2190, 46
1791648092.842144,10.00, 2190, 46
1791648093.842593,10.00, 2190, 46
1791648094.843033,9.96, 2190, 46
1791648095.843513,9.97, 2190, 46
1791648096.843947,9.95, 2190, 46
1791648097.844328,9.98, 2190, 46
1791648098.844822,9.97, 2190, 46
1791648099.845251,9.96, 2190, 46
1791648100.845738,9.98, 2190, 46
1791648101.846175,9.97, 2190, 46
1791648102.846271,9.97, 2190, 46
1791648103.846412,9.98, 2190, 46
1791648104.847038,9.97, 2190, 46
1791648105.847176,9.98, 2190, 46
1791648106.847686,9.98, 2190, 46
1791648107.847746,9.98, 2190, 46
1791648108.847838,9.98, 2190, 46
1791648109.848225,9.96, 2190, 46
1791648110.848273,9.97, 2190, 46
1791648111.848735,9.96, 2190, 46
1791648112.848724,9.95, 2190, 46
1791648113.849132,9.96, 2190, 46
1791648114.849649,9.96, 2190, 46
1791648115.850276,9.97, 2190, 46
1791648116.850774,9.96, 2190, 46
1791648117.851228,9.97, 2190, 46
1791648118.851332,9.96, 2190, 46
1791648119.851914,9.98, 2190, 46
1791648120.852558,9.96, 2190, 46
1791648121.852559,9.95, 2190, 46
1791648122.852829,9.96, 2190, 46
1791648123.853173,9.97, 2190, 46
1791648124.853324,9.94, 2190, 46
1791648125.853753,9.94, 2190, 46
1791648126.853687,9.96, 2190, 46
1791648127.853781,9.96, 2190, 46
1791648128.853953,9.97, 2190, 46
1791648129.854136,9.97, 2190, 46
1791648130.854320,9.97, 2190, 46
1791648131.854754,9.97, 2190, 46
1791648132.854688,9.98, 2190, 46
1791648133.854873,9.97, 2190, 46
1791648134.855050,9.94, 2190, 46
1791648135.855228,9.96, 2190, 46
1791648136.855409,9.97, 2190, 46
1791648137.855588,9.98, 2190, 46
1791648138.855765,9.97, 2190, 46
1791648139.855861,9.97, 2190, 46
1791648140.856033,9.97, 2190, 46
1791648141.856036,9.97, 2190, 46
1791648142.856208,9.95, 2190, 46
1791648143.856294,9.97, 2190, 46
1791648144.856476,9.94, 2190, 46
1791648145.856657,9.94, 2190, 46
1791648146.856747,9.94, 2190, 46
1791648147.857017,9.96, 2190, 46
1791648148.857628,9.95, 2190, 46
1791648149.858215,9.94, 2190, 46
1791648150.858639,9.94, 2190, 46
1791648151.859244,9.92, 2190, 46
1791648152.859647,9.93, 2190, 46
1791648153.860032,9.92, 2190, 46
1791648154.860609,9.92, 2190, 46
1791648155.861324,9.90, 2190, 46
1791648156.861855,9.90, 2190, 46
1791648157.862168,9.89, 2190, 46
1791648158.862827,9.91, 2190, 46
1791648159.863385,9.91, 2190, 46
1791648160.863849,9.93, 2190, 46
1791648161.864456,9.92, 2190, 46
1791648162.864560,9.93, 2190, 46
1791648163.865134,9.92, 2190, 46
1791648164.865707,9.90, 2190, 46
1791648165.866127,9.90, 2190, 46
1791648166.866765,9.91, 2190, 46
1791648167.867341,9.90, 2190, 46
1791648168.867644,9.89, 2190, 46
1791648169.868236,9.89, 2190, 46
1791648170.868797,9.92, 2190, 46
1791648171.869198,9.90, 2190, 46
1791648172.869590,9.91, 2190, 46
1791648173.869862,9.93, 2190, 46
1791648174.869667,9.89, 2190, 46
1791648175.870267,9.90, 2190, 46
1791648176.870263,9.89, 2190, 46
1791648177.870848,9.88, 2190, 46
1791648178.871447,9.88, 2190, 46
1791648179.871708,9.93, 2190, 46
1791648180.872242,9.93, 2190, 46
1791648181.872117,9.92, 2190, 46
1791648182.872656,9.94, 2190, 46
1791648183.873234,9.90, 2190, 46
1791648184.873767,9.92, 2190, 46
1791648185.874139,9.91, 2190, 46
1791648186.875009,9.92, 2190, 46
1791648187.875600,9.94, 2190, 46
1791648188.875649,9.94, 2190, 46
1791648189.875743,9.92, 2190, 46
1791648190.875836,9.93, 2190, 46
1791648191.876202,9.91, 2190, 46
1791648192.876375,9.92, 2190, 46
1791648193.876605,9.90, 2190, 46
1791648194.876770,9.89, 2190, 46
1791648195.876931,9.90, 2190, 46
1791648196.876971,9.89, 2190, 46
1791648197.877261,9.89, 2190, 46
1791648198.877457,9.90, 2190, 46
1791648199.877665,9.90, 2190, 46
1791648200.877779,9.90, 2190, 46
1791648201.878186,19.21, 2190, 47
1791648202.878457,29.35, 2184, 49
1791648203.878624,22.53, 2190, 49
1791648204.879092,22.60, 2190, 49
1791648205.879303,22.59, 2190, 49
1791648206.879777,22.61, 2190, 50
1791648207.880165,22.62, 2190, 50
1791648208.880343,27.41, 2184, 52
1791648209.880464,26.52, 2190, 50
1791648210.880662,22.65, 2190, 51
1791648211.880900,22.71, 2190, 51
1791648212.881266,22.71, 2190, 51
1791648213.881774,27.51, 2184, 53
1791648214.881878,26.32, 2190, 51
1791648215.882093,22.95, 2190, 52
1791648216.882305,23.12, 2190, 52
1791648217.882439,23.11, 2190, 52
1791648218.882662,23.15, 2190, 52
1791648219.882980,23.23, 2190, 52
1791648220.883202,30.93, 2177, 53
1791648221.883525,22.89, 2190, 53
1791648222.883625,23.09, 2190, 53
1791648223.883879,23.25, 2190, 53
1791648224.884131,23.25, 2190, 53
1791648225.884419,23.24, 2190, 53
1791648226.884545,23.26, 2190, 53
1791648227.885066,13.27, 2190, 51
1791648228.885386,21.09, 2190, 53
1791648229.885877,34.01, 2177, 56
1791648230.885880,36.60, 2177, 56
1791648231.886583,33.99, 2184, 56
1791648232.886707,36.64, 2177, 57
1791648233.886934,33.96, 2184, 57
1791648234.887488,31.12, 2177, 56
1791648235.887915,27.64, 2177, 56
1791648236.888517,27.62, 2177, 56
1791648237.889178,28.03, 2177, 56
1791648238.889922,27.81, 2177, 56
1791648239.890170,27.43, 2184, 56
1791648240.890295,25.99, 2184, 56
1791648241.890393,25.46, 2184, 56
1791648242.890960,25.43, 2184, 56
1791648243.891113,25.59, 2184, 56
1791648244.891378,24.83, 2184, 56
1791648245.891611,25.34, 2184, 58
1791648246.892168,36.81, 2177, 59
1791648247.892266,33.59, 2177, 57
1791648248.892725,36.42, 2177, 59
1791648249.892789,35.11, 2184, 57
1791648250.893433,36.57, 2177, 61
1791648251.893846,30.77, 2177, 58
1791648252.894089,28.32, 2177, 58
1791648253.894200,28.34, 2177, 58
1791648254.895271,28.18, 2177, 58
1791648255.895250,28.13, 2177, 58
1791648256.895599,28.01, 2177, 58
1791648257.896099,28.18, 2184, 58
1791648258.896277,28.43, 2184, 59
1791648259.896499,28.15, 2184, 59
1791648260.896739,27.81, 2184, 59
1791648261.896947,27.81, 2184, 59
1791648262.897759,27.18, 2184, 59
1791648263.898001,26.36, 2184, 59
1791648264.898406,24.69, 2184, 58
1791648265.898837,32.02, 2184, 60
1791648266.899095,37.24, 2177, 61
1791648267.899431,35.03, 2184, 60
1791648268.899607,37.27, 2177, 61
1791648269.899975,35.02, 2184, 61
1791648270.900498,32.70, 2177, 60
1791648271.901077,28.36, 2177, 60
1791648272.901319,28.43, 2177, 60
1791648273.901487,28.67, 2177, 60
1791648274.901971,28.38, 2177, 60
1791648275.902214,28.62, 2184, 60
1791648276.902507,28.34, 2184, 60
1791648277.902718,26.96, 2184, 60
1791648278.903125,26.15, 2184, 60
1791648279.903411,26.03, 2184, 60
1791648280.903626,25.49, 2184, 60
1791648281.903900,24.88, 2184, 60
1791648282.904333,33.00, 2177, 62
1791648283.904560,37.66, 2177, 63
1791648284.904787,34.42, 2177, 63
1791648285.905133,37.65, 2171, 63
1791648286.905321,34.85, 2171, 63
1791648287.905578,34.02, 2177, 61
1791648288.905842,28.72, 2177, 61
1791648289.906087,28.62, 2177, 61
1791648290.906202,28.64, 2177, 61
1791648291.906319,28.70, 2177, 61
1791648292.906813,28.29, 2177, 61
1791648293.906958,28.40, 2177, 61
1791648294.907056,28.40, 2177, 61
1791648295.907412,28.29, 2177, 61
1791648296.907779,28.57, 2184, 62
1791648297.907876,28.68, 2184, 62
1791648298.908084,28.31, 2184, 62
1791648299.908410,27.24, 2184, 61
1791648300.908607,25.30, 2184, 61
1791648301.908732,15.66, 2184, 59
1791648302.909141,22.28, 2177, 62
1791648303.909496,30.74, 2184, 61
1791648304.910128,23.90, 2184, 61
1791648305.910785,23.86, 2184, 61
1791648306.911090,23.93, 2184, 61
1791648307.911409,24.00, 2184, 61
1791648308.911935,32.10, 2177, 61
1791648309.912079,24.15, 2184, 61
1791648310.912501,24.20, 2184, 61
1791648311.912673,24.25, 2184, 61
1791648312.912838,24.21, 2184, 61
1791648313.913359,32.42, 2177, 62
1791648314.913932,24.02, 2184, 61
1791648315.914962,24.16, 2184, 61
1791648316.914571,24.37, 2184, 61
1791648317.915433,24.39, 2184, 61
1791648318.915236,24.36, 2184, 61
1791648319.915765,32.18, 2177, 61
1791648320.916088,24.00, 2184, 61
1791648321.916212,24.04, 2184, 61
1791648322.916776,24.17, 2184, 61
1791648323.916765,24.37, 2184, 61
1791648324.916918,22.54, 2184, 60
1791648325.917517,13.42, 2184, 60
1791648326.917229,31.14, 2171, 63
1791648327.917847,36.10, 2171, 64
1791648328.917926,37.92, 2177, 64
1791648329.918362,35.09, 2177, 64
1791648330.918621,37.97, 2171, 64
1791648331.918829,33.47, 2171, 62
1791648332.919066,28.60, 2177, 63
1791648333.919319,28.06, 2177, 63
1791648334.919860,27.46, 2177, 63
1791648335.920834,26.92, 2184, 62
1791648336.920843,27.06, 2184, 62
1791648337.921429,27.09, 2184, 62
1791648338.922035,27.07, 2184, 62
1791648339.921949,26.91, 2184, 62
1791648340.922134,26.40, 2184, 62
1791648341.922382,28.76, 2171, 65
1791648342.922469,36.79, 2171, 64
1791648343.922919,36.47, 2177, 65
1791648344.923033,36.86, 2177, 63
1791648345.923399,36.02, 2171, 65
1791648346.923903,37.21, 2171, 65
1791648347.924135,28.16, 2177, 63
1791648348.924577,28.33, 2177, 63
1791648349.924708,28.39, 2177, 63
1791648350.925032,28.37, 2177, 63
1791648351.926055,28.40, 2177, 63
1791648352.926330,28.35, 2177, 63
1791648353.926554,28.32, 2177, 63
1791648354.926989,28.23, 2177, 63
1791648355.927451,28.35, 2177, 63
1791648356.927813,28.41, 2177, 63
1791648357.928132,28.40, 2177, 63
1791648358.928338,28.35, 2177, 63
1791648359.928672,25.49, 2177, 62
1791648360.929145,33.09, 2177, 63
1791648361.929377,37.61, 2171, 64
1791648362.929635,35.44, 2177, 63
1791648363.930078,37.88, 2171, 65
1791648364.930268,35.38, 2177, 65
1791648365.930513,33.92, 2177, 63
1791648366.931059,28.84, 2177, 63
1791648367.931268,28.63, 2177, 63
1791648368.931538,28.62, 2177, 63
1791648369.931732,28.72, 2177, 63
1791648370.931991,29.14, 2177, 63
1791648371.932236,28.95, 2177, 63
1791648372.932728,28.47, 2177, 63
1791648373.933016,28.54, 2184, 63
1791648374.933296,28.62, 2184, 63
1791648375.933377,28.20, 2184, 63
1791648376.933869,27.93, 2177, 65
1791648377.934120,37.53, 2171, 64
1791648378.934265,35.54, 2171, 64
1791648379.934632,38.06, 2177, 65
1791648380.934947,35.26, 2171, 65
1791648381.935066,38.02, 2171, 65
1791648382.936049,28.81, 2177, 63
1791648383.936038,28.70, 2177, 63
1791648384.936544,29.11, 2177, 63
1791648385.936541,28.91, 2177, 63
1791648386.936536,29.02, 2177, 63
1791648387.936791,29.01, 2177, 63
1791648388.937009,29.01, 2177, 63
1791648389.937249,29.02, 2177, 63
1791648390.937810,28.85, 2177, 63
1791648391.937878,28.93, 2177, 63
1791648392.938493,28.83, 2177, 63
1791648393.938928,28.56, 2184, 63
1791648394.939250,26.46, 2184, 62
1791648395.939452,21.59, 2184, 62
1791648396.939722,24.09, 2184, 62
1791648397.939878,24.07, 2184, 62
1791648398.940328,24.07, 2184, 62
1791648399.940590,24.11, 2184, 62
1791648400.941592,24.07, 2184, 62
1791648401.941923,24.07, 2184, 61
1791648402.941875,24.29, 2184, 61
1791648403.942005,24.32, 2184, 61
1791648404.942504,24.37, 2184, 61
1791648405.942626,24.37, 2184, 61
1791648406.942858,24.42, 2184, 62
1791648407.943097,23.97, 2184, 61
1791648408.943340,24.11, 2184, 61
1791648409.943582,24.34, 2184, 61
1791648410.943807,24.31, 2184, 61
1791648411.944028,24.01, 2184, 61
1791648412.944331,23.99, 2184, 61
1791648413.944498,24.00, 2184, 61
1791648414.944612,23.96, 2184, 61
1791648415.944843,24.04, 2184, 61
1791648416.945089,24.48, 2184, 61
1791648417.945930,23.86, 2184, 61
1791648418.945821,23.87, 2184, 61
1791648419.946379,23.92, 2184, 61
1791648420.946936,24.08, 2184, 61
1791648421.947074,23.83, 2184, 61
1791648422.947550,23.92, 2184, 61
1791648423.947774,24.17, 2184, 61
1791648424.948419,24.12, 2184, 61
1791648425.948604,23.92, 2184, 61
1791648426.949101,23.90, 2184, 61
1791648427.949483,23.93, 2184, 61
1791648428.949622,23.94, 2184, 61
1791648429.949866,23.92, 2184, 61
1791648430.949991,24.28, 2184, 61
1791648431.950283,23.89, 2184, 61
1791648432.950471,23.90, 2184, 61
1791648433.951247,23.89, 2184, 61
1791648434.951805,23.90, 2184, 61
1791648435.952462,24.15, 2184, 61
1791648436.952974,23.85, 2184, 61
1791648437.952838,24.03, 2184, 61
1791648438.953069,24.20, 2184, 61
1791648439.953269,24.25, 2184, 61
1791648440.953572,24.14, 2184, 61
1791648441.953775,23.93, 2184, 60
1791648442.954221,23.93, 2184, 60
1791648443.954308,23.92, 2184, 61
1791648444.954835,24.19, 2184, 60
1791648445.955046,23.99, 2184, 60
1791648446.955480,24.02, 2184, 60
1791648447.955992,24.15, 2184, 61
1791648448.955970,23.86, 2184, 60
1791648449.956243,23.91, 2184, 60
1791648450.956883,23.90, 2184, 60
1791648451.957247,24.02, 2184, 60
1791648452.957555,24.23, 2184, 60
1791648453.957743,23.91, 2184, 60
1791648454.958213,23.92, 2184, 61
1791648455.958611,24.13, 2184, 61
1791648456.959070,23.84, 2184, 60
1791648457.959226,23.83, 2184, 60
1791648458.959379,23.85, 2184, 60
1791648459.959688,24.13, 2184, 60
1791648460.959835,24.23, 2184, 60
1791648461.960278,24.52, 2184, 61
1791648462.960328,23.84, 2184, 60
1791648463.960473,23.86, 2184, 60
1791648464.960567,23.84, 2184, 60
1791648465.960705,23.94, 2184, 60
1791648466.960843,24.65, 2184, 60
1791648467.960954,23.84, 2184, 60
1791648468.961278,24.00, 2184, 60
1791648469.961806,23.87, 2184, 60
1791648470.961953,23.86, 2184, 60
1791648471.962126,23.80, 2184, 60
1791648472.962310,23.79, 2184, 60
1791648473.962607,24.06, 2184, 60
1791648474.962677,24.13, 2184, 60
1791648475.962829,23.78, 2184, 60
1791648476.962938,23.81, 2184, 60
1791648477.963182,23.86, 2184, 60
1791648478.963289,23.83, 2184, 60
1791648479.963423,23.85, 2184, 60
1791648480.963961,24.14, 2184, 60
1791648481.963682,23.85, 2184, 60
1791648482.964280,23.97, 2184, 60
1791648483.964307,23.96, 2184, 60
1791648484.964651,23.94, 2184, 60
1791648485.964858,24.07, 2184, 60
1791648486.965487,23.89, 2184, 60
1791648487.965892,23.99, 2184, 60
1791648488.966380,24.44, 2184, 61
1791648489.967486,23.88, 2184, 60
1791648490.967195,23.88, 2184, 60
1791648491.967680,23.88, 2184, 60
1791648492.967747,23.92, 2184, 60
1791648493.968474,24.11, 2184, 60
1791648494.968881,23.94, 2184, 60
1791648495.969343,24.24, 2184, 60
1791648496.969877,24.18, 2184, 60
1791648497.969850,24.16, 2184, 60
1791648498.970551,24.20, 2184, 60
1791648499.971235,23.84, 2184, 60
1791648500.971435,23.87, 2184, 60
1791648501.972161,23.91, 2184, 60
1791648502.972307,24.12, 2184, 60
1791648503.972672,24.16, 2184, 60
1791648504.973166,24.76, 2177, 60
1791648505.973292,24.09, 2184, 60
1791648506.973992,23.80, 2184, 60
1791648507.973912,23.79, 2184, 60
1791648508.974411,23.84, 2184, 60
1791648509.974615,24.11, 2184, 60
1791648510.975103,24.16, 2184, 60
1791648511.975525,24.40, 2184, 60
1791648512.975930,23.80, 2184, 60
1791648513.976359,23.81, 2184, 60
1791648514.976684,23.88, 2184, 60
1791648515.977132,24.00, 2184, 60
1791648516.977324,24.03, 2184, 60
1791648517.977754,24.16, 2184, 60
1791648518.978002,24.16, 2184, 60
1791648519.978418,24.17, 2184, 60
1791648520.978904,24.18, 2184, 60
1791648521.979505,24.07, 2184, 60
1791648522.980119,23.84, 2184, 60
1791648523.980677,24.03, 2184, 60
1791648524.981007,24.23, 2184, 60
1791648525.981705,24.16, 2184, 60
1791648526.981890,24.16, 2184, 60
1791648527.982422,24.15, 2184, 60
1791648528.982520,23.80, 2184, 60
1791648529.983042,23.80, 2184, 60
1791648530.983223,24.03, 2184, 60
1791648531.983908,23.89, 2184, 60
1791648532.984023,23.92, 2184, 60
1791648533.984581,23.92, 2184, 60
1791648534.985019,23.92, 2184, 60
1791648535.985229,23.90, 2184, 60
1791648536.985890,24.13, 2184, 60
1791648537.986173,24.00, 2184, 60
1791648538.987148,24.06, 2184, 60
1791648539.986991,24.12, 2184, 60
1791648540.987562,23.06, 2184, 60
1791648541.987985,20.05, 2184, 59
1791648542.988326,20.14, 2184, 59
1791648543.988391,23.01, 2177, 61
1791648544.989086,21.28, 2184, 60
1791648545.989094,21.95, 2184, 60
1791648546.989826,21.33, 2184, 60
1791648547.990780,21.93, 2184, 60
1791648548.990632,23.43, 2184, 60
1791648549.991275,24.07, 2184, 60
1791648550.991294,24.08, 2184, 60
1791648551.991553,23.81, 2184, 60
1791648552.991769,24.09, 2184, 60
1791648553.991996,24.14, 2184, 60
1791648554.993169,24.14, 2184, 60
1791648555.993152,24.14, 2184, 60
1791648556.993179,24.11, 2184, 60
1791648557.993657,23.75, 2184, 60
1791648558.994078,23.78, 2184, 60
1791648559.994313,24.02, 2184, 60
1791648560.994724,24.11, 2184, 60
1791648561.995194,24.03, 2184, 60
1791648562.995310,24.08, 2184, 60
1791648563.995804,23.95, 2184, 60
1791648564.996115,23.73, 2184, 60
1791648565.996976,23.78, 2184, 60
1791648566.997063,23.94, 2184, 60
1791648567.997566,24.10, 2184, 60
1791648568.998092,24.14, 2184, 60
1791648569.998426,24.17, 2184, 60
1791648570.999076,23.95, 2184, 60
1791648571.999475,23.77, 2184, 60
1791648572.999957,23.78, 2184, 60
1791648574.000341,23.91, 2184, 60
1791648575.000722,24.11, 2184, 60
1791648576.001256,24.17, 2184, 60
1791648577.001347,24.21, 2184, 60
1791648578.001779,23.76, 2184, 60
1791648579.002070,23.82, 2184, 60
1791648580.002325,23.77, 2184, 60
1791648581.002765,24.05, 2184, 60
1791648582.002960,23.89, 2184, 60
1791648583.003105,23.92, 2184, 60
1791648584.003982,23.93, 2184, 60
1791648585.004347,23.95, 2184, 60
1791648586.004723,23.98, 2184, 60
1791648587.004956,23.98, 2184, 60
1791648588.005464,23.94, 2184, 60
1791648589.005645,23.87, 2184, 60
1791648590.005867,23.90, 2184, 60
1791648591.006310,23.90, 2184, 60
1791648592.006898,23.95, 2184, 60
1791648593.006914,23.85, 2184, 60
1791648594.007082,23.83, 2184, 60
1791648595.007849,23.85, 2184, 60
1791648596.007914,24.08, 2184, 60
1791648597.008455,24.12, 2184, 60
1791648598.008483,24.40, 2184, 60
1791648599.009306,23.77, 2184, 60
1791648600.009397,23.83, 2184, 60
1791648601.009745,23.83, 2184, 60
1791648602.009970,23.96, 2184, 60
1791648603.010115,24.02, 2184, 60
1791648604.010342,24.14, 2184, 60
1791648605.010571,24.19, 2184, 60
1791648606.011155,24.07, 2184, 60
1791648607.011837,23.78, 2184, 60
1791648608.012037,23.81, 2184, 60
1791648609.012563,23.82, 2184, 60
1791648610.012807,23.98, 2184, 60
1791648611.013355,24.11, 2184, 60
1791648612.013921,24.18, 2184, 60
1791648613.014260,23.72, 2184, 60
1791648614.014404,23.77, 2184, 60
1791648615.014847,23.76, 2184, 60
1791648616.014986,23.84, 2184, 60
1791648617.015257,24.11, 2184, 60
1791648618.015549,23.87, 2184, 60
1791648619.015793,23.91, 2184, 60
1791648620.015980,23.95, 2184, 60
1791648621.016082,24.07, 2184, 60
1791648622.016347,23.81, 2184, 60
1791648623.016436,23.84, 2184, 60
1791648624.016653,23.89, 2184, 60
1791648625.016914,24.22, 2184, 60
1791648626.017129,23.84, 2184, 60
1791648627.017235,23.78, 2184, 60
1791648628.017360,23.75, 2184, 60
1791648629.017345,24.03, 2184, 60
1791648630.017576,23.79, 2184, 60
1791648631.017786,23.82, 2184, 60
1791648632.018232,24.04, 2184, 60
1791648633.018311,24.20, 2184, 60
1791648634.018838,23.72, 2184, 60
1791648635.019038,23.78, 2184, 60
1791648636.019521,23.92, 2184, 60
1791648637.019726,23.91, 2184, 60
1791648638.020185,23.88, 2184, 60
1791648639.020313,24.01, 2184, 60
1791648640.020995,24.26, 2184, 60
1791648641.021250,23.77, 2184, 60
1791648642.021820,23.75, 2184, 60
1791648643.023098,23.77, 2184, 60
1791648644.022849,23.82, 2184, 60
1791648645.023517,24.52, 2184, 60
1791648646.023695,23.95, 2184, 60
1791648647.024185,24.03, 2184, 60
1791648648.024977,24.10, 2184, 60
1791648649.025039,24.13, 2184, 60
1791648650.025145,24.15, 2184, 60
1791648651.025508,24.19, 2184, 60
1791648652.025933,24.13, 2184, 60
1791648653.026394,24.19, 2184, 60
1791648654.026916,23.80, 2184, 60
1791648655.027594,23.76, 2184, 60
1791648656.027333,23.84, 2184, 60
1791648657.027784,23.75, 2184, 60
1791648658.028851,23.81, 2184, 60
1791648659.028536,23.78, 2184, 60
1791648660.028747,24.08, 2184, 60
1791648661.029279,24.11, 2184, 60
1791648662.029419,24.03, 2184, 60
1791648663.029950,24.12, 2184, 60
1791648664.030088,24.08, 2184, 60
1791648665.031078,24.14, 2184, 60
1791648666.031175,24.07, 2184, 60
1791648667.032117,23.82, 2184, 60
1791648668.032260,24.06, 2184, 60
1791648669.032861,24.09, 2184, 60
1791648670.032929,24.21, 2184, 60
1791648671.033108,23.67, 2184, 60
1791648672.033356,23.82, 2184, 60
1791648673.034184,24.01, 2184, 60
1791648674.033923,23.90, 2184, 60
1791648675.034151,24.10, 2184, 60
1791648676.034770,24.13, 2184, 60
1791648677.034882,24.11, 2184, 60
1791648678.035463,23.81, 2184, 60
1791648679.036197,23.83, 2184, 60
1791648680.035927,23.79, 2184, 60
1791648681.036150,24.07, 2184, 60
1791648682.036917,24.05, 2184, 60
1791648683.037842,23.92, 2184, 60
1791648684.037469,23.95, 2184, 60
1791648685.037568,23.90, 2184, 60
1791648686.037931,23.92, 2184, 60
1791648687.038797,23.92, 2184, 60
1791648688.038989,24.50, 2184, 60
1791648689.039314,24.16, 2184, 60
1791648690.039715,23.95, 2184, 60
1791648691.040693,23.90, 2184, 60
1791648692.040984,23.97, 2184, 60
1791648693.041419,23.97, 2184, 60
1791648694.041829,23.97, 2184, 60
1791648695.041942,24.10, 2184, 60
1791648696.041981,23.90, 2184, 60
1791648697.042227,24.16, 2184, 60
1791648698.042207,24.24, 2184, 60
1791648699.042439,23.95, 2184, 60
1791648700.042947,23.86, 2184, 60
1791648701.042668,23.85, 2184, 60
1791648702.042778,23.89, 2184, 60
1791648703.042916,23.96, 2184, 60
1791648704.043062,24.22, 2184, 60
1791648705.043250,24.23, 2184, 60
1791648706.043484,23.89, 2184, 60
1791648707.043743,23.86, 2184, 60
1791648708.044028,23.82, 2184, 60
1791648709.044198,23.87, 2184, 60
1791648710.044728,23.94, 2184, 60
1791648711.044739,24.36, 2184, 60
1791648712.044823,23.76, 2184, 60
1791648713.045265,23.79, 2184, 60
1791648714.045585,24.05, 2184, 60
1791648715.045725,23.83, 2184, 60
1791648716.046074,23.88, 2184, 60
1791648717.046144,23.96, 2184, 60
1791648718.046619,24.18, 2184, 60
1791648719.046328,24.21, 2184, 60
1791648720.046451,24.50, 2184, 60
1791648721.046930,23.85, 2184, 60
1791648722.047063,23.77, 2184, 60
1791648723.047881,23.81, 2184, 60
1791648724.047998,23.91, 2184, 60
1791648725.049085,24.11, 2184, 60
1791648726.048825,24.23, 2184, 60
1791648727.048994,24.75, 2184, 60
1791648728.049507,23.84, 2184, 60
1791648729.050109,23.86, 2184, 60
1791648730.050485,23.88, 2184, 60
1791648731.050844,23.91, 2184, 60
1791648732.050918,24.06, 2184, 60
1791648733.051344,24.18, 2184, 60
1791648734.051646,24.24, 2184, 60
1791648735.052677,23.80, 2184, 60
1791648736.052389,23.82, 2184, 60
1791648737.053051,23.88, 2184, 60
1791648738.053214,23.87, 2184, 60
1791648739.053318,24.04, 2184, 60
1791648740.053778,24.19, 2184, 60
1791648741.053889,23.77, 2184, 60
1791648742.054004,23.80, 2184, 60
1791648743.054244,23.85, 2184, 60
1791648744.054549,23.85, 2184, 60
1791648745.055199,23.89, 2184, 60
1791648746.055551,24.00, 2184, 60
1791648747.056023,24.22, 2184, 60
1791648748.056365,24.00, 2184, 60
1791648749.056842,23.83, 2184, 60
1791648750.056942,23.84, 2184, 60
1791648751.057458,23.88, 2184, 60
1791648752.057669,23.83, 2184, 60
1791648753.057861,23.94, 2184, 60
1791648754.058117,24.16, 2184, 60
1791648755.058685,23.79, 2184, 60
1791648756.059215,23.87, 2184, 60
1791648757.059434,23.86, 2184, 60
1791648758.059865,23.89, 2184, 60
1791648759.060139,23.89, 2184, 60
1791648760.060112,23.99, 2184, 60
1791648761.060300,24.15, 2184, 60
1791648762.060429,23.83, 2184, 60
1791648763.060541,23.84, 2184, 60
1791648764.061010,23.87, 2184, 60
1791648765.060663,23.85, 2184, 60
1791648766.060950,23.90, 2184, 60
1791648767.061035,23.92, 2184, 60
1791648768.061163,24.08, 2184, 60
1791648769.061185,24.18, 2184, 60
1791648770.061423,24.19, 2184, 60
1791648771.062060,24.20, 2184, 60
1791648772.061965,23.88, 2184, 60
1791648773.062065,23.89, 2184, 60
1791648774.062225,23.91, 2184, 60
1791648775.062326,24.07, 2184, 60
1791648776.062571,24.13, 2184, 60
1791648777.062862,23.85, 2184, 60
1791648778.062914,23.88, 2184, 60
1791648779.063030,23.87, 2184, 60
1791648780.063286,23.87, 2184, 60
1791648781.063564,23.91, 2184, 60
1791648782.063834,24.24, 2184, 60
1791648783.064057,23.90, 2184, 60
1791648784.064250,23.95, 2184, 61
1791648785.064324,23.94, 2184, 61
1791648786.064448,24.14, 2184, 61
1791648787.064558,23.95, 2184, 61
1791648788.064692,23.90, 2184, 61
1791648789.064807,24.03, 2184, 61
1791648790.064915,24.15, 2184, 61
1791648791.065289,23.68, 2184, 61
1791648792.065798,23.77, 2184, 61
1791648793.065774,23.74, 2184, 61
1791648794.065899,23.40, 2184, 61
1791648795.066238,23.73, 2184, 61
1791648796.066911,23.81, 2184, 61
1791648797.066809,23.88, 2184, 60
1791648798.067019,23.89, 2184, 61
1791648799.067228,23.69, 2184, 61
1791648800.067250,23.71, 2184, 61
1791648801.067380,23.92, 2184, 61
1791648802.067483,23.67, 2184, 61
1791648803.067615,24.02, 2184, 61
1791648804.067744,24.23, 2184, 61
1791648805.067863,24.33, 2184, 61
1791648806.068073,24.32, 2184, 61
1791648807.068178,23.98, 2184, 61
1791648808.068289,23.72, 2184, 61
1791648809.068433,23.73, 2184, 61
1791648810.068567,24.09, 2184, 61
1791648811.068698,23.91, 2184, 61
1791648812.068784,24.08, 2184, 61
1791648813.068908,24.16, 2184, 61
1791648814.069241,23.69, 2184, 61
1791648815.069404,23.90, 2184, 61
1791648816.069405,23.68, 2184, 61
1791648817.069519,23.72, 2184, 61
1791648818.069663,23.99, 2184, 61
1791648819.069979,23.82, 2184, 60
1791648820.070125,24.08, 2184, 61
1791648821.070217,24.18, 2184, 61
1791648822.070341,24.24, 2184, 61
1791648823.070517,24.00, 2184, 61
1791648824.070716,23.99, 2184, 61
1791648825.070821,24.15, 2184, 61
1791648826.071154,24.11, 2184, 61
1791648827.071412,24.38, 2184, 61
1791648828.071637,23.71, 2184, 61
1791648829.071648,23.62, 2184, 61
1791648830.071768,23.75, 2184, 61
1791648831.071943,23.69, 2184, 61
1791648832.072030,23.81, 2184, 61
1791648833.072603,23.99, 2184, 61
1791648834.072543,24.42, 2184, 61
1791648835.073213,23.86, 2184, 61
1791648836.073329,23.90, 2184, 61
1791648837.073431,23.71, 2184, 61
1791648838.073887,23.95, 2184, 61
1791648839.074479,24.07, 2184, 61
1791648840.074679,24.26, 2184, 61
1791648841.075067,24.51, 2184, 61
1791648842.075436,23.84, 2184, 61
1791648843.075489,23.90, 2184, 61
1791648844.075903,23.94, 2184, 61
1791648845.076128,23.98, 2184, 61
1791648846.076608,24.02, 2184, 61
1791648847.077319,24.27, 2184, 61
1791648848.078794,24.17, 2184, 61
1791648849.080396,21.24, 2184, 60
1791648850.081973,20.65, 2184, 60
1791648851.083428,21.12, 2184, 60
1791648852.084923,21.50, 2184, 59
1791648853.086490,22.45, 2184, 60
1791648854.088058,21.33, 2184, 59
1791648855.088735,21.60, 2184, 60
1791648856.089956,22.66, 2184, 60
1791648857.091223,24.17, 2184, 60
1791648858.092512,23.99, 2184, 60
1791648859.093212,23.91, 2184, 60
1791648860.094387,23.91, 2184, 60
1791648861.095470,23.80, 2184, 60
1791648862.097394,24.04, 2184, 60
1791648863.098192,24.08, 2184, 60
1791648864.099479,24.03, 2184, 60
1791648865.100544,24.27, 2184, 60
1791648866.102111,24.24, 2184, 60
1791648867.103274,23.90, 2184, 60
1791648868.104542,24.12, 2184, 61
1791648869.105692,24.27, 2184, 61
1791648870.106860,24.25, 2184, 61
1791648871.108328,24.55, 2184, 60
1791648872.109044,24.58, 2184, 61
1791648873.110270,23.86, 2184, 60
1791648874.111521,23.88, 2184, 60
1791648875.112895,24.03, 2184, 61
1791648876.113474,24.27, 2184, 60
1791648877.114926,24.27, 2184, 60
1791648878.116544,24.26, 2184, 60
1791648879.117789,24.22, 2184, 60
1791648880.118659,23.86, 2184, 60
1791648881.120347,23.87, 2184, 60
1791648882.121414,24.24, 2184, 60
1791648883.123029,23.98, 2184, 60
1791648884.124364,24.03, 2184, 60
1791648885.125304,24.07, 2184, 60
1791648886.126650,24.10, 2184, 61
1791648887.128359,24.24, 2184, 60
1791648888.129778,23.98, 2184, 60
1791648889.131093,24.00, 2184, 60
1791648890.132012,24.19, 2184, 60
1791648891.133348,24.23, 2184, 60
1791648892.134584,24.21, 2184, 60
1791648893.135432,24.33, 2184, 60
1791648894.136245,23.89, 2184, 60
1791648895.137915,24.09, 2184, 60
1791648896.138768,23.98, 2184, 60
1791648897.139925,24.20, 2184, 61
1791648898.140516,24.31, 2184, 61
1791648899.141776,24.26, 2184, 60
1791648900.142926,24.26, 2184, 60
1791648901.144469,24.29, 2184, 60
1791648902.146065,24.24, 2184, 60
1791648903.146915,23.92, 2184, 60
1791648904.148252,24.13, 2184, 61
1791648905.149895,24.29, 2184, 60
1791648906.150987,24.27, 2184, 60
1791648907.152577,24.83, 2184, 61
1791648908.153056,23.87, 2184, 61
1791648909.154140,23.89, 2184, 60
1791648910.155399,23.92, 2184, 60
1791648911.156701,24.12, 2184, 60
1791648912.158313,24.27, 2184, 61
1791648913.159399,24.25, 2184, 61
1791648914.160948,24.49, 2184, 61
1791648915.162059,23.87, 2184, 60
1791648916.163448,23.85, 2184, 60
1791648917.164729,23.92, 2184, 60
1791648918.166266,24.08, 2184, 60
1791648919.167550,24.25, 2184, 61
1791648920.168793,24.28, 2184, 60
1791648921.170358,24.14, 2184, 60
1791648922.171233,23.85, 2184, 60
1791648923.171966,23.91, 2184, 60
1791648924.173308,23.92, 2184, 60
1791648925.173808,24.05, 2184, 60
1791648926.174739,24.19, 2184, 61
1791648927.176293,24.28, 2184, 61
1791648928.177391,23.85, 2184, 60
1791648929.177986,23.94, 2184, 60
1791648930.179419,23.94, 2184, 60
1791648931.180587,23.94, 2184, 61
1791648932.182176,24.04, 2184, 60
1791648933.183205,24.19, 2184, 60
1791648934.184387,24.32, 2184, 61
1791648935.185279,23.90, 2184, 60
1791648936.186125,23.96, 2184, 60
1791648937.187028,23.97, 2184, 60
1791648938.187990,23.94, 2184, 60
1791648939.189086,24.01, 2184, 60
1791648940.189959,24.19, 2184, 60
1791648941.190531,25.08, 2177, 61
1791648942.191771,28.22, 2177, 61
1791648943.192384,28.08, 2177, 61
1791648944.192813,28.08, 2177, 61
1791648945.193508,28.00, 2177, 61
1791648946.194680,27.98, 2177, 61
1791648947.195396,28.12, 2177, 61
1791648948.196498,28.16, 2184, 61
1791648949.197673,28.04, 2177, 62
1791648950.198264,28.16, 2177, 62
1791648951.199571,28.12, 2177, 62
1791648952.200827,27.95, 2177, 62
1791648953.202361,28.10, 2177, 62
1791648954.202820,28.05, 2184, 62
1791648955.204016,28.22, 2177, 62
1791648956.205295,28.19, 2177, 62
1791648957.206949,28.20, 2177, 62
1791648958.208342,28.24, 2177, 62
1791648959.209720,28.35, 2177, 62
1791648960.210827,27.55, 2184, 62
1791648961.212504,28.03, 2177, 62
1791648962.213443,27.91, 2177, 62
1791648963.215022,28.24, 2177, 62
1791648964.216066,28.22, 2184, 62
1791648965.217316,27.73, 2177, 62
1791648966.218785,28.17, 2177, 62
1791648967.219916,28.20, 2177, 62
1791648968.221341,28.08, 2177, 62
1791648969.221909,28.29, 2177, 62
1791648970.222282,28.27, 2184, 62
1791648971.223989,28.31, 2177, 62
1791648972.224318,28.09, 2177, 62
1791648973.225583,28.38, 2177, 62
1791648974.226039,28.20, 2184, 62
1791648975.226749,28.20, 2177, 62
1791648976.228046,28.12, 2177, 62
1791648977.229206,28.17, 2177, 62
1791648978.229909,27.95, 2184, 62
1791648979.231048,28.19, 2177, 62
1791648980.232448,28.35, 2177, 62
1791648981.233684,28.38, 2177, 62
1791648982.235137,28.35, 2177, 62
1791648983.235673,28.30, 2177, 62
1791648984.236106,28.32, 2177, 62
1791648985.237469,28.27, 2177, 62
1791648986.238890,28.17, 2177, 62
1791648987.240173,28.19, 2177, 62
1791648988.241461,28.11, 2177, 62
1791648989.242704,28.26, 2177, 62
1791648990.243293,28.31, 2177, 62
1791648991.243952,28.39, 2177, 62
1791648992.245202,28.31, 2177, 62
1791648993.246551,28.08, 2177, 62
1791648994.247965,28.23, 2177, 62
1791648995.248103,28.58, 2177, 63
1791648996.249460,29.05, 2177, 63
1791648997.250806,28.99, 2177, 63
1791648998.252239,29.17, 2177, 63
1791648999.253831,28.98, 2177, 63
1791649000.254055,28.05, 2177, 62
1791649001.255315,27.46, 2177, 62
1791649002.256475,27.18, 2177, 62
1791649003.257726,26.43, 2177, 62
1791649004.259016,26.40, 2177, 62
1791649005.260294,26.35, 2177, 62
1791649006.260984,25.53, 2177, 62
1791649007.261348,25.85, 2177, 63
1791649008.262032,28.63, 2177, 63
1791649009.263131,28.25, 2177, 63
1791649010.264195,28.25, 2177, 63
1791649011.264538,28.34, 2184, 63
1791649012.264937,28.41, 2184, 63
1791649013.265211,28.47, 2177, 63
1791649014.265975,28.36, 2184, 63
1791649015.266173,28.38, 2184, 63
1791649016.266532,28.44, 2184, 63
1791649017.266950,28.27, 2184, 63
1791649018.267192,28.23, 2177, 63
1791649019.268539,28.31, 2177, 63
1791649020.269046,28.24, 2177, 63
1791649021.269633,28.20, 2177, 63
1791649022.270424,28.15, 2177, 63
1791649023.271800,28.21, 2177, 63
1791649024.272121,28.12, 2177, 63
1791649025.273165,28.20, 2177, 63
1791649026.273383,28.26, 2184, 63
1791649027.273990,28.33, 2177, 63
1791649028.274610,28.24, 2184, 63
1791649029.275510,28.21, 2177, 63
1791649030.275946,28.44, 2177, 63
1791649031.276254,28.38, 2184, 63
1791649032.276913,28.32, 2184, 63
1791649033.277360,28.42, 2177, 63
1791649034.277827,28.39, 2177, 63
1791649035.278455,28.38, 2177, 63
1791649036.279455,28.31, 2177, 63
1791649037.279891,28.25, 2177, 63
1791649038.281097,28.30, 2177, 63
1791649039.282480,28.32, 2177, 63
1791649040.282975,28.05, 2177, 63
1791649041.283386,28.34, 2177, 63
1791649042.284488,28.18, 2177, 63
1791649043.285641,28.06, 2177, 63
1791649044.286779,28.39, 2177, 63
1791649045.288094,28.33, 2177, 63
1791649046.289496,28.41, 2177, 63
1791649047.290663,28.24, 2177, 63
1791649048.291947,28.51, 2177, 63
1791649049.293364,28.57, 2177, 63
1791649050.294597,28.09, 2177, 63
1791649051.295766,28.31, 2177, 63
1791649052.297078,28.27, 2177, 63
1791649053.298393,28.23, 2177, 63
1791649054.299666,28.05, 2177, 63
1791649055.300941,28.48, 2177, 63
1791649056.302204,28.45, 2177, 63
1791649057.303585,28.43, 2177, 63
1791649058.304873,28.44, 2177, 63
1791649059.305983,28.44, 2177, 63
1791649060.306528,28.55, 2177, 63
1791649061.307005,28.53, 2177, 63
1791649062.307538,28.55, 2177, 63
1791649063.308420,27.63, 2177, 63
1791649064.309798,27.63, 2177, 63
1791649065.309949,27.65, 2177, 63
1791649066.310395,27.65, 2177, 63
1791649067.310778,27.45, 2177, 63
1791649068.311128,26.97, 2177, 63
1791649069.311847,25.50, 2177, 63
1791649070.312872,24.39, 2177, 62
1791649071.313352,28.24, 2177, 63
1791649072.313812,28.40, 2177, 63
1791649073.314446,28.35, 2177, 63
1791649074.315323,28.30, 2177, 63
1791649075.315313,28.16, 2177, 63
1791649076.316489,28.38, 2177, 63
1791649077.317584,28.47, 2177, 63
1791649078.317380,28.52, 2177, 63
1791649079.318028,28.42, 2177, 63
1791649080.318428,28.41, 2177, 63
1791649081.319588,28.25, 2177, 63
1791649082.320985,28.10, 2177, 63
1791649083.321476,28.18, 2177, 63
1791649084.322600,28.33, 2177, 63
1791649085.323025,28.35, 2177, 63
1791649086.324329,28.19, 2177, 63
1791649087.325044,28.31, 2177, 63
1791649088.325980,28.24, 2177, 63
1791649089.325895,28.23, 2177, 63
1791649090.326419,28.41, 2177, 63
1791649091.326959,28.23, 2177, 63
1791649092.327533,28.25, 2177, 63
1791649093.328011,28.35, 2177, 63
1791649094.328499,28.16, 2177, 63
1791649095.328894,27.89, 2177, 63
1791649096.329152,28.33, 2177, 63
1791649097.330527,28.42, 2177, 63
1791649098.330890,28.40, 2177, 63
1791649099.331897,28.49, 2177, 64
1791649100.333175,28.39, 2177, 63
1791649101.333662,28.39, 2177, 63
1791649102.334309,28.31, 2177, 63
1791649103.335427,28.42, 2177, 63
1791649104.336664,28.42, 2177, 63
1791649105.337222,27.87, 2177, 63
1791649106.337942,28.32, 2177, 63
1791649107.338382,28.61, 2177, 63
1791649108.338845,28.41, 2177, 63
1791649109.340109,28.26, 2177, 63
1791649110.341357,28.53, 2177, 64
1791649111.342972,28.59, 2177, 63
1791649112.343476,28.47, 2177, 63
1791649113.344387,28.53, 2177, 64
1791649114.344829,28.51, 2177, 63
1791649115.346096,28.24, 2177, 63
1791649116.346583,27.99, 2177, 64
1791649117.347716,28.35, 2177, 64
1791649118.349064,28.37, 2177, 63
1791649119.349424,28.41, 2177, 63
1791649120.349780,28.49, 2177, 63
1791649121.351081,28.36, 2177, 64
1791649122.352291,28.28, 2177, 63
1791649123.352643,28.30, 2177, 64
1791649124.353323,28.32, 2177, 64
1791649125.353691,28.74, 2177, 64
1791649126.354780,29.20, 2177, 64
1791649127.356060,28.17, 2177, 63
1791649128.357329,27.58, 2177, 63
1791649129.357680,27.73, 2177, 63
1791649130.358019,27.33, 2177, 63
1791649131.359025,27.09, 2177, 63
1791649132.360347,26.52, 2177, 63
1791649133.361613,26.52, 2177, 63
1791649134.363054,25.91, 2177, 63
1791649135.363550,25.10, 2177, 63
1791649136.364442,14.86, 2184, 60
1791649137.365819,11.40, 2184, 60
1791649138.367086,11.74, 2184, 60
1791649139.368324,11.46, 2184, 59
1791649140.368980,11.64, 2184, 59
1791649141.370136,11.13, 2184, 59
1791649142.370129,7.02, 305, 58
1791649143.370858,6.96, 305, 57
1791649144.371725,6.22, 305, 57
1791649145.372120,5.95, 208, 57
1791649146.372938,5.97, 305, 57
1791649147.373233,6.04, 305, 56
1791649148.373559,6.14, 305, 56
1791649149.374434,5.83, 305, 56
1791649150.374785,5.87, 208, 55
1791649151.375508,5.95, 305, 55
1791649152.376500,5.86, 208, 55
1791649153.376775,6.04, 305, 55
1791649154.377427,6.04, 266, 54
1791649155.377919,6.01, 305, 54
1791649156.378559,5.86, 305, 54
1791649157.379052,5.86, 208, 54
1791649158.380089,6.01, 305, 54
1791649159.381329,5.98, 208, 54
1791649160.382106,5.98, 305, 53
1791649161.382491,5.88, 208, 53
1791649162.383130,5.97, 305, 53
1791649163.383555,5.97, 305, 53
1791649164.384601,5.85, 305, 53
1791649165.385965,5.80, 208, 53
1791649166.387026,5.88, 312, 53
1791649167.386728,5.77, 208, 52
1791649168.387450,5.84, 305, 52
1791649169.387830,5.96, 305, 52
1791649170.388995,5.96, 305, 52
1791649171.390148,5.78, 305, 52
1791649172.390293,5.79, 208, 52
1791649173.391080,5.86, 305, 52
1791649174.391082,5.83, 208, 51
1791649175.391764,5.78, 305, 51
1791649176.392286,5.88, 305, 51
1791649177.392955,5.86, 305, 51
1791649178.393343,5.76, 305, 51
1791649179.394018,5.73, 208, 51
1791649180.394415,5.80, 305, 51
1791649181.395095,5.66, 208, 50
1791649182.395944,5.68, 305, 50
1791649183.396233,5.80, 305, 50
1791649184.397336,5.81, 305, 50
1791649185.398020,5.69, 305, 50
1791649186.398531,5.68, 208, 50
1791649187.399106,5.78, 305, 50
1791649188.400141,5.76, 208, 50
1791649189.401403,5.78, 305, 50
1791649190.401898,5.74, 305, 49
1791649191.402576,5.77, 305, 49
1791649192.403183,5.67, 305, 49
1791649193.403491,5.64, 208, 49
1791649194.403982,5.66, 305, 49
1791649195.404612,5.62, 208, 49
1791649196.405628,5.63, 305, 49
1791649197.406177,5.74, 260, 49
1791649198.406864,5.80, 305, 49
1791649199.407261,5.58, 305, 49
1791649200.408399,5.61, 208, 49
1791649201.409171,5.65, 305, 48
1791649202.409752,5.61, 208, 48
1791649203.410270,5.64, 305, 48
1791649204.410843,5.64, 208, 48
1791649205.411296,5.66, 305, 48
1791649206.411898,5.66, 305, 48
1791649207.412406,5.56, 305, 48
1791649208.413417,5.55, 208, 48
1791649209.413502,5.58, 305, 48
1791649210.413622,5.49, 208, 48
1791649211.414309,5.63, 234, 48
1791649212.415228,5.72, 305, 48
1791649213.416149,5.72, 305, 48
1791649214.415718,5.58, 305, 48
1791649215.416356,5.53, 208, 47
1791649216.416333,5.54, 305, 47
1791649217.416733,5.57, 208, 47
1791649218.417813,5.58, 305, 47
1791649219.418542,5.66, 305, 47
1791649220.418957,5.69, 305, 47
1791649221.419552,5.61, 305, 47
1791649222.419650,5.60, 208, 47
1791649223.420087,5.59, 305, 47
1791649224.420722,5.53, 201, 47
1791649225.421102,5.59, 305, 47
1791649226.421625,5.67, 305, 47
1791649227.421805,5.73, 305, 47
1791649228.422974,5.62, 305, 47
1791649229.424107,5.60, 208, 47
1791649230.424335,5.58, 305, 47
1791649231.425474,5.55, 208, 47
1791649232.425919,5.58, 305, 47
1791649233.427029,5.77, 305, 47
1791649234.427297,5.77, 305, 47
1791649235.427735,5.66, 305, 47
1791649236.428754,5.58, 208, 47
1791649237.429195,5.60, 305, 47
1791649238.429276,5.60, 208, 47
1791649239.429460,5.61, 305, 47
1791649240.429689,5.62, 305, 47
1791649241.429869,5.74, 305, 47
1791649242.430304,5.60, 305, 47
1791649243.431476,5.60, 208, 47
1791649244.431484,5.66, 305, 47
1791649245.431603,9.18, 2190, 48
1791649246.432749,10.12, 2190, 48
1791649247.432934,10.11, 2190, 48
1791649248.433148,10.16, 2190, 48
1791649249.433338,10.40, 2190, 48
1791649250.433554,10.66, 2190, 48
1791649251.433744,10.64, 2190, 48
1791649252.433936,10.68, 2190, 48
1791649253.434041,10.64, 2190, 48
1791649254.434230,10.63, 2190, 48
1791649255.434771,10.66, 2190, 48
1791649256.435593,10.64, 2190, 48
1791649257.435857,10.64, 2190, 48
1791649258.436606,10.26, 2190, 48
1791649259.437650,10.13, 2190, 48
1791649260.438244,10.53, 2190, 48
1791649261.438312,10.45, 2190, 48
1791649262.439427,10.13, 2190, 48
1791649263.439599,10.11, 2190, 48
1791649264.439874,10.21, 2190, 48
1791649265.439971,10.10, 2190, 48
1791649266.441261,10.10, 2190, 48
1791649267.441421,10.23, 2190, 48
1791649268.441639,10.13, 2190, 48
1791649269.441816,10.35, 2190, 48
1791649270.442981,10.12, 2190, 48
1791649271.444155,10.14, 2190, 48
1791649272.444330,10.39, 2190, 48
1791649273.444517,10.13, 2190, 48
1791649274.444825,10.12, 2190, 48
1791649275.445923,10.13, 2190, 48
1791649276.447035,10.15, 2190, 48
1791649277.447231,10.16, 2190, 48
1791649278.447528,10.18, 2190, 48
1791649279.448677,10.19, 2190, 48
1791649280.448871,10.16, 2190, 48
1791649281.448983,10.27, 2190, 48
1791649282.449173,10.36, 2190, 48
1791649283.449379,10.12, 2190, 48
1791649284.450533,10.09, 2190, 48
1791649285.451133,10.38, 2190, 48
1791649286.451202,10.09, 2190, 48
1791649287.452469,10.81, 2190, 48
1791649288.453590,11.65, 2190, 48
1791649289.453805,10.76, 2190, 48
1791649290.454129,10.38, 2190, 48
1791649291.454326,10.14, 2190, 48
1791649292.454989,13.10, 2190, 48
1791649293.455177,10.14, 2190, 48
1791649294.456326,10.12, 2190, 48
1791649295.456526,10.08, 2190, 48
1791649296.456728,10.10, 2190, 48
1791649297.457842,10.09, 2190, 48
1791649298.458982,10.09, 2190, 48
1791649299.460123,10.67, 2190, 48
1791649300.461265,19.24, 2190, 52
1791649301.461449,16.72, 2190, 49
1791649302.461799,18.32, 2190, 50
1791649303.461913,19.25, 2190, 50
1791649304.463200,19.30, 2190, 50
1791649305.463314,19.47, 2190, 50
1791649306.464481,19.57, 2190, 51
1791649307.464666,22.20, 2190, 53
1791649308.464863,22.27, 2190, 50
1791649309.466006,21.82, 2190, 51
1791649310.466291,16.47, 2190, 49
1791649311.466417,12.93, 2190, 49
1791649312.467651,11.36, 2190, 49
1791649313.467814,12.12, 2190, 50
1791649314.467992,12.08, 2190, 50
1791649315.468175,12.10, 2190, 50
1791649316.468365,12.10, 2190, 50
1791649317.469508,12.13, 2190, 50
1791649318.469689,12.12, 2190, 50
1791649319.469872,12.11, 2190, 50
1791649320.470054,12.10, 2190, 50
1791649321.470253,12.12, 2190, 50
1791649322.471396,12.11, 2190, 50
1791649323.471580,12.11, 2190, 50
1791649324.471770,12.09, 2190, 50
1791649325.471954,12.11, 2190, 50
1791649326.472140,12.10, 2190, 50
1791649327.472322,12.13, 2190, 50
1791649328.472964,12.15, 2190, 50
1791649329.473722,10.52, 2190, 49
1791649330.474967,10.94, 2190, 49
1791649331.476144,30.51, 2184, 54
1791649332.477266,27.88, 2190, 51
1791649333.477488,10.35, 2190, 50
1791649334.477835,10.66, 2190, 50
1791649335.477983,19.92, 2184, 51
1791649336.478178,31.58, 2184, 52
1791649337.478848,30.19, 2184, 54
1791649338.479904,30.00, 2184, 54
1791649339.480532,25.90, 2190, 51
1791649340.481401,11.12, 2184, 51
1791649341.481457,12.57, 2190, 50
1791649342.481785,12.70, 2190, 50
1791649343.482525,12.00, 2190, 50
1791649344.482637,12.25, 2190, 50
1791649345.482815,12.72, 2190, 50
1791649346.483010,12.28, 2190, 50
1791649347.483188,11.84, 2190, 50
1791649348.483465,11.12, 2190, 50
1791649349.483909,12.30, 2190, 50
1791649350.485067,12.63, 2190, 50
1791649351.485285,10.24, 2190, 49
1791649352.485695,10.22, 2190, 49
1791649353.486812,11.61, 2190, 49
1791649354.487967,21.03, 2184, 54
1791649355.488261,32.09, 2184, 54
1791649356.489408,31.61, 2184, 52
1791649357.489823,31.33, 2184, 54
1791649358.490248,22.38, 2190, 50
1791649359.490356,10.26, 2190, 50
1791649360.491406,12.55, 2190, 50
1791649361.492590,12.58, 2190, 50
1791649362.492785,12.40, 2190, 50
1791649363.492988,11.87, 2190, 50
1791649364.493172,12.41, 2190, 50
1791649365.493361,12.43, 2190, 50
1791649366.493563,12.01, 2190, 50
1791649367.494770,12.03, 2190, 50
1791649368.495475,11.19, 2190, 50
1791649369.495102,12.02, 2190, 50
1791649370.495398,12.64, 2190, 50
1791649371.495583,11.77, 2190, 50
1791649372.495780,11.17, 2190, 49
1791649373.496006,12.56, 2190, 49
1791649374.496204,14.20, 2190, 50
1791649375.496387,11.54, 2190, 49
1791649376.496549,10.22, 2190, 49
1791649377.497462,10.15, 2190, 49
1791649378.497526,10.15, 2190, 49
1791649379.497741,10.13, 2190, 49
1791649380.498317,10.15, 2190, 49
1791649381.498487,10.13, 2190, 48
1791649382.499624,10.10, 2190, 48
1791649383.500763,10.07, 2190, 48
1791649384.501924,10.06, 2190, 48
1791649385.503044,10.08, 2190, 48
1791649386.504161,10.04, 2190, 48
1791649387.504337,10.07, 2190, 48
1791649388.504532,10.07, 2190, 48
1791649389.504703,10.05, 2190, 48
1791649390.504879,10.04, 2190, 48
1791649391.506026,10.04, 2190, 48
1791649392.507171,10.04, 2190, 48
1791649393.507350,10.03, 2190, 47
1791649394.508749,10.04, 2190, 47
1791649395.508678,10.01, 2190, 47
1791649396.508862,10.01, 2190, 47
1791649397.509039,10.01, 2190, 47
1791649398.509409,10.01, 2190, 47
1791649399.509709,9.98, 2190, 47
1791649400.510131,9.98, 2190, 47
1791649401.511270,9.99, 2190, 47
1791649402.511455,9.97, 2190, 47
1791649403.511635,9.96, 2190, 47
1791649404.511816,9.95, 2190, 47
1791649405.511997,9.94, 2190, 47
1791649406.512182,9.97, 2190, 47
1791649407.512815,9.90, 2190, 47
1791649408.513967,9.92, 2190, 47
1791649409.514652,9.93, 2190, 47
1791649410.515096,9.93, 2190, 47
1791649411.515150,11.72, 2190, 47
1791649412.515641,9.92, 2190, 47
1791649413.516256,9.89, 2190, 46
1791649414.517026,9.87, 2190, 46
1791649415.517445,9.90, 2190, 46
1791649416.517550,9.91, 2190, 46
1791649417.518753,9.92, 2190, 46
1791649418.519329,9.93, 2190, 46
1791649419.519584,9.91, 2190, 46
1791649420.520012,9.91, 2190, 46
1791649421.520074,9.94, 2190, 46
1791649422.521210,9.91, 2190, 46
1791649423.521395,9.91, 2190, 46
1791649424.521586,9.89, 2190, 46
1791649425.522744,9.89, 2190, 46
1791649426.523882,9.86, 2190, 46
1791649427.524084,9.89, 2190, 46
1791649428.524279,9.90, 2190, 46
1791649429.524536,9.90, 2190, 46
1791649430.525677,9.93, 2190, 46
1791649431.525875,9.90, 2190, 46
1791649432.527024,9.91, 2190, 46
1791649433.527217,9.94, 2190, 46
1791649434.528357,9.93, 2190, 46
1791649435.528534,9.92, 2190, 46
1791649436.528737,9.93, 2190, 46
1791649437.529158,9.95, 2190, 46
1791649438.529324,9.91, 2190, 46
1791649439.529750,9.93, 2190, 46
1791649440.530666,9.94, 2190, 46
1791649441.530871,9.94, 2190, 46
1791649442.531059,9.92, 2190, 46
1791649443.531633,9.91, 2190, 46
1791649444.532229,9.93, 2190, 46
1791649445.532597,9.93, 2190, 46
1791649446.533340,9.97, 2190, 46
1791649447.533433,9.94, 2190, 46
1791649448.533938,9.94, 2190, 46
1791649449.534242,9.92, 2190, 46
1791649450.535291,9.90, 2190, 46
1791649451.535937,9.93, 2190, 46
1791649452.536205,9.95, 2190, 46
1791649453.536781,9.95, 2190, 46
1791649454.537196,9.97, 2190, 46
1791649455.537787,9.95, 2190, 46
1791649456.538198,9.91, 2190, 46
1791649457.539136,9.89, 2190, 46
1791649458.539134,9.91, 2190, 46
1791649459.539757,9.91, 2190, 46
1791649460.540089,9.90, 2190, 46
1791649461.541027,9.91, 2190, 46
1791649462.541297,9.90, 2190, 46
1791649463.542427,9.89, 2190, 46
1791649464.542612,9.87, 2190, 46
1791649465.542808,9.92, 2190, 46
1791649466.543010,9.90, 2190, 46
1791649467.543399,9.90, 2190, 46
1791649468.543400,9.85, 2190, 46
1791649469.543588,9.84, 2190, 46
1791649470.543770,9.88, 2190, 46
1791649471.543970,9.90, 2190, 46
1791649472.544164,9.88, 2190, 46
1791649473.544358,9.92, 2190, 46
1791649474.545512,9.91, 2190, 46
1791649475.546640,9.91, 2190, 46
1791649476.546838,9.92, 2190, 46
1791649477.547034,9.89, 2190, 46
1791649478.547248,9.90, 2190, 46
1791649479.547661,9.90, 2190, 46
1791649480.547856,9.92, 2190, 46
1791649481.548053,9.91, 2190, 46
1791649482.548248,9.89, 2190, 46
1791649483.548442,9.89, 2190, 46
1791649484.548638,9.87, 2190, 46
1791649485.548832,9.86, 2190, 46
1791649486.549028,9.87, 2190, 46
1791649487.549246,9.84, 2190, 46
1791649488.550378,9.84, 2190, 46
1791649489.550903,9.81, 2190, 46
1791649490.550746,9.83, 2190, 46
1791649491.550922,9.86, 2190, 46
1791649492.551042,9.86, 2190, 46
1791649493.551217,9.89, 2190, 46
1791649494.551394,9.89, 2190, 46
1791649495.551599,9.91, 2190, 46
1791649496.551791,9.87, 2190, 46
1791649497.551974,9.87, 2190, 46
1791649498.552155,9.87, 2190, 46
1791649499.552339,9.86, 2190, 46
1791649500.552798,9.86, 2190, 46
1791649501.553700,9.86, 2190, 46
1791649502.554163,9.89, 2190, 46
1791649503.554740,9.87, 2190, 46
1791649504.555236,9.86, 2190, 46
1791649505.555827,9.85, 2190, 46
1791649506.555994,9.87, 2190, 46
1791649507.556508,9.89, 2190, 46
1791649508.557058,9.88, 2190, 46
1791649509.557689,9.87, 2190, 46
1791649510.558113,9.88, 2190, 46
1791649511.558750,9.87, 2190, 46
1791649512.559753,9.85, 2190, 46
1791649513.560909,9.87, 2190, 46
1791649514.561825,9.87, 2190, 46
1791649515.562474,9.87, 2190, 46
1791649516.562542,9.88, 2190, 46
1791649517.563160,9.88, 2190, 46
1791649518.563449,9.88, 2190, 46
1791649519.564508,9.91, 2190, 46
1791649520.564388,9.92, 2190, 46
1791649521.564536,9.89, 2190, 46
1791649522.565706,9.88, 2190, 46
1791649523.566268,9.87, 2190, 46
1791649524.566868,9.89, 2190, 46
1791649525.567268,9.91, 2190, 46
1791649526.567906,9.91, 2190, 46
1791649527.568283,9.88, 2190, 46
1791649528.568917,9.87, 2190, 46
1791649529.569250,9.89, 2190, 46
1791649530.569762,9.90, 2190, 46
1791649531.570470,9.89, 2190, 46
1791649532.570931,11.89, 2190, 48
1791649533.571631,28.24, 2184, 50
1791649534.572414,24.67, 2184, 49
1791649535.572916,22.84, 2190, 49
1791649536.572850,22.89, 2190, 49
1791649537.573267,22.94, 2190, 50
1791649538.573877,22.96, 2190, 50
1791649539.574031,28.58, 2184, 52
1791649540.574429,25.42, 2190, 50
1791649541.574589,22.82, 2190, 51
1791649542.574721,23.01, 2190, 51
1791649543.575061,23.10, 2190, 51
1791649544.575531,31.08, 2177, 52
1791649545.575772,22.82, 2190, 52
1791649546.576327,22.88, 2190, 52
1791649547.576794,24.68, 2184, 54
1791649548.577236,29.04, 2190, 52
1791649549.577551,23.17, 2190, 52
1791649550.577712,23.25, 2190, 52
1791649551.578875,23.29, 2190, 53
1791649552.579340,23.32, 2190, 53
1791649553.579419,23.29, 2190, 53
1791649554.579597,16.94, 2190, 51
1791649555.580132,18.33, 2190, 53
1791649556.580197,32.49, 2177, 55
1791649557.580426,36.69, 2177, 55
1791649558.580782,34.25, 2184, 55
1791649559.581144,36.94, 2177, 56
1791649560.581235,34.15, 2184, 56
1791649561.582343,32.17, 2177, 55
1791649562.582934,27.59, 2177, 55
1791649563.583363,27.80, 2177, 55
1791649564.583945,27.83, 2177, 56
1791649565.584535,27.67, 2177, 56
1791649566.584764,27.75, 2184, 56
1791649567.585284,28.13, 2184, 56
1791649568.585509,27.26, 2184, 56
1791649569.585785,26.40, 2184, 56
1791649570.585877,26.22, 2184, 56
1791649571.585994,25.83, 2184, 56
1791649572.586276,25.42, 2184, 56
1791649573.587646,33.84, 2177, 58
1791649574.587858,34.79, 2177, 58
1791649575.588103,37.19, 2177, 59
1791649576.588479,34.56, 2177, 59
1791649577.588743,37.17, 2177, 59
1791649578.589846,31.39, 2177, 58
1791649579.591007,28.17, 2177, 58
1791649580.592202,28.16, 2177, 58
1791649581.593409,28.13, 2177, 58
1791649582.594572,28.01, 2177, 58
1791649583.595883,27.81, 2177, 58
1791649584.596995,27.95, 2184, 58
1791649585.598120,28.18, 2184, 58
1791649586.599256,28.25, 2184, 58
1791649587.600418,28.31, 2184, 58
1791649588.601600,28.30, 2184, 59
1791649589.602750,28.25, 2184, 59
1791649590.603942,27.90, 2184, 59
1791649591.605099,27.06, 2184, 58
1791649592.605413,30.86, 2177, 60
1791649593.605989,35.71, 2177, 60
1791649594.605970,37.94, 2177, 61
1791649595.606485,34.77, 2177, 62
1791649596.606917,37.79, 2177, 61
1791649597.607104,33.15, 2177, 61
1791649598.607582,28.26, 2177, 60
1791649599.607803,28.27, 2177, 60
1791649600.608440,28.57, 2177, 60
1791649601.609520,28.59, 2177, 60
1791649602.610281,28.41, 2177, 60
1791649603.610430,28.25, 2177, 60
1791649604.610984,28.40, 2177, 60
1791649605.611089,28.58, 2184, 60
1791649606.611446,27.19, 2184, 60
1791649607.611749,27.11, 2184, 60
1791649608.611980,27.01, 2184, 60
1791649609.612484,26.54, 2184, 60
1791649610.612816,30.25, 2177, 62
1791649611.613014,36.00, 2177, 62
1791649612.613360,37.78, 2177, 62
1791649613.613769,34.98, 2177, 63
1791649614.614113,37.89, 2177, 63
1791649615.614650,34.06, 2177, 63
1791649616.615706,28.50, 2177, 61
1791649617.616963,28.66, 2177, 61
1791649618.617403,28.62, 2177, 61
1791649619.617410,28.61, 2177, 61
1791649620.618586,28.73, 2177, 61
1791649621.618795,28.44, 2177, 61
1791649622.619394,28.25, 2184, 61
1791649623.620061,28.23, 2177, 61
1791649624.620484,28.31, 2177, 62
1791649625.620909,28.24, 2184, 62
1791649626.621206,28.17, 2184, 62
1791649627.621129,28.52, 2184, 62
1791649628.622294,27.05, 2184, 61
1791649629.623345,25.28, 2184, 61
1791649630.623806,12.68, 2184, 59
1791649631.624468,28.46, 2171, 63
1791649632.625033,27.32, 2184, 61
1791649633.625257,32.26, 2177, 61
1791649634.625593,23.90, 2184, 61
1791649635.625752,24.17, 2184, 61
1791649636.625883,24.35, 2184, 61
1791649637.626065,24.36, 2184, 61
1791649638.626502,32.43, 2171, 62
1791649639.626692,23.94, 2184, 61
1791649640.627157,23.95, 2184, 61
1791649641.627614,23.96, 2184, 61
1791649642.627811,24.19, 2184, 61
1791649643.628392,24.24, 2184, 61
1791649644.628828,32.38, 2177, 62
1791649645.629121,23.94, 2184, 61
1791649646.629262,23.96, 2184, 61
1791649647.629469,23.93, 2184, 61
1791649648.630220,23.93, 2184, 61
1791649649.630364,13.35, 2184, 59
1791649650.631042,26.34, 2177, 63
1791649651.631342,34.63, 2177, 63
1791649652.631936,37.68, 2171, 64
1791649653.632561,35.20, 2177, 64
1791649654.633309,38.02, 2171, 64
1791649655.633468,34.62, 2171, 64
1791649656.634184,31.02, 2177, 63
1791649657.634867,28.37, 2177, 63
1791649658.635459,27.34, 2177, 62
1791649659.636323,27.30, 2177, 62
1791649660.637154,27.01, 2177, 63
1791649661.637320,26.96, 2177, 63
1791649662.638184,27.00, 2177, 63
1791649663.639041,27.06, 2177, 63
1791649664.639163,26.42, 2177, 63
1791649665.639291,25.12, 2177, 62
1791649666.639628,36.10, 2171, 65
1791649667.640822,35.63, 2171, 65
1791649668.641257,38.01, 2177, 65
1791649669.641910,35.40, 2177, 65
1791649670.642101,38.09, 2177, 65
1791649671.642699,31.28, 2177, 64
1791649672.642780,28.49, 2177, 64
1791649673.643756,28.40, 2177, 63
1791649674.643895,28.30, 2177, 64
1791649675.644812,28.19, 2177, 63
1791649676.645421,28.18, 2177, 63
1791649677.645627,28.20, 2177, 63
1791649678.646204,28.25, 2177, 63
1791649679.646991,28.29, 2177, 63
1791649680.647146,28.22, 2177, 63
1791649681.648012,28.27, 2177, 63
1791649682.648846,28.26, 2177, 63
1791649683.648838,27.54, 2177, 63
1791649684.649883,29.53, 2171, 65
1791649685.650806,36.02, 2177, 64
1791649686.651583,36.19, 2177, 64
1791649687.651923,37.81, 2171, 64
1791649688.652880,35.40, 2177, 65
1791649689.653692,37.25, 2171, 65
1791649690.654490,28.44, 2177, 63
1791649691.655282,29.00, 2177, 63
1791649692.656096,29.10, 2177, 63
1791649693.656760,29.10, 2177, 63
1791649694.657118,28.71, 2177, 63
1791649695.658068,28.51, 2177, 63
1791649696.658874,28.59, 2177, 63
1791649697.658908,28.62, 2177, 63
1791649698.659439,28.62, 2177, 63
1791649699.659667,28.55, 2177, 63
1791649700.659917,28.01, 2177, 63
1791649701.660096,30.88, 2171, 65
1791649702.661022,38.15, 2171, 65
1791649703.661928,35.06, 2171, 65
1791649704.662750,38.22, 2171, 65
1791649705.663002,35.41, 2171, 65
1791649706.663801,36.64, 2171, 64
1791649707.664255,29.17, 2177, 63
1791649708.664811,28.84, 2177, 63
1791649709.665470,28.75, 2177, 63
1791649710.666316,28.65, 2177, 63
1791649711.666364,28.55, 2177, 63
1791649712.667385,28.37, 2177, 63
1791649713.668202,28.45, 2177, 63
1791649714.668827,28.56, 2177, 63
1791649715.669594,28.49, 2177, 63
1791649716.670075,28.52, 2177, 63
1791649717.670940,28.53, 2177, 63
1791649718.671617,28.06, 2184, 63
1791649719.672492,22.51, 2184, 62
1791649720.673105,24.25, 2184, 62
1791649721.673713,24.34, 2184, 62
1791649722.673791,24.41, 2184, 62
1791649723.674727,24.42, 2184, 62
1791649724.674803,24.22, 2184, 62
1791649725.675428,24.05, 2184, 62
1791649726.675495,24.14, 2184, 62
1791649727.676164,24.16, 2184, 62
1791649728.677061,24.30, 2184, 62
1791649729.677058,24.45, 2184, 61
1791649730.677932,24.42, 2184, 61
1791649731.678458,24.32, 2184, 61
1791649732.679222,24.09, 2184, 61
1791649733.679978,24.08, 2184, 61
1791649734.680813,24.07, 2184, 61
1791649735.681472,24.10, 2184, 61
1791649736.682066,24.14, 2184, 61
1791649737.682178,24.18, 2184, 61
1791649738.682333,24.17, 2184, 61
1791649739.682885,24.19, 2184, 61
1791649740.683651,24.18, 2184, 61
1791649741.684353,24.36, 2184, 61
1791649742.685216,23.95, 2184, 61
1791649743.685424,24.26, 2184, 61
1791649744.685591,24.36, 2184, 61
1791649745.686415,24.20, 2184, 61
1791649746.687070,24.02, 2184, 61
1791649747.687265,23.97, 2184, 61
1791649748.687393,24.07, 2184, 60
1791649749.688205,24.13, 2184, 61
1791649750.689036,24.27, 2184, 61
1791649751.689858,24.30, 2184, 61
1791649752.690001,24.29, 2184, 61
1791649753.690114,24.33, 2184, 61
1791649754.690940,24.32, 2184, 61
1791649755.691759,24.27, 2184, 61
1791649756.692631,23.99, 2184, 61
1791649757.693495,24.23, 2184, 61
1791649758.694331,24.31, 2184, 61
1791649759.695241,24.30, 2184, 61
1791649760.696038,24.36, 2184, 60
1791649761.696842,23.92, 2184, 60
1791649762.697709,23.94, 2184, 60
1791649763.698274,23.95, 2184, 60
1791649764.699056,24.12, 2184, 61
1791649765.699144,24.35, 2184, 61
1791649766.699359,23.86, 2184, 60
1791649767.699691,23.90, 2184, 60
1791649768.699793,23.91, 2184, 60
1791649769.699886,24.21, 2184, 60
1791649770.700087,23.92, 2184, 60
1791649771.700242,21.36, 2184, 59
1791649772.700460,20.59, 2184, 59
1791649773.700540,19.88, 2184, 59
1791649774.700709,21.81, 2184, 60
1791649775.700854,21.51, 2184, 60
1791649776.701113,21.28, 2184, 59
1791649777.701344,21.36, 2184, 60
1791649778.701602,21.93, 2184, 60
1791649779.701731,24.16, 2184, 60
1791649780.701858,23.84, 2184, 60
1791649781.702071,23.86, 2184, 60
1791649782.702705,24.09, 2184, 60
1791649783.703423,23.86, 2184, 60
1791649784.703548,23.85, 2184, 60
1791649785.704338,23.91, 2184, 60
1791649786.704645,24.14, 2184, 60
1791649787.704733,24.18, 2184, 60
1791649788.705576,24.13, 2184, 60
1791649789.706444,24.16, 2184, 60
1791649790.706510,24.27, 2184, 60
1791649791.706743,23.77, 2184, 60
1791649792.707474,23.92, 2184, 60
1791649793.707997,24.17, 2184, 60
1791649794.708115,24.13, 2184, 60
1791649795.708382,24.15, 2184, 60
1791649796.708629,24.66, 2177, 60
1791649797.709563,23.81, 2184, 60
1791649798.710436,23.96, 2184, 60
1791649799.711155,23.86, 2184, 60
1791649800.711337,24.08, 2184, 60
1791649801.711583,24.17, 2184, 60
1791649802.712453,24.07, 2184, 60
1791649803.712613,24.17, 2184, 60
1791649804.712864,24.29, 2184, 60
1791649805.713101,23.87, 2184, 60
1791649806.713769,23.96, 2184, 60
1791649807.714467,24.12, 2184, 60
1791649808.714591,24.15, 2184, 60
1791649809.715322,24.16, 2184, 60
1791649810.715584,24.22, 2184, 60
1791649811.715808,23.81, 2184, 60
1791649812.715953,23.87, 2184, 60
1791649813.716783,23.90, 2184, 60
1791649814.717010,24.08, 2184, 60
1791649815.717281,24.27, 2184, 60
1791649816.718215,23.87, 2184, 60
1791649817.719041,23.88, 2184, 60
1791649818.719153,24.10, 2184, 60
1791649819.719409,23.82, 2184, 60
1791649820.719624,23.81, 2184, 60
1791649821.719847,24.05, 2184, 60
1791649822.720747,24.02, 2184, 60
1791649823.720729,23.83, 2184, 60
1791649824.721272,23.81, 2184, 60
1791649825.721418,23.80, 2184, 60
1791649826.722108,23.85, 2184, 60
1791649827.722336,24.17, 2184, 60
1791649828.723263,23.92, 2184, 60
1791649829.723381,24.16, 2184, 60
1791649830.723586,24.17, 2184, 60
1791649831.724216,24.16, 2184, 60
1791649832.724310,24.17, 2184, 60
1791649833.724409,24.22, 2184, 60
1791649834.724603,24.10, 2184, 60
1791649835.724743,23.87, 2184, 60
1791649836.725277,24.11, 2184, 60
1791649837.726123,24.18, 2184, 60
1791649838.726242,24.22, 2184, 60
1791649839.726948,24.21, 2184, 60
1791649840.727107,24.13, 2184, 60
1791649841.727946,23.77, 2184, 60
1791649842.728590,23.90, 2184, 60
1791649843.728626,23.97, 2184, 60
1791649844.729569,23.90, 2184, 60
1791649845.730180,23.85, 2184, 60
1791649846.730663,23.92, 2184, 60
1791649847.731629,23.45, 2184, 60
1791649848.732400,23.80, 2184, 60
1791649849.732542,23.79, 2184, 60
1791649850.732632,24.00, 2184, 60
1791649851.732848,24.14, 2184, 60
1791649852.733775,24.14, 2184, 60
1791649853.733995,24.18, 2184, 60
1791649854.734164,23.75, 2184, 60
1791649855.734277,23.80, 2184, 60
1791649856.734509,24.06, 2184, 60
1791649857.734712,23.95, 2184, 60
1791649858.734942,24.12, 2184, 60
1791649859.735775,24.13, 2184, 60
1791649860.736418,24.15, 2184, 60
1791649861.736603,24.19, 2184, 60
1791649862.737429,23.88, 2184, 60
1791649863.738235,23.73, 2184, 60
1791649864.739100,23.90, 2184, 60
1791649865.739984,24.11, 2184, 60
1791649866.740164,24.16, 2184, 60
1791649867.740302,24.09, 2184, 60
1791649868.740554,24.13, 2184, 60
1791649869.741295,24.40, 2184, 60
1791649870.742083,23.81, 2184, 60
1791649871.742842,23.93, 2184, 60
1791649872.743747,24.11, 2184, 60
1791649873.743821,24.16, 2184, 60
1791649874.744353,24.15, 2184, 60
1791649875.744563,24.37, 2184, 60
1791649876.745569,23.73, 2184, 60
1791649877.745612,23.78, 2184, 60
1791649878.746528,23.92, 2184, 60
1791649879.747185,24.06, 2184, 60
1791649880.747903,24.09, 2184, 60
1791649881.748420,24.10, 2184, 59
1791649882.749188,23.88, 2184, 60
1791649883.749271,23.75, 2184, 60
1791649884.750209,23.76, 2184, 60
1791649885.750892,23.86, 2184, 60
1791649886.751067,24.03, 2184, 60
1791649887.751161,24.24, 2184, 60
1791649888.751314,24.20, 2184, 60
1791649889.752101,23.75, 2184, 60
1791649890.752147,23.84, 2184, 60
1791649891.752305,23.82, 2184, 60
1791649892.752552,23.83, 2184, 60
1791649893.752948,24.01, 2184, 60
1791649894.753513,24.13, 2184, 60
1791649895.754434,23.81, 2184, 60
1791649896.754455,23.81, 2184, 60
1791649897.755307,23.79, 2184, 60
1791649898.755314,23.84, 2184, 60
1791649899.755819,23.86, 2184, 60
1791649900.756283,24.09, 2184, 60
1791649901.756500,24.13, 2184, 60
1791649902.756593,23.79, 2184, 60
1791649903.756719,23.85, 2184, 60
1791649904.756809,23.83, 2184, 60
1791649905.756960,24.06, 2184, 60
1791649906.757879,23.86, 2184, 60
1791649907.758588,24.02, 2184, 60
1791649908.759409,24.22, 2184, 60
1791649909.759446,24.18, 2184, 60
1791649910.759587,24.24, 2184, 60
1791649911.759728,24.24, 2184, 60
1791649912.760238,24.13, 2184, 60
1791649913.761000,23.86, 2184, 60
1791649914.762315,23.95, 2184, 60
1791649915.762357,23.73, 2184, 60
1791649916.762452,23.80, 2184, 60
1791649917.762968,23.82, 2184, 60
1791649918.763056,23.80, 2184, 60
1791649919.763171,23.89, 2184, 60
1791649920.763430,23.82, 2184, 60
1791649921.763649,23.92, 2184, 60
1791649922.763874,24.28, 2184, 60
1791649923.764117,23.96, 2184, 60
1791649924.764319,23.81, 2184, 60
1791649925.764595,23.82, 2184, 60
1791649926.764791,23.85, 2184, 60
1791649927.765014,23.96, 2184, 60
1791649928.765237,23.82, 2184, 60
1791649929.765412,24.05, 2184, 60
1791649930.765637,24.14, 2184, 60
1791649931.765878,24.16, 2184, 60
1791649932.766082,24.15, 2184, 60
1791649933.766943,23.75, 2184, 60
1791649934.767675,23.75, 2184, 60
1791649935.768468,23.76, 2184, 60
1791649936.769257,23.92, 2184, 60
1791649937.770148,24.05, 2184, 60
1791649938.770412,24.15, 2184, 60
1791649939.771181,23.69, 2184, 60
1791649940.771651,23.74, 2184, 60
1791649941.771875,23.72, 2184, 60
1791649942.772068,23.79, 2184, 60
1791649943.773101,23.99, 2184, 60
1791649944.774159,23.90, 2184, 60
1791649945.774067,23.96, 2184, 60
1791649946.774914,24.21, 2184, 60
1791649947.775609,23.76, 2184, 60
1791649948.775724,23.80, 2184, 60
1791649949.776563,23.84, 2184, 60
1791649950.777123,24.07, 2184, 60
1791649951.777848,23.97, 2184, 60
1791649952.778505,23.97, 2184, 60
1791649953.778673,23.95, 2184, 60
1791649954.779493,24.11, 2184, 60
1791649955.780317,23.80, 2184, 60
1791649956.780419,23.84, 2184, 60
1791649957.780663,23.95, 2184, 60
1791649958.780850,24.11, 2184, 60
1791649959.781653,23.81, 2184, 60
1791649960.781720,23.83, 2184, 60
1791649961.781783,23.80, 2184, 60
1791649962.782425,23.82, 2184, 60
1791649963.782835,23.85, 2184, 60
1791649964.783421,23.96, 2184, 60
1791649965.783480,24.50, 2184, 61
1791649966.783782,23.81, 2184, 60
1791649967.783918,23.86, 2184, 60
1791649968.784009,23.85, 2184, 60
1791649969.784157,23.91, 2184, 60
1791649970.784254,23.90, 2184, 60
1791649971.784543,24.58, 2184, 60
1791649972.784535,23.93, 2184, 60
1791649973.784779,23.98, 2184, 60
1791649974.784903,24.01, 2184, 60
1791649975.785631,23.82, 2184, 60
1791649976.786237,23.79, 2184, 60
1791649977.786419,23.73, 2184, 60
1791649978.787263,23.83, 2184, 60
1791649979.787457,24.03, 2184, 60
1791649980.787870,24.19, 2184, 60
1791649981.788455,23.67, 2184, 60
1791649982.788668,23.77, 2184, 60
1791649983.789288,23.84, 2184, 60
1791649984.790032,23.83, 2184, 60
1791649985.790952,23.88, 2184, 60
1791649986.791019,24.15, 2184, 60
1791649987.791793,23.76, 2184, 60
1791649988.792507,23.83, 2184, 60
1791649989.792588,23.85, 2184, 60
1791649990.792739,23.86, 2184, 60
1791649991.793352,24.10, 2184, 60
1791649992.794070,23.84, 2184, 60
1791649993.794173,24.07, 2184, 60
1791649994.794327,24.30, 2184, 60
1791649995.795216,23.91, 2184, 60
1791649996.795229,23.91, 2184, 60
1791649997.796107,23.82, 2184, 60
1791649998.796223,24.17, 2184, 60
1791649999.796402,23.85, 2184, 60
1791650000.796467,24.02, 2184, 60
1791650001.797390,24.27, 2184, 60
1791650002.798190,24.26, 2184, 60
1791650003.798739,24.28, 2184, 60
1791650004.798745,23.80, 2184, 60
1791650005.798854,23.85, 2184, 60
1791650006.798975,23.80, 2184, 60
1791650007.799779,23.93, 2184, 60
1791650008.800607,24.17, 2184, 60
1791650009.801486,24.62, 2184, 60
1791650010.802257,24.15, 2184, 60
1791650011.802407,23.88, 2184, 60
1791650012.802574,23.82, 2184, 60
1791650013.803438,23.86, 2184, 60
1791650014.804341,23.99, 2184, 60
1791650015.804386,24.18, 2184, 60
1791650016.805460,24.45, 2184, 60
1791650017.806260,23.86, 2184, 60
1791650018.806880,23.86, 2184, 60
1791650019.807715,23.84, 2184, 60
1791650020.808516,23.95, 2184, 60
1791650021.808532,23.87, 2184, 60
1791650022.808631,24.05, 2184, 60
1791650023.809519,24.19, 2184, 60
1791650024.809599,23.98, 2184, 60
1791650025.809986,23.84, 2184, 60
1791650026.810616,23.81, 2184, 60
1791650027.810726,23.88, 2184, 60
1791650028.810859,23.92, 2184, 60
1791650029.811729,24.05, 2184, 60
1791650030.812322,24.08, 2184, 60
1791650031.813267,23.76, 2184, 60
1791650032.813516,24.10, 2184, 60
1791650033.813906,23.81, 2184, 60
1791650034.813964,23.76, 2184, 60
1791650035.814832,23.72, 2184, 60
1791650036.814932,23.95, 2184, 60
1791650037.815186,24.14, 2184, 60
1791650038.815311,24.45, 2184, 60
1791650039.815600,23.80, 2184, 60
1791650040.816471,23.78, 2184, 60
1791650041.816627,23.82, 2184, 60
1791650042.817802,23.77, 2184, 60
1791650043.817985,23.97, 2184, 60
1791650044.818115,24.66, 2184, 60
1791650045.818516,23.75, 2184, 60
1791650046.818576,23.77, 2184, 60
1791650047.818724,23.81, 2184, 60
1791650048.818924,23.80, 2184, 60
1791650049.819752,23.81, 2184, 60
1791650050.820345,24.20, 2184, 60
1791650051.820586,23.89, 2184, 60
1791650052.820842,23.93, 2184, 60
1791650053.821564,23.96, 2184, 60
1791650054.822335,23.92, 2184, 60
1791650055.822956,24.03, 2184, 60
1791650056.823765,23.97, 2184, 60
1791650057.824669,24.09, 2184, 60
1791650058.824815,24.03, 2184, 60
1791650059.825463,24.17, 2184, 60
1791650060.826258,24.15, 2184, 60
1791650061.827144,24.19, 2184, 60
1791650062.827854,24.20, 2184, 60
1791650063.828504,24.29, 2184, 60
1791650064.829269,23.85, 2184, 60
1791650065.830067,24.06, 2184, 60
1791650066.830855,24.23, 2184, 60
1791650067.831038,24.21, 2184, 60
1791650068.831279,24.25, 2184, 60
1791650069.832495,24.22, 2184, 60
1791650070.833432,24.10, 2184, 60
1791650071.834227,23.89, 2184, 60
1791650072.835007,24.07, 2184, 60
1791650073.835134,24.17, 2184, 60
1791650074.835972,24.15, 2184, 60
1791650075.836631,24.22, 2184, 60
1791650076.836643,24.29, 2184, 60
1791650077.837331,23.82, 2184, 60
1791650078.837400,22.98, 2184, 59
1791650079.838233,21.07, 2184, 59
1791650080.838947,20.38, 2184, 59
1791650081.838917,21.65, 2184, 60
1791650082.839809,21.57, 2184, 59
1791650083.840179,21.47, 2184, 60
1791650084.841003,21.09, 2184, 59
1791650085.841457,21.19, 2184, 58
1791650086.841286,23.53, 2184, 60
1791650087.841751,24.14, 2184, 60
1791650088.841940,24.18, 2184, 60
1791650089.842395,24.05, 2184, 60
1791650090.842476,23.84, 2184, 60
1791650091.842605,23.84, 2184, 60
1791650092.842933,23.86, 2184, 60
1791650093.843016,24.10, 2184, 60
1791650094.843120,24.08, 2184, 60
1791650095.843299,24.16, 2184, 60
1791650096.843811,24.14, 2184, 60
1791650097.843914,24.17, 2184, 60
1791650098.844381,24.19, 2184, 60
1791650099.844844,24.43, 2184, 60
1791650100.845039,23.95, 2184, 60
1791650101.845528,24.07, 2184, 60
1791650102.845727,24.15, 2184, 60
1791650103.845869,24.20, 2184, 60
1791650104.845967,23.96, 2184, 60
1791650105.846075,23.84, 2184, 60
1791650106.846235,23.85, 2184, 60
1791650107.846535,24.10, 2184, 60
1791650108.847141,24.14, 2184, 60
1791650109.847427,24.26, 2184, 60
1791650110.847661,24.22, 2184, 60
1791650111.847954,24.20, 2184, 60
1791650112.848181,24.17, 2184, 60
1791650113.848262,24.29, 2184, 60
1791650114.848740,23.83, 2184, 60
1791650115.849234,24.06, 2184, 60
1791650116.849699,24.18, 2184, 60
1791650117.850143,24.22, 2184, 60
1791650118.850239,24.35, 2184, 60
1791650119.850770,23.80, 2184, 60
1791650120.851007,23.86, 2184, 60
1791650121.851495,23.86, 2184, 60
1791650122.852130,24.02, 2184, 60
1791650123.852618,24.22, 2184, 60
1791650124.853101,23.90, 2184, 60
1791650125.853568,23.98, 2184, 60
1791650126.853897,23.94, 2184, 60
1791650127.854022,24.14, 2184, 60
1791650128.854253,23.85, 2184, 60
1791650129.854348,23.98, 2184, 60
1791650130.854498,24.35, 2184, 60
1791650131.855242,23.88, 2184, 60
1791650132.855818,23.87, 2184, 60
1791650133.855803,23.85, 2184, 60
1791650134.856105,23.91, 2184, 60
1791650135.856187,24.07, 2184, 60
1791650136.856626,24.00, 2184, 60
1791650137.857123,24.21, 2184, 60
1791650138.857568,24.28, 2184, 60
1791650139.857887,24.09, 2184, 60
1791650140.858336,23.93, 2184, 60
1791650141.858476,23.86, 2184, 60
1791650142.858834,23.88, 2184, 60
1791650143.859349,23.96, 2184, 60
1791650144.859449,24.09, 2184, 60
1791650145.859669,24.21, 2184, 60
1791650146.859980,24.28, 2184, 60
1791650147.860441,23.84, 2184, 60
1791650148.860921,23.87, 2184, 60
1791650149.861409,23.89, 2184, 60
1791650150.861752,23.90, 2184, 60
1791650151.861930,24.09, 2184, 60
1791650152.862442,24.10, 2184, 60
1791650153.862902,24.48, 2184, 60
1791650154.863128,23.96, 2184, 60
1791650155.863740,23.84, 2184, 60
1791650156.864190,23.82, 2184, 60
1791650157.864818,23.80, 2184, 60
1791650158.865008,23.99, 2184, 60
1791650159.865238,24.12, 2184, 60
1791650160.865718,24.13, 2184, 60
1791650161.866067,24.07, 2184, 60
1791650162.866732,23.77, 2184, 60
1791650163.866690,23.76, 2184, 60
1791650164.866814,23.81, 2184, 60
1791650165.867013,23.97, 2184, 60
1791650166.867300,24.16, 2184, 60
1791650167.867405,24.05, 2184, 60
1791650168.867633,23.77, 2184, 60
1791650169.867761,23.83, 2184, 60
1791650170.867936,23.86, 2184, 60
1791650171.868059,23.92, 2184, 60
1791650172.868159,24.17, 2184, 60
1791650173.868261,24.22, 2184, 60
1791650174.868378,24.39, 2184, 60
1791650175.868495,23.89, 2184, 60
1791650176.868692,23.85, 2184, 60
1791650177.869227,23.81, 2184, 60
1791650178.869352,24.09, 2184, 60
1791650179.869941,23.88, 2184, 60
1791650180.870276,24.11, 2184, 60
1791650181.870467,24.15, 2184, 60
1791650182.870728,24.15, 2184, 60
1791650183.870782,24.25, 2184, 60
1791650184.870871,23.79, 2184, 60
1791650185.870975,23.83, 2184, 60
1791650186.871433,23.96, 2184, 60
1791650187.871560,24.17, 2184, 60
1791650188.871774,24.82, 2184, 61
1791650189.872241,24.06, 2184, 60
1791650190.872429,23.81, 2184, 60
1791650191.872528,23.82, 2184, 60
1791650192.872791,23.81, 2184, 60
1791650193.872894,23.98, 2184, 60
1791650194.873360,24.18, 2184, 60
1791650195.873812,24.19, 2184, 60
1791650196.874277,24.06, 2184, 60
1791650197.874735,23.81, 2184, 60
1791650198.874835,23.84, 2184, 60
1791650199.875311,23.99, 2184, 60
1791650200.875401,23.86, 2184, 60
1791650201.875529,24.07, 2184, 60
1791650202.875999,24.17, 2184, 60
1791650203.876094,24.01, 2184, 60
1791650204.876746,23.82, 2184, 60
1791650205.877164,23.81, 2184, 60
1791650206.877237,23.82, 2184, 60
1791650207.877747,23.83, 2184, 60
1791650208.877951,23.97, 2184, 60
1791650209.878187,24.14, 2184, 60
1791650210.878615,23.81, 2184, 60
1791650211.879115,24.07, 2184, 60
1791650212.879537,23.77, 2184, 60
1791650213.880053,23.82, 2184, 60
1791650214.880147,23.82, 2184, 60
1791650215.880597,23.87, 2184, 60
1791650216.881051,24.14, 2184, 60
1791650217.881481,24.27, 2184, 60
1791650218.881932,24.10, 2184, 60
1791650219.882065,23.81, 2184, 60
1791650220.882639,23.85, 2184, 60
1791650221.883108,23.81, 2184, 60
1791650222.883488,23.97, 2184, 60
1791650223.883738,24.17, 2184, 60
1791650224.884175,24.69, 2177, 60
1791650225.884695,23.80, 2184, 60
1791650226.884929,23.86, 2184, 60
1791650227.885123,23.85, 2184, 60
1791650228.885233,23.84, 2184, 60
1791650229.885668,23.90, 2184, 60
1791650230.885815,24.12, 2184, 60
1791650231.886273,24.31, 2184, 60
1791650232.886761,23.96, 2184, 60
1791650233.887259,23.86, 2184, 60
1791650234.887555,23.93, 2184, 60
1791650235.888293,23.89, 2184, 60
1791650236.888704,23.97, 2184, 60
1791650237.888946,24.13, 2184, 60
1791650238.889160,24.05, 2184, 60
1791650239.889598,23.83, 2184, 60
1791650240.890087,23.86, 2184, 60
1791650241.890315,23.86, 2184, 60
1791650242.890546,23.82, 2184, 60
1791650243.891004,23.83, 2184, 60
1791650244.891452,24.20, 2184, 60
1791650245.891566,23.80, 2184, 60
1791650246.891997,23.83, 2184, 60
1791650247.891989,23.81, 2184, 60
1791650248.892454,23.84, 2184, 60
1791650249.892706,23.85, 2184, 60
1791650250.892829,23.89, 2184, 60
1791650251.893026,23.98, 2184, 60
1791650252.893557,23.91, 2184, 60
1791650253.893714,23.96, 2184, 60
1791650254.893815,23.93, 2184, 60
1791650255.894051,23.96, 2184, 60
1791650256.894247,24.02, 2184, 60
1791650257.894704,23.97, 2184, 60
1791650258.895171,24.33, 2177, 61
1791650259.895607,28.32, 2177, 61
1791650260.895702,28.06, 2177, 61
1791650261.896012,28.00, 2177, 61
1791650262.896512,28.04, 2177, 61
1791650263.896979,27.97, 2177, 61
1791650264.897115,27.91, 2177, 61
1791650265.897265,27.98, 2177, 61
1791650266.897344,28.11, 2177, 61
1791650267.897560,28.22, 2177, 61
1791650268.897775,28.05, 2177, 61
1791650269.897968,27.82, 2184, 61
1791650270.898111,28.11, 2177, 61
1791650271.898413,27.84, 2177, 61
1791650272.898527,27.94, 2177, 61
1791650273.899005,28.11, 2184, 61
1791650274.899150,28.12, 2177, 61
1791650275.899623,28.24, 2177, 61
1791650276.899842,28.26, 2177, 61
1791650277.900030,27.73, 2177, 62
1791650278.900539,28.17, 2177, 62
1791650279.900978,28.06, 2184, 62
1791650280.901056,28.27, 2177, 62
1791650281.901230,28.21, 2177, 62
1791650282.901452,28.18, 2177, 62
1791650283.901622,28.12, 2177, 62
1791650284.901964,28.26, 2177, 62
1791650285.902424,28.14, 2177, 62
1791650286.902990,28.11, 2177, 62
1791650287.903441,28.21, 2177, 62
1791650288.903631,28.07, 2177, 62
1791650289.904091,28.14, 2177, 62
1791650290.904225,28.02, 2177, 62
1791650291.904421,28.29, 2177, 62
1791650292.905017,28.16, 2177, 62
1791650293.905307,28.12, 2184, 62
1791650294.905771,27.75, 2177, 62
1791650295.905882,28.41, 2177, 62
1791650296.906386,28.25, 2177, 62
1791650297.906853,28.15, 2184, 62
1791650298.906971,28.19, 2177, 62
1791650299.907436,28.25, 2177, 62
1791650300.907929,28.13, 2177, 62
1791650301.908195,28.58, 2177, 62
1791650302.908569,28.33, 2177, 62
1791650303.908776,28.31, 2177, 62
1791650304.909467,27.75, 2177, 62
1791650305.909895,28.12, 2177, 62
1791650306.910387,28.19, 2177, 62
1791650307.910862,28.21, 2177, 62
1791650308.910957,28.23, 2184, 62
1791650309.911413,28.22, 2177, 62
1791650310.911850,28.30, 2177, 62
1791650311.911994,28.28, 2177, 62
1791650312.912482,28.11, 2184, 62
1791650313.912950,28.17, 2177, 62
1791650314.913157,28.12, 2177, 62
1791650315.913618,28.24, 2177, 62
1791650316.913982,28.70, 2184, 62
1791650317.914630,27.45, 2184, 62
1791650318.915042,27.38, 2184, 62
1791650319.915158,27.40, 2184, 62
1791650320.915347,27.41, 2184, 62
1791650321.915823,27.08, 2184, 62
1791650322.916038,26.99, 2184, 62
1791650323.916524,26.88, 2184, 62
1791650324.917005,26.31, 2184, 62
1791650325.917452,26.34, 2184, 62
1791650326.918157,25.54, 2177, 62
1791650327.918621,28.42, 2177, 62
1791650328.919464,28.27, 2177, 62
1791650329.919558,28.19, 2177, 62
1791650330.920045,28.21, 2177, 62
1791650331.920620,28.26, 2177, 62
1791650332.920855,28.41, 2177, 63
1791650333.921037,28.24, 2184, 62
1791650334.921606,28.18, 2177, 62
1791650335.921711,28.39, 2177, 62
1791650336.922152,28.20, 2177, 62
1791650337.922627,28.21, 2177, 62
1791650338.923110,28.24, 2177, 63
1791650339.923645,27.97, 2184, 62
1791650340.924091,28.14, 2177, 62
1791650341.924586,28.25, 2177, 62
1791650342.924749,28.23, 2177, 62
1791650343.925057,28.21, 2177, 62
1791650344.925766,28.32, 2177, 63
1791650345.925897,28.25, 2177, 62
1791650346.926105,28.14, 2184, 62
1791650347.926519,28.20, 2177, 62
1791650348.926905,28.13, 2177, 62
1791650349.927355,28.13, 2177, 63
1791650350.927573,28.17, 2177, 63
1791650351.927882,28.25, 2177, 63
1791650352.928271,28.39, 2177, 63
1791650353.928711,28.24, 2177, 63
1791650354.929184,28.23, 2177, 62
1791650355.929434,28.22, 2177, 62
1791650356.929709,28.20, 2177, 63
1791650357.929880,28.23, 2177, 63
1791650358.930081,28.14, 2177, 63
1791650359.930568,28.36, 2177, 63
1791650360.930672,28.08, 2177, 63
1791650361.930819,28.32, 2177, 63
1791650362.930937,28.27, 2177, 63
1791650363.931141,28.05, 2177, 63
1791650364.931363,28.23, 2177, 63
1791650365.931834,28.39, 2177, 63
1791650366.932005,28.45, 2177, 63
1791650367.932493,28.71, 2177, 63
1791650368.932583,28.62, 2177, 63
1791650369.933085,28.43, 2177, 63
1791650370.933183,28.65, 2177, 63
1791650371.933241,27.89, 2177, 63
1791650372.933450,28.30, 2177, 63
1791650373.933636,28.33, 2177, 63
1791650374.933866,28.48, 2177, 63
1791650375.933967,28.43, 2177, 63
1791650376.934176,28.38, 2177, 63
1791650377.934285,28.23, 2177, 63
1791650378.934488,28.17, 2177, 63
1791650379.934640,28.46, 2177, 63
1791650380.934748,29.08, 2177, 63
1791650381.934942,29.10, 2177, 63
1791650382.935238,29.04, 2177, 63
1791650383.935703,29.05, 2177, 63
1791650384.935964,29.00, 2177, 63
1791650385.936451,28.61, 2177, 63
1791650386.936909,27.34, 2177, 63
1791650387.937425,26.18, 2184, 63
1791650388.937639,24.82, 2184, 62
1791650389.937943,23.70, 2184, 62
1791650390.938155,23.38, 2184, 61
1791650391.938356,24.10, 2184, 62
1791650392.938554,23.31, 2184, 62
1791650393.939048,24.38, 2177, 62
1791650394.939490,28.57, 2184, 62
1791650395.939966,28.44, 2177, 63
1791650396.940077,28.29, 2177, 62
1791650397.940559,28.40, 2177, 63
1791650398.940637,28.30, 2177, 63
1791650399.940933,28.32, 2177, 63
1791650400.941092,28.32, 2177, 63
1791650401.941678,28.29, 2177, 63
1791650402.942133,28.37, 2177, 63
1791650403.942210,28.29, 2177, 63
1791650404.942679,28.28, 2177, 63
1791650405.942759,28.17, 2184, 63
1791650406.942983,28.28, 2177, 63
1791650407.943434,28.19, 2177, 63
1791650408.943646,28.35, 2177, 63
1791650409.944108,28.63, 2177, 63
1791650410.944754,28.34, 2177, 63
1791650411.945069,28.34, 2177, 63
1791650412.945551,27.95, 2177, 63
1791650413.945659,28.31, 2177, 63
1791650414.946136,28.38, 2177, 63
1791650415.946231,28.37, 2177, 63
1791650416.946689,28.32, 2177, 63
1791650417.946879,28.49, 2177, 63
1791650418.947082,28.32, 2184, 63
1791650419.947303,28.33, 2177, 63
1791650420.948473,28.30, 2177, 63
1791650421.948223,28.38, 2177, 63
1791650422.948343,28.32, 2177, 63
1791650423.948813,28.53, 2184, 63
1791650424.949240,28.04, 2177, 63
1791650425.949713,28.34, 2177, 63
1791650426.950185,28.50, 2177, 63
1791650427.950285,28.37, 2177, 63
1791650428.950738,28.32, 2177, 63
1791650429.951199,28.48, 2177, 63
1791650430.951625,28.41, 2177, 63
1791650431.951975,28.55, 2177, 63
1791650432.952413,28.64, 2177, 63
1791650433.952877,28.44, 2177, 63
1791650434.953346,28.36, 2177, 63
1791650435.953784,28.02, 2177, 63
1791650436.954246,28.32, 2177, 63
1791650437.954343,28.40, 2177, 63
1791650438.954444,28.21, 2177, 63
1791650439.954631,28.53, 2177, 63
1791650440.955105,28.47, 2177, 63
1791650441.955209,28.40, 2177, 63
1791650442.955433,28.32, 2177, 63
1791650443.955909,28.14, 2177, 63
1791650444.956168,28.37, 2177, 63
1791650445.956645,29.05, 2177, 63
1791650446.956907,28.69, 2177, 63
1791650447.957149,28.61, 2177, 63
1791650448.957341,28.19, 2177, 63
1791650449.957429,27.58, 2177, 63
1791650450.957915,27.56, 2177, 63
1791650451.958032,27.41, 2177, 63
1791650452.958131,26.89, 2177, 63
1791650453.958425,26.45, 2177, 63
1791650454.958631,26.54, 2177, 63
1791650455.958866,25.59, 2177, 63
